<?xml version="1.0" encoding="UTF-8"?>
<kml xmlns="http://www.opengis.net/kml/2.2" xmlns:gx="http://www.google.com/kml/ext/2.2" xmlns:kml="http://www.opengis.net/kml/2.2" xmlns:atom="http://www.w3.org/2005/Atom">
<Document id="root_doc">
	<name>ARA - Fire Spotting BVLOS Area</name>
	<open>1</open>
	<atom:link rel="app" href="https://www.google.com/earth/about/versions/#earth-pro" title="Google Earth Pro 7.3.6.10201"></atom:link><gx:CascadingStyle kml:id="__managed_style_0BA65714922915274679">
		<Style>
			<IconStyle>
				<scale>1.2</scale>
				<Icon>
					<href>https://earth.google.com/earth/rpc/cc/icon?color=1976d2<![CDATA[&]]>id=2000<![CDATA[&]]>scale=4</href>
				</Icon>
				<hotSpot x="64" y="128" xunits="pixels" yunits="insetPixels"></hotSpot>
			</IconStyle>
			<LabelStyle>
			</LabelStyle>
			<LineStyle>
				<color>ff2dc0fb</color>
				<width>6</width>
			</LineStyle>
			<PolyStyle>
				<color>40ffffff</color>
			</PolyStyle>
			<BalloonStyle>
				<displayMode>hide</displayMode>
			</BalloonStyle>
		</Style>
	</gx:CascadingStyle><gx:CascadingStyle kml:id="__managed_style_1DF1BE9A402915274678">
		<Style>
			<IconStyle>
				<Icon>
					<href>https://earth.google.com/earth/rpc/cc/icon?color=1976d2<![CDATA[&]]>id=2000<![CDATA[&]]>scale=4</href>
				</Icon>
				<hotSpot x="64" y="128" xunits="pixels" yunits="insetPixels"></hotSpot>
			</IconStyle>
			<LabelStyle>
			</LabelStyle>
			<LineStyle>
				<color>ff2dc0fb</color>
				<width>4</width>
			</LineStyle>
			<PolyStyle>
				<color>40ffffff</color>
			</PolyStyle>
			<BalloonStyle>
				<displayMode>hide</displayMode>
			</BalloonStyle>
		</Style>
	</gx:CascadingStyle><gx:CascadingStyle kml:id="__managed_style_1423C0A0D8291528DCAA">
		<Style>
			<IconStyle>
				<Icon>
					<href>https://maps.google.com/mapfiles/kml/pushpin/ylw-pushpin.png</href>
				</Icon>
			</IconStyle>
			<LabelStyle>
			</LabelStyle>
			<LineStyle>
				<color>ff262829</color>
			</LineStyle>
			<PolyStyle>
				<color>40ffffff</color>
			</PolyStyle>
			<BalloonStyle>
			</BalloonStyle>
		</Style>
	</gx:CascadingStyle><gx:CascadingStyle kml:id="__managed_style_243493C6022915292844">
		<Style>
			<IconStyle>
				<scale>1.2</scale>
				<Icon>
					<href>https://maps.google.com/mapfiles/kml/pushpin/ylw-pushpin.png</href>
				</Icon>
			</IconStyle>
			<LabelStyle>
			</LabelStyle>
			<LineStyle>
				<color>ff0000ff</color>
				<width>1.5</width>
			</LineStyle>
			<PolyStyle>
				<color>40ffffff</color>
			</PolyStyle>
			<BalloonStyle>
			</BalloonStyle>
		</Style>
	</gx:CascadingStyle><gx:CascadingStyle kml:id="__managed_style_2DE581DE4A291528DCAA">
		<Style>
			<IconStyle>
				<scale>1.2</scale>
				<Icon>
					<href>https://maps.google.com/mapfiles/kml/pushpin/ylw-pushpin.png</href>
				</Icon>
			</IconStyle>
			<LabelStyle>
			</LabelStyle>
			<LineStyle>
				<color>ff262829</color>
				<width>1.5</width>
			</LineStyle>
			<PolyStyle>
				<color>40ffffff</color>
			</PolyStyle>
			<BalloonStyle>
			</BalloonStyle>
		</Style>
	</gx:CascadingStyle><gx:CascadingStyle kml:id="__managed_style_11564F858C2915292844">
		<Style>
			<IconStyle>
				<Icon>
					<href>https://maps.google.com/mapfiles/kml/pushpin/ylw-pushpin.png</href>
				</Icon>
			</IconStyle>
			<LabelStyle>
			</LabelStyle>
			<LineStyle>
				<color>ff0000ff</color>
			</LineStyle>
			<PolyStyle>
				<color>40ffffff</color>
			</PolyStyle>
			<BalloonStyle>
			</BalloonStyle>
		</Style>
	</gx:CascadingStyle>
	<Style id="sn_ylw-pushpin116">
		<IconStyle>
			<scale>1.1</scale>
			<Icon>
				<href>http://maps.google.com/mapfiles/kml/pushpin/ylw-pushpin.png</href>
			</Icon>
			<hotSpot x="20" y="2" xunits="pixels" yunits="pixels"/>
		</IconStyle>
		<LineStyle>
			<color>ff0000ff</color>
			<width>1.5</width>
		</LineStyle>
		<PolyStyle>
			<color>000000ff</color>
		</PolyStyle>
	</Style>
	<Style id="167">
		<LineStyle id="168">
			<color>ff00ffff</color>
		</LineStyle>
		<PolyStyle id="169">
			<color>4000ffff</color>
		</PolyStyle>
	</Style>
	<Style id="sh_ylw-pushpin19">
		<IconStyle>
			<scale>1.3</scale>
			<Icon>
				<href>http://maps.google.com/mapfiles/kml/pushpin/ylw-pushpin.png</href>
			</Icon>
			<hotSpot x="20" y="2" xunits="pixels" yunits="pixels"/>
		</IconStyle>
		<PolyStyle>
			<color>80ffffff</color>
		</PolyStyle>
	</Style>
	<StyleMap id="msn_ylw-pushpin183">
		<Pair>
			<key>normal</key>
			<styleUrl>#sn_ylw-pushpin116</styleUrl>
		</Pair>
		<Pair>
			<key>highlight</key>
			<styleUrl>#sh_ylw-pushpin1530</styleUrl>
		</Pair>
	</StyleMap>
	<Style id="440">
		<LineStyle id="441">
			<color>ff0050ff</color>
		</LineStyle>
		<PolyStyle id="442">
			<color>400050ff</color>
		</PolyStyle>
	</Style>
	<Style id="454">
		<LineStyle id="455">
			<color>ff0000ff</color>
		</LineStyle>
		<PolyStyle id="456">
			<color>00000000</color>
		</PolyStyle>
	</Style>
	<StyleMap id="msn_ylw-pushpin43">
		<Pair>
			<key>normal</key>
			<styleUrl>#sn_ylw-pushpin280</styleUrl>
		</Pair>
		<Pair>
			<key>highlight</key>
			<styleUrl>#sh_ylw-pushpin402</styleUrl>
		</Pair>
	</StyleMap>
	<Style id="489">
		<LineStyle id="490">
			<color>ff0000ff</color>
		</LineStyle>
		<PolyStyle id="491">
			<color>00000000</color>
		</PolyStyle>
	</Style>
	<Style id="265">
		<LineStyle id="266">
			<color>ff0050ff</color>
		</LineStyle>
		<PolyStyle id="267">
			<color>400050ff</color>
		</PolyStyle>
	</Style>
	<Style id="552">
		<LineStyle id="553">
			<color>ff00ffff</color>
		</LineStyle>
		<PolyStyle id="554">
			<color>00000000</color>
		</PolyStyle>
	</Style>
	<Style id="sn_ylw-pushpin280">
		<IconStyle>
			<scale>1.1</scale>
			<Icon>
				<href>http://maps.google.com/mapfiles/kml/pushpin/ylw-pushpin.png</href>
			</Icon>
			<hotSpot x="20" y="2" xunits="pixels" yunits="pixels"/>
		</IconStyle>
		<LineStyle>
			<color>ffffff20</color>
		</LineStyle>
		<PolyStyle>
			<color>40ff0000</color>
		</PolyStyle>
	</Style>
	<Style id="258">
		<LineStyle id="259">
			<color>ff0050ff</color>
		</LineStyle>
		<PolyStyle id="260">
			<color>400050ff</color>
		</PolyStyle>
	</Style>
	<StyleMap id="msn_ylw-pushpin44">
		<Pair>
			<key>normal</key>
			<styleUrl>#sn_ylw-pushpin28</styleUrl>
		</Pair>
		<Pair>
			<key>highlight</key>
			<styleUrl>#sh_ylw-pushpin19</styleUrl>
		</Pair>
	</StyleMap>
	<Style id="538">
		<LineStyle id="539">
			<color>ff0050ff</color>
		</LineStyle>
		<PolyStyle id="540">
			<color>400050ff</color>
		</PolyStyle>
	</Style>
	<Style id="475">
		<LineStyle id="476">
			<color>ff0050ff</color>
		</LineStyle>
		<PolyStyle id="477">
			<color>400050ff</color>
		</PolyStyle>
	</Style>
	<Style id="sn_ylw-pushpin46">
		<IconStyle>
			<scale>1.1</scale>
			<Icon>
				<href>http://maps.google.com/mapfiles/kml/pushpin/ylw-pushpin.png</href>
			</Icon>
			<hotSpot x="20" y="2" xunits="pixels" yunits="pixels"/>
		</IconStyle>
		<LineStyle>
			<color>ffffff20</color>
			<width>1.5</width>
		</LineStyle>
		<PolyStyle>
			<color>59e6fc00</color>
			<outline>0</outline>
		</PolyStyle>
	</Style>
	<Style id="174">
		<LineStyle id="175">
			<color>ff00ffff</color>
		</LineStyle>
		<PolyStyle id="176">
			<color>4000ffff</color>
		</PolyStyle>
	</Style>
	<Style id="405">
		<LineStyle id="406">
			<color>ff0050ff</color>
		</LineStyle>
		<PolyStyle id="407">
			<color>400050ff</color>
		</PolyStyle>
	</Style>
	<Style id="202">
		<LineStyle id="203">
			<color>ff00ffff</color>
		</LineStyle>
		<PolyStyle id="204">
			<color>4000ffff</color>
		</PolyStyle>
	</Style>
	<Style id="s_ylw-pushpin">
		<IconStyle>
			<scale>1.1</scale>
			<Icon>
				<href>http://maps.google.com/mapfiles/kml/pushpin/ylw-pushpin.png</href>
			</Icon>
			<hotSpot x="20" y="2" xunits="pixels" yunits="pixels"/>
		</IconStyle>
	</Style>
	<Style id="146">
		<LineStyle id="147">
			<color>ff00ffff</color>
		</LineStyle>
		<PolyStyle id="148">
			<color>4000ffff</color>
		</PolyStyle>
	</Style>
	<Style id="153">
		<LineStyle id="154">
			<color>ff00ffff</color>
		</LineStyle>
		<PolyStyle id="155">
			<color>4000ffff</color>
		</PolyStyle>
	</Style>
	<Style id="300">
		<LineStyle id="301">
			<color>ff0050ff</color>
		</LineStyle>
		<PolyStyle id="302">
			<color>400050ff</color>
		</PolyStyle>
	</Style>
	<StyleMap id="msn_ylw-pushpin19">
		<Pair>
			<key>normal</key>
			<styleUrl>#sn_ylw-pushpin43</styleUrl>
		</Pair>
		<Pair>
			<key>highlight</key>
			<styleUrl>#sh_ylw-pushpin133</styleUrl>
		</Pair>
	</StyleMap>
	<Style id="244">
		<LineStyle id="245">
			<color>ff0000ff</color>
		</LineStyle>
		<PolyStyle id="246">
			<color>00000000</color>
		</PolyStyle>
	</Style>
	<Style id="272">
		<LineStyle id="273">
			<color>ff00ffff</color>
		</LineStyle>
		<PolyStyle id="274">
			<color>00000000</color>
		</PolyStyle>
	</Style>
	<Style id="230">
		<LineStyle id="231">
			<color>ff0050ff</color>
		</LineStyle>
		<PolyStyle id="232">
			<color>400050ff</color>
		</PolyStyle>
	</Style>
	<Style id="125">
		<LineStyle id="126">
			<color>ff00ffff</color>
		</LineStyle>
		<PolyStyle id="127">
			<color>4000ffff</color>
		</PolyStyle>
	</Style>
	<Style id="223">
		<LineStyle id="224">
			<color>ff0050ff</color>
		</LineStyle>
		<PolyStyle id="225">
			<color>400050ff</color>
		</PolyStyle>
	</Style>
	<Style id="335">
		<LineStyle id="336">
			<color>ff0050ff</color>
		</LineStyle>
		<PolyStyle id="337">
			<color>400050ff</color>
		</PolyStyle>
	</Style>
	<Style id="sh_ylw-pushpin144">
		<IconStyle>
			<scale>1.3</scale>
			<Icon>
				<href>http://maps.google.com/mapfiles/kml/pushpin/ylw-pushpin.png</href>
			</Icon>
			<hotSpot x="20" y="2" xunits="pixels" yunits="pixels"/>
		</IconStyle>
		<LineStyle>
			<color>ff800080</color>
		</LineStyle>
		<PolyStyle>
			<color>59800080</color>
			<outline>0</outline>
		</PolyStyle>
	</Style>
	<Style id="328">
		<LineStyle id="329">
			<color>ff0050ff</color>
		</LineStyle>
		<PolyStyle id="330">
			<color>400050ff</color>
		</PolyStyle>
	</Style>
	<Style id="363">
		<LineStyle id="364">
			<color>ff0050ff</color>
		</LineStyle>
		<PolyStyle id="365">
			<color>400050ff</color>
		</PolyStyle>
	</Style>
	<Style id="496">
		<LineStyle id="497">
			<color>ff00ff00</color>
		</LineStyle>
		<PolyStyle id="498">
			<color>00000000</color>
		</PolyStyle>
	</Style>
	<Style id="468">
		<LineStyle id="469">
			<color>ff0050ff</color>
		</LineStyle>
		<PolyStyle id="470">
			<color>400050ff</color>
		</PolyStyle>
	</Style>
	<Style id="sh_ylw-pushpin2001">
		<IconStyle>
			<scale>1.3</scale>
			<Icon>
				<href>http://maps.google.com/mapfiles/kml/pushpin/ylw-pushpin.png</href>
			</Icon>
			<hotSpot x="20" y="2" xunits="pixels" yunits="pixels"/>
		</IconStyle>
		<LineStyle>
			<color>ffff02fc</color>
			<width>1.5</width>
		</LineStyle>
		<PolyStyle>
			<color>40ff02fc</color>
		</PolyStyle>
	</Style>
	<Style id="sh_ylw-pushpin402">
		<IconStyle>
			<scale>1.3</scale>
			<Icon>
				<href>http://maps.google.com/mapfiles/kml/pushpin/ylw-pushpin.png</href>
			</Icon>
			<hotSpot x="20" y="2" xunits="pixels" yunits="pixels"/>
		</IconStyle>
		<LineStyle>
			<color>ffffff20</color>
		</LineStyle>
		<PolyStyle>
			<color>40ff0000</color>
		</PolyStyle>
	</Style>
	<Style id="349">
		<LineStyle id="350">
			<color>ff0000ff</color>
		</LineStyle>
		<PolyStyle id="351">
			<color>00000000</color>
		</PolyStyle>
	</Style>
	<Style id="398">
		<LineStyle id="399">
			<color>ff0050ff</color>
		</LineStyle>
		<PolyStyle id="400">
			<color>400050ff</color>
		</PolyStyle>
	</Style>
	<Style id="sn_ylw-pushpin291">
		<IconStyle>
			<scale>1.1</scale>
			<Icon>
				<href>http://maps.google.com/mapfiles/kml/pushpin/ylw-pushpin.png</href>
			</Icon>
			<hotSpot x="20" y="2" xunits="pixels" yunits="pixels"/>
		</IconStyle>
		<LineStyle>
			<color>ff800080</color>
		</LineStyle>
		<PolyStyle>
			<color>59800080</color>
			<outline>0</outline>
		</PolyStyle>
	</Style>
	<Style id="286">
		<LineStyle id="287">
			<color>ff00ff00</color>
		</LineStyle>
		<PolyStyle id="288">
			<color>00000000</color>
		</PolyStyle>
	</Style>
	<Style id="sh_ylw-pushpin192">
		<IconStyle>
			<scale>1.3</scale>
			<Icon>
				<href>http://maps.google.com/mapfiles/kml/pushpin/ylw-pushpin.png</href>
			</Icon>
			<hotSpot x="20" y="2" xunits="pixels" yunits="pixels"/>
		</IconStyle>
		<LineStyle>
			<color>ffffff20</color>
			<width>1.5</width>
		</LineStyle>
		<PolyStyle>
			<color>59e6fc00</color>
			<outline>0</outline>
		</PolyStyle>
	</Style>
	<Style id="97">
		<LineStyle id="98">
			<color>ff00ffff</color>
		</LineStyle>
		<PolyStyle id="99">
			<color>4000ffff</color>
		</PolyStyle>
	</Style>
	<Style id="216">
		<LineStyle id="217">
			<color>ff00ffff</color>
		</LineStyle>
		<PolyStyle id="218">
			<color>4000ffff</color>
		</PolyStyle>
	</Style>
	<StyleMap id="msn_ylw-pushpin720">
		<Pair>
			<key>normal</key>
			<styleUrl>#sn_ylw-pushpin214</styleUrl>
		</Pair>
		<Pair>
			<key>highlight</key>
			<styleUrl>#sh_ylw-pushpin126</styleUrl>
		</Pair>
	</StyleMap>
	<Style id="321">
		<LineStyle id="322">
			<color>ff00ff00</color>
		</LineStyle>
		<PolyStyle id="323">
			<color>00000000</color>
		</PolyStyle>
	</Style>
	<Style id="314">
		<LineStyle id="315">
			<color>ff0000ff</color>
		</LineStyle>
		<PolyStyle id="316">
			<color>00000000</color>
		</PolyStyle>
	</Style>
	<Style id="181">
		<LineStyle id="182">
			<color>ff00ffff</color>
		</LineStyle>
		<PolyStyle id="183">
			<color>4000ffff</color>
		</PolyStyle>
	</Style>
	<Style id="377">
		<LineStyle id="378">
			<color>ff00ffff</color>
		</LineStyle>
		<PolyStyle id="379">
			<color>00000000</color>
		</PolyStyle>
	</Style>
	<StyleMap id="msn_ylw-pushpin281">
		<Pair>
			<key>normal</key>
			<styleUrl>#sn_ylw-pushpin1620</styleUrl>
		</Pair>
		<Pair>
			<key>highlight</key>
			<styleUrl>#sh_ylw-pushpin2001</styleUrl>
		</Pair>
	</StyleMap>
	<Style id="566">
		<LineStyle id="567">
			<color>ff00ff00</color>
		</LineStyle>
		<PolyStyle id="568">
			<color>00000000</color>
		</PolyStyle>
	</Style>
	<Style id="sh_ylw-pushpin133">
		<IconStyle>
			<scale>1.3</scale>
			<Icon>
				<href>http://maps.google.com/mapfiles/kml/pushpin/ylw-pushpin.png</href>
			</Icon>
			<hotSpot x="20" y="2" xunits="pixels" yunits="pixels"/>
		</IconStyle>
		<LineStyle>
			<color>ff00ffff</color>
			<width>1.5</width>
		</LineStyle>
		<PolyStyle>
			<color>0000ffff</color>
		</PolyStyle>
	</Style>
	<Style id="s_ylw-pushpin0">
		<IconStyle>
			<scale>1.1</scale>
			<Icon>
				<href>http://maps.google.com/mapfiles/kml/pushpin/ylw-pushpin.png</href>
			</Icon>
			<hotSpot x="20" y="2" xunits="pixels" yunits="pixels"/>
		</IconStyle>
	</Style>
	<Style id="307">
		<LineStyle id="308">
			<color>ff00ffff</color>
		</LineStyle>
		<PolyStyle id="309">
			<color>00000000</color>
		</PolyStyle>
	</Style>
	<Style id="sn_ylw-pushpin28">
		<IconStyle>
			<scale>1.1</scale>
			<Icon>
				<href>http://maps.google.com/mapfiles/kml/pushpin/ylw-pushpin.png</href>
			</Icon>
			<hotSpot x="20" y="2" xunits="pixels" yunits="pixels"/>
		</IconStyle>
		<PolyStyle>
			<color>80ffffff</color>
		</PolyStyle>
	</Style>
	<StyleMap id="__managed_style_0E1B03FF872915274678">
		<Pair>
			<key>normal</key>
			<styleUrl>#__managed_style_1DF1BE9A402915274678</styleUrl>
		</Pair>
		<Pair>
			<key>highlight</key>
			<styleUrl>#__managed_style_0BA65714922915274679</styleUrl>
		</Pair>
	</StyleMap>
	<Style id="s_ylw-pushpin_hl">
		<IconStyle>
			<scale>1.3</scale>
			<Icon>
				<href>http://maps.google.com/mapfiles/kml/pushpin/ylw-pushpin.png</href>
			</Icon>
			<hotSpot x="20" y="2" xunits="pixels" yunits="pixels"/>
		</IconStyle>
	</Style>
	<Style id="s_ylw-pushpin_hl0">
		<IconStyle>
			<scale>1.3</scale>
			<Icon>
				<href>http://maps.google.com/mapfiles/kml/pushpin/ylw-pushpin.png</href>
			</Icon>
			<hotSpot x="20" y="2" xunits="pixels" yunits="pixels"/>
		</IconStyle>
	</Style>
	<Style id="412">
		<LineStyle id="413">
			<color>ff00ffff</color>
		</LineStyle>
		<PolyStyle id="414">
			<color>00000000</color>
		</PolyStyle>
	</Style>
	<Style id="sn_ylw-pushpin214">
		<IconStyle>
			<scale>1.1</scale>
			<Icon>
				<href>http://maps.google.com/mapfiles/kml/pushpin/ylw-pushpin.png</href>
			</Icon>
			<hotSpot x="20" y="2" xunits="pixels" yunits="pixels"/>
		</IconStyle>
		<LineStyle>
			<color>ff06ff21</color>
			<width>1.5</width>
		</LineStyle>
		<PolyStyle>
			<color>0006ff21</color>
		</PolyStyle>
	</Style>
	<Style id="118">
		<LineStyle id="119">
			<color>ff00ffff</color>
		</LineStyle>
		<PolyStyle id="120">
			<color>4000ffff</color>
		</PolyStyle>
	</Style>
	<Style id="531">
		<LineStyle id="532">
			<color>ff00ff00</color>
		</LineStyle>
		<PolyStyle id="533">
			<color>00000000</color>
		</PolyStyle>
	</Style>
	<Style id="391">
		<LineStyle id="392">
			<color>ff00ff00</color>
		</LineStyle>
		<PolyStyle id="393">
			<color>00000000</color>
		</PolyStyle>
	</Style>
	<Style id="293">
		<LineStyle id="294">
			<color>ff0050ff</color>
		</LineStyle>
		<PolyStyle id="295">
			<color>400050ff</color>
		</PolyStyle>
	</Style>
	<Style id="251">
		<LineStyle id="252">
			<color>ff00ff00</color>
		</LineStyle>
		<PolyStyle id="253">
			<color>00000000</color>
		</PolyStyle>
	</Style>
	<Style id="433">
		<LineStyle id="434">
			<color>ff0050ff</color>
		</LineStyle>
		<PolyStyle id="435">
			<color>400050ff</color>
		</PolyStyle>
	</Style>
	<Style id="sh_ylw-pushpin126">
		<IconStyle>
			<scale>1.3</scale>
			<Icon>
				<href>http://maps.google.com/mapfiles/kml/pushpin/ylw-pushpin.png</href>
			</Icon>
			<hotSpot x="20" y="2" xunits="pixels" yunits="pixels"/>
		</IconStyle>
		<LineStyle>
			<color>ff06ff21</color>
			<width>1.5</width>
		</LineStyle>
		<PolyStyle>
			<color>0006ff21</color>
		</PolyStyle>
	</Style>
	<Style id="sh_ylw-pushpin1530">
		<IconStyle>
			<scale>1.3</scale>
			<Icon>
				<href>http://maps.google.com/mapfiles/kml/pushpin/ylw-pushpin.png</href>
			</Icon>
			<hotSpot x="20" y="2" xunits="pixels" yunits="pixels"/>
		</IconStyle>
		<LineStyle>
			<color>ff0000ff</color>
			<width>1.5</width>
		</LineStyle>
		<PolyStyle>
			<color>000000ff</color>
		</PolyStyle>
	</Style>
	<StyleMap id="msn_ylw-pushpin603">
		<Pair>
			<key>normal</key>
			<styleUrl>#sn_ylw-pushpin46</styleUrl>
		</Pair>
		<Pair>
			<key>highlight</key>
			<styleUrl>#sh_ylw-pushpin192</styleUrl>
		</Pair>
	</StyleMap>
	<StyleMap id="msn_ylw-pushpin231">
		<Pair>
			<key>normal</key>
			<styleUrl>#sn_ylw-pushpin291</styleUrl>
		</Pair>
		<Pair>
			<key>highlight</key>
			<styleUrl>#sh_ylw-pushpin144</styleUrl>
		</Pair>
	</StyleMap>
	<Style id="384">
		<LineStyle id="385">
			<color>ff0000ff</color>
		</LineStyle>
		<PolyStyle id="386">
			<color>00000000</color>
		</PolyStyle>
	</Style>
	<Style id="419">
		<LineStyle id="420">
			<color>ff0000ff</color>
		</LineStyle>
		<PolyStyle id="421">
			<color>00000000</color>
		</PolyStyle>
	</Style>
	<Style id="482">
		<LineStyle id="483">
			<color>ff00ffff</color>
		</LineStyle>
		<PolyStyle id="484">
			<color>00000000</color>
		</PolyStyle>
	</Style>
	<StyleMap id="m_ylw-pushpin0">
		<Pair>
			<key>normal</key>
			<styleUrl>#s_ylw-pushpin0</styleUrl>
		</Pair>
		<Pair>
			<key>highlight</key>
			<styleUrl>#s_ylw-pushpin_hl0</styleUrl>
		</Pair>
	</StyleMap>
	<Style id="461">
		<LineStyle id="462">
			<color>ff00ff00</color>
		</LineStyle>
		<PolyStyle id="463">
			<color>00000000</color>
		</PolyStyle>
	</Style>
	<Style id="160">
		<LineStyle id="161">
			<color>ff00ffff</color>
		</LineStyle>
		<PolyStyle id="162">
			<color>4000ffff</color>
		</PolyStyle>
	</Style>
	<Style id="sn_ylw-pushpin1620">
		<IconStyle>
			<scale>1.1</scale>
			<Icon>
				<href>http://maps.google.com/mapfiles/kml/pushpin/ylw-pushpin.png</href>
			</Icon>
			<hotSpot x="20" y="2" xunits="pixels" yunits="pixels"/>
		</IconStyle>
		<LineStyle>
			<color>ffff02fc</color>
			<width>1.5</width>
		</LineStyle>
		<PolyStyle>
			<color>40ff02fc</color>
		</PolyStyle>
	</Style>
	<Style id="279">
		<LineStyle id="280">
			<color>ff0000ff</color>
		</LineStyle>
		<PolyStyle id="281">
			<color>00000000</color>
		</PolyStyle>
	</Style>
	<Style id="sn_ylw-pushpin43">
		<IconStyle>
			<scale>1.1</scale>
			<Icon>
				<href>http://maps.google.com/mapfiles/kml/pushpin/ylw-pushpin.png</href>
			</Icon>
			<hotSpot x="20" y="2" xunits="pixels" yunits="pixels"/>
		</IconStyle>
		<LineStyle>
			<color>ff00ffff</color>
			<width>1.5</width>
		</LineStyle>
		<PolyStyle>
			<color>0000ffff</color>
		</PolyStyle>
	</Style>
	<Style id="342">
		<LineStyle id="343">
			<color>ff00ffff</color>
		</LineStyle>
		<PolyStyle id="344">
			<color>00000000</color>
		</PolyStyle>
	</Style>
	<Style id="517">
		<LineStyle id="518">
			<color>ff00ffff</color>
		</LineStyle>
		<PolyStyle id="519">
			<color>00000000</color>
		</PolyStyle>
	</Style>
	<Style id="209">
		<LineStyle id="210">
			<color>ff00ffff</color>
		</LineStyle>
		<PolyStyle id="211">
			<color>4000ffff</color>
		</PolyStyle>
	</Style>
	<Style id="447">
		<LineStyle id="448">
			<color>ff00ffff</color>
		</LineStyle>
		<PolyStyle id="449">
			<color>00000000</color>
		</PolyStyle>
	</Style>
	<Style id="104">
		<LineStyle id="105">
			<color>ff00ffff</color>
		</LineStyle>
		<PolyStyle id="106">
			<color>4000ffff</color>
		</PolyStyle>
	</Style>
	<Style id="90">
		<LineStyle id="91">
			<color>ff00ffff</color>
		</LineStyle>
		<PolyStyle id="92">
			<color>4000ffff</color>
		</PolyStyle>
	</Style>
	<StyleMap id="m_ylw-pushpin">
		<Pair>
			<key>normal</key>
			<styleUrl>#s_ylw-pushpin</styleUrl>
		</Pair>
		<Pair>
			<key>highlight</key>
			<styleUrl>#s_ylw-pushpin_hl</styleUrl>
		</Pair>
	</StyleMap>
	<Style id="139">
		<LineStyle id="140">
			<color>ff00ffff</color>
		</LineStyle>
		<PolyStyle id="141">
			<color>4000ffff</color>
		</PolyStyle>
	</Style>
	<Style id="356">
		<LineStyle id="357">
			<color>ff00ff00</color>
		</LineStyle>
		<PolyStyle id="358">
			<color>00000000</color>
		</PolyStyle>
	</Style>
	<Style id="559">
		<LineStyle id="560">
			<color>ff0000ff</color>
		</LineStyle>
		<PolyStyle id="561">
			<color>00000000</color>
		</PolyStyle>
	</Style>
	<Style id="132">
		<LineStyle id="133">
			<color>ff00ffff</color>
		</LineStyle>
		<PolyStyle id="134">
			<color>4000ffff</color>
		</PolyStyle>
	</Style>
	<Style id="510">
		<LineStyle id="511">
			<color>ff0050ff</color>
		</LineStyle>
		<PolyStyle id="512">
			<color>400050ff</color>
		</PolyStyle>
	</Style>
	<Style id="426">
		<LineStyle id="427">
			<color>ff00ff00</color>
		</LineStyle>
		<PolyStyle id="428">
			<color>00000000</color>
		</PolyStyle>
	</Style>
	<Style id="188">
		<LineStyle id="189">
			<color>ff00ffff</color>
		</LineStyle>
		<PolyStyle id="190">
			<color>4000ffff</color>
		</PolyStyle>
	</Style>
	<Style id="237">
		<LineStyle id="238">
			<color>ff00ffff</color>
		</LineStyle>
		<PolyStyle id="239">
			<color>00000000</color>
		</PolyStyle>
	</Style>
	<Style id="195">
		<LineStyle id="196">
			<color>ff00ffff</color>
		</LineStyle>
		<PolyStyle id="197">
			<color>4000ffff</color>
		</PolyStyle>
	</Style>
	<Style id="111">
		<LineStyle id="112">
			<color>ff00ffff</color>
		</LineStyle>
		<PolyStyle id="113">
			<color>4000ffff</color>
		</PolyStyle>
	</Style>
	<Style id="503">
		<LineStyle id="504">
			<color>ff0050ff</color>
		</LineStyle>
		<PolyStyle id="505">
			<color>400050ff</color>
		</PolyStyle>
	</Style>
	<Style id="545">
		<LineStyle id="546">
			<color>ff0050ff</color>
		</LineStyle>
		<PolyStyle id="547">
			<color>400050ff</color>
		</PolyStyle>
	</Style>
	<Style id="524">
		<LineStyle id="525">
			<color>ff0000ff</color>
		</LineStyle>
		<PolyStyle id="526">
			<color>00000000</color>
		</PolyStyle>
	</Style>
	<Placemark id="03135E071B29102B9CA1">
		<name>SpringValleyTakeoff</name>
		<LookAt>
			<longitude>149.0083869104163</longitude>
			<latitude>-35.28499764906189</latitude>
			<altitude>575.8803794885763</altitude>
			<heading>0</heading>
			<tilt>0</tilt>
			<range>2762.442390560755</range>
			<altitudeMode>absolute</altitudeMode>
			<gx:fovy>30</gx:fovy>
		</LookAt>
		<styleUrl>#__managed_style_0E1B03FF872915274678</styleUrl>
		<Point>
			<coordinates>149.0071258170183,-35.28237386700631,576.1206167779084</coordinates>
		</Point>
	</Placemark>
	<Placemark>
		<name>Flight Geography</name>
		<open>1</open>
		<styleUrl>#msn_ylw-pushpin720</styleUrl>
		<Polygon>
			<tessellate>1</tessellate>
			<outerBoundaryIs>
				<LinearRing>
					<coordinates>
						148.9036692269231,-35.25999975738398,0 148.8245204279016,-35.31386359474113,0 148.7885211655087,-35.48791283221383,0 148.7898829990552,-35.6404213640847,0 148.9256117781735,-35.83993022804468,0 149.041373189249,-35.89605498536402,0 149.0743227988478,-35.84134695141083,0 149.0885933857519,-35.69750733708104,0 148.9804302415223,-35.67471689004535,0 149.0035403160236,-35.60390872608704,0 149.0379221029092,-35.58198837140908,0 149.0403670667188,-35.53955133320944,0 148.9993953988372,-35.53257488081448,0 148.8953004434684,-35.46503740502246,0 148.9119793466568,-35.40805902717302,0 148.9102611831286,-35.39158002923173,0 148.9128980678503,-35.3789590418752,0 148.9189924030207,-35.36882101829396,0 148.9258964934995,-35.36068528043066,0 148.9310586911191,-35.35576701216081,0 148.9423405843372,-35.35027646387972,0 148.9235472352754,-35.32226178809515,0 148.9047603977024,-35.30629314096046,0 148.9131207010249,-35.27966898841663,0 149.0078030490907,-35.29191789557749,0 149.011470195655,-35.27401186016895,0 148.9036692269231,-35.25999975738398,0 
					</coordinates>
				</LinearRing>
			</outerBoundaryIs>
		</Polygon>
	</Placemark>
	<Placemark>
		<name>Contingency Volume</name>
		<styleUrl>#msn_ylw-pushpin19</styleUrl>
		<Polygon>
			<outerBoundaryIs>
				<LinearRing>
					<coordinates>
						148.8163130405259,-35.31179079651923,0 148.8161633803795,-35.3122415013981,0 148.8160505142404,-35.31269934924483,0 148.7800335501496,-35.48674608053516,0 148.7799417684652,-35.48735261853475,0 148.7799146584872,-35.48796338161939,0 148.7812601708271,-35.64047200821697,0 148.7812804639736,-35.64090691862775,0 148.7813336450073,-35.64133997397518,0 148.7814195111508,-35.64176951870066,0 148.7815377346587,-35.64219391064027,0 148.7816878640625,-35.64261152730364,0 148.7818693258891,-35.64302077207791,0 148.7820814268462,-35.64342008033321,0 148.7823233564667,-35.64380792540614,0 148.9180390374569,-35.84332524791483,0 148.9183291957729,-35.84372285180712,0 148.9186508005756,-35.84410408200747,0 148.9190024636137,-35.8444672923603,0 148.9193826667814,-35.84481091449801,0 148.9197897686703,-35.84513346461663,0 148.9202220116553,-35.8454335498865,0 148.9206775294823,-35.84570987447011,0 148.9211543553279,-35.84596124512119,0 149.0369214383973,-35.90209025698649,0 149.0373117760821,-35.9022698344173,0 149.0377130279518,-35.90243271400945,0 149.0381241157894,-35.90257845805887,0 149.0385439349269,-35.90270667490732,0 149.038971357215,-35.90281701999566,0 149.0394052340567,-35.90290919679049,0 149.0398443994963,-35.90298295758161,0 149.0402876733546,-35.90303810414824,0 149.0407338644032,-35.90307448829211,0 149.0411817735676,-35.90309201223603,0 149.0416301971525,-35.90309062888682,0 149.0420779300792,-35.90307034196209,0 149.0425237691265,-35.90303120598006,0 149.0429665161667,-35.9029733261131,0 149.0434049813881,-35.90289685790476,0 149.0438379864947,-35.90280200685154,0 149.0442643678753,-35.90268902785011,0 149.0446829797323,-35.90255822451186,0 149.0450926971633,-35.90240994834643,0 149.0454924191855,-35.90224459781628,0 149.045881071696,-35.90206261726522,0 149.04625761036,-35.90186449572342,0 149.0466210234177,-35.90165076559243,0 149.0469703344044,-35.90142200121347,0 149.0473046047748,-35.90117881732309,0 149.0476229364253,-35.90092186740021,0 149.0479244741073,-35.9006518419091,0 149.0482084077249,-35.90036946644289,0 149.0484739745112,-35.90007549977283,0 149.0487204610768,-35.89977073180837,0 149.0489472053253,-35.89945598147357,0 149.0491535982308,-35.89913209450571,0 149.082099139705,-35.84442194645671,0 149.0822663161207,-35.84412421972468,0 149.0824163084523,-35.8438204861354,0 149.0825487924344,-35.8435114027271,0 149.0826634816862,-35.84319763810311,0 149.0827601283292,-35.84287987098521,0 149.0828385235221,-35.842558788745,0 149.0828984979103,-35.84223508591684,0 149.0829399219907,-35.84190946269523,0 149.0971951073336,-35.69806883748353,0 149.0972223390936,-35.69745513338906,0 149.0971838913131,-35.69684182873691,0 149.0970800581392,-35.6962335915975,0 149.0969116313466,-35.69563505136554,0 149.0966798942667,-35.69505076352873,0 149.0963866119782,-35.69448517500199,0 149.0960340178351,-35.69394259029101,0 149.0956247964357,-35.693427138742,0 149.0951620631633,-35.69294274312679,0 149.0946493404544,-35.69249308980189,0 149.0940905309775,-35.69208160066795,0 149.0934898879241,-35.69171140714271,0 149.0928519826407,-35.69138532634483,0 149.0921816698472,-35.69110583966949,0 149.091484050705,-35.690875073918,0 149.090764434017,-35.69069478512489,0 148.9910032004164,-35.66967869790362,0 149.0111247733204,-35.60800390953994,0 149.0432548889111,-35.58751759749134,0 149.0436095764685,-35.5872764695678,0 149.043947951645,-35.58702017761018,0 149.0442690441338,-35.58674945666848,0 149.0445719332233,-35.5864650831677,0 149.0448557504365,-35.58616787267986,0 149.0451196820212,-35.58585867758372,0 149.0453629712822,-35.5855383846191,0 149.0455849207499,-35.58520791234263,0 149.0457848941782,-35.5848682084924,0 149.0459623183672,-35.58452024726892,0 149.046116684804,-35.58416502654046,0 149.0462475511179,-35.58380356498049,0 149.0463545423465,-35.58343689914561,0 149.0464373520066,-35.58306608050248,0 149.0464957429701,-35.58269217241193,0 149.04652954814,-35.58231624707932,0 149.0489699856883,-35.53987903640194,0 149.0489718494613,-35.53925871585249,0 149.0489068889727,-35.53864066981624,0 149.0487756102247,-35.5380296978914,0 149.0485790341732,-35.53743054463251,0 149.0483186887535,-35.53684786271114,0 149.0479965969731,-35.53628617679336,0 149.0476152611647,-35.53574984841389,0 149.0471776435222,-35.53524304211972,0 149.0466871430735,-35.53476969314529,0 149.0461475692671,-35.53433347687011,0 149.0455631123806,-35.53393778029508,0 149.0449383109801,-35.53358567575867,0 149.0442780166824,-35.53327989709645,0 149.0435873564952,-35.53302281842844,0 149.0428716930255,-35.53281643573842,0 149.0421365828652,-35.53266235138798,0 149.0031471697468,-35.52602379616695,0 148.9049529963563,-35.46231995638328,0 148.9197206751779,-35.40754714204566,0 148.9188656532733,-35.40245785111927,0 148.9188421142151,-35.39703459286233,0 148.9197413844333,-35.39006135325177,0 148.9216108739128,-35.38358254132618,0 148.9247092938704,-35.37772182438412,0 148.9303270175049,-35.36992639263993,0 148.9359200116139,-35.36444614593262,0 148.9403326699338,-35.36100715723922,0 148.9458866403276,-35.35771767359805,0 148.9543635179655,-35.35365593256535,0 148.9310612103089,-35.31885182223761,0 148.9307783288503,-35.31846316253296,0 148.9304655641066,-35.31809020294173,0 148.9301242089833,-35.31773448472298,0 148.9297556744802,-35.31739747786592,0 148.914338643247,-35.30429466197308,0 148.9197794170772,-35.28755590084883,0 149.0066570284976,-35.29889437268402,0 149.0070676615705,-35.29893148867179,0 149.0074799972471,-35.29895236875647,0 149.0078930808266,-35.29895696459347,0 149.0083059558753,-35.29894526554182,0 149.0087176664424,-35.29891729868888,0 149.0091272592757,-35.29887312878756,0 149.0095337860299,-35.29881285810625,0 149.0099363054643,-35.29873662619192,0 149.0103338856236,-35.29864460954668,0 149.0107256059972,-35.29853702121893,0 149.011110559652,-35.2984141103096,0 149.0114878553333,-35.29827616139502,0 149.0118566195302,-35.29812349386763,0 149.0122159984981,-35.29795646119586,0 149.0125651602371,-35.29777545010524,0 149.0129032964188,-35.29758087968247,0 149.0132296242582,-35.29737320040437,0 149.0135433883266,-35.29715289309436,0 149.0138438623009,-35.29692046780858,0 149.0141303506447,-35.2966764626542,0 149.0144021902192,-35.296421442543,0 149.0146587518176,-35.29615599788278,0 149.0148994416213,-35.29588074320978,0 149.0151237025739,-35.29559631576525,0 149.0153310156701,-35.29530337401955,0 149.0155209011558,-35.29500259614709,0 149.015692919638,-35.29469467845568,0 149.0158466731,-35.29438033377402,0 149.0159818058212,-35.29406028980097,0 149.0160980051993,-35.29373528742048,0 149.0161950024719,-35.29340607898598,0 149.0162725733363,-35.29307342657845,0 149.019937907784,-35.2751671369362,0 149.0199970304102,-35.27482351503803,0 149.0200354302285,-35.27447792129372,0 149.0200530141829,-35.27413119558528,0 149.0200497398079,-35.27378418053503,0 149.0200256153287,-35.2734377194577,0 149.0199806996386,-35.27309265431101,0 149.0199151021536,-35.2727498236498,0 149.0198289825438,-35.27241006058821,0 149.0197225503426,-35.27207419077549,0 149.0195960644358,-35.27174303038991,0 149.0194498324293,-35.27141738415578,0 149.0192842099004,-35.27109804338841,0 149.0190995995306,-35.27078578407173,0 149.0188964501263,-35.27048136497331,0 149.0186752555257,-35.27018552580115,0 149.0184365533976,-35.26989898540702,0 149.0181809239336,-35.26962244004038,0 149.0179089884369,-35.26935656165735,0 149.0176214078122,-35.26910199628875,0 149.0173188809586,-35.2688593624712,0 149.0170021430713,-35.26862924974491,0 149.0166719638548,-35.26841221722211,0 149.0163291456528,-35.26820879222931,0 149.0159745214986,-35.26801946902684,0 149.0156089530921,-35.2678447076087,0 149.015233328706,-35.26768493258562,0 149.0148485610289,-35.26754053215414,0 149.0144555849488,-35.26741185715405,0 149.0140553552826,-35.26729922021654,0 149.0136488444574,-35.26720289500523,0 149.01323704015,-35.26712311555178,0 149.0128209428884,-35.26706007568762,0 148.9050289888994,-35.25304916966957,0 148.904573563305,-35.25299944229091,0 148.9041155463386,-35.25296977728033,0 148.90365625045,-35.25296025964309,0 148.9031969917504,-35.25297091665203,0 148.9027390862448,-35.25300171776946,0 148.9022838460637,-35.25305257473454,0 148.9018325757059,-35.25312334181613,0 148.9013865683032,-35.25321381622994,0 148.9009471019183,-35.25332373871922,0 148.9005154358841,-35.25345279429713,0 148.9000928071981,-35.25360061314863,0 148.8996804269796,-35.25376677168947,0 148.899279477001,-35.25395079377915,0 148.8988911063032,-35.25415215208432,0 148.8985164279037,-35.25437026958897,0 148.8981565156089,-35.25460452124679,0 148.8190093424733,-35.30846478392132,0 148.8185504388843,-35.30880323185571,0 148.8181223772842,-35.30916782568046,0 148.8177273694989,-35.30955668187663,0 148.8173674566837,-35.30996779155633,0 148.8170444987739,-35.31039903083575,0 148.8167601648687,-35.31084817180268,0 148.8165159245993,-35.3113128940219,0 148.8163130405259,-35.31179079651923,0 
					</coordinates>
				</LinearRing>
			</outerBoundaryIs>
		</Polygon>
	</Placemark>
	<Placemark>
		<name>Ground Risk Buffer</name>
		<styleUrl>#msn_ylw-pushpin183</styleUrl>
		<Polygon>
			<outerBoundaryIs>
				<LinearRing>
					<coordinates>
						148.7653864897911,-35.48467352779168,0 148.7651465945879,-35.48640469607061,0 148.7650234102135,-35.48880937435688,0 148.7664920477228,-35.64237641841693,0 148.7670327111123,-35.6450390268885,0 148.767847188104,-35.64725835363291,0 148.7693442693269,-35.64936775639393,0 148.7716565032937,-35.65336346899789,0 148.9053549920158,-35.8496468709736,0 148.9068457191756,-35.85148950504102,0 148.908301195692,-35.85284277532062,0 148.9105733464301,-35.85468558662403,0 148.9133783990334,-35.85632700254492,0 148.9166808271468,-35.85788214234155,0 149.0245214948669,-35.91017714276697,0 149.0286458354195,-35.91217146551329,0 149.0317189974548,-35.91353497953911,0 149.0346077659973,-35.91438499859938,0 149.0371087448235,-35.91488147472055,0 149.0402941255654,-35.91516424049741,0 149.0440410301013,-35.91512061174816,0 149.0470379904229,-35.91467291975854,0 149.0489517910331,-35.91422493468313,0 149.0508187434779,-35.91360693897558,0 149.0525887645904,-35.91289527962407,0 149.0541014008634,-35.91216102826543,0 149.0560818629942,-35.91101849643617,0 149.0573037313504,-35.91015322701566,0 149.0586258549886,-35.90908021291346,0 149.0598828469934,-35.90788674682126,0 149.0607653491064,-35.90691523020962,0 149.0618592434745,-35.9054739958168,0 149.0640128663208,-35.90195953311621,0 149.0958689935374,-35.84905824021163,0 149.0965380148888,-35.84764156312387,0 149.0971528350287,-35.84600715317651,0 149.0975214368006,-35.84449157617845,0 149.0976802971327,-35.84341886143064,0 149.0978439199574,-35.84199916481289,0 149.0979754866023,-35.8407058469406,0 149.1119746991289,-35.69956353875322,0 149.1120497681909,-35.69729084351986,0 149.1118843692804,-35.69475876183338,0 149.1111586915104,-35.69196772083561,0 149.1097935206366,-35.68924244522076,0 149.1084299198246,-35.68723136093763,0 149.1067469396532,-35.68541544295577,0 149.1047967171194,-35.68368100847773,0 149.1031375330454,-35.68246455103783,0 149.1010094679065,-35.68124862029406,0 149.0989110022589,-35.68031836647221,0 149.0971026441509,-35.67965603208606,0 149.0959086543239,-35.67932521800136,0 149.0944923948629,-35.67899072768881,0 149.0936778541562,-35.67881135980917,0 149.0091774744883,-35.66100884393853,0 149.0241747082333,-35.61504602239571,0 149.0399698809234,-35.60499088465453,0 149.0414481261743,-35.60193685015805,0 149.0503175870778,-35.59638802911495,0 149.0521946042379,-35.59520775434422,0 149.0538566000754,-35.59385307786194,0 149.0554107969483,-35.59223661308226,0 149.0565893465288,-35.59070781184661,0 149.0575530976445,-35.58913558042423,0 149.0583555370774,-35.5873889316292,0 149.0591570895279,-35.58507490255304,0 149.0594220686511,-35.58284871292602,0 149.0595780171717,-35.57948788941022,0 149.0619416744163,-35.54126258913239,0 149.0619378292936,-35.53876271811357,0 149.0613748578599,-35.53588465592335,0 149.0607198904582,-35.53368847554317,0 149.0595997552553,-35.53164426408007,0 149.0585737822202,-35.53028172885376,0 149.0568951727947,-35.52816229722504,0 149.0544722435887,-35.52619505863028,0 149.0519570054093,-35.52468237230138,0 149.0479525757754,-35.52309521698677,0 149.0446940818728,-35.52241630650057,0 149.0087686468592,-35.5162285736106,0 148.9194195846265,-35.45823840058417,0 148.9301105831699,-35.42203179904303,0 148.9341937596135,-35.4068453898635,0 148.9333657496558,-35.39750012645953,0 148.9341629961593,-35.38771363595122,0 148.9384872938235,-35.37995701409205,0 148.9425733457767,-35.37646941685986,0 148.9500110801036,-35.37018166518558,0 148.9594061852928,-35.36479921576976,0 148.9679422934963,-35.36140677181443,0 148.9695260443143,-35.35556922146787,0 148.9403066250885,-35.31273038634497,0 148.9185696004348,-35.30341160966702,0 148.9222587784636,-35.29114243633352,0 149.0061507218134,-35.30197616519857,0 149.0062376274161,-35.30198492479254,0 149.0066482759802,-35.30202204219162,0 149.0068317008868,-35.30203508464761,0 149.0072440523172,-35.30205596552987,0 149.0074280529197,-35.30206169560466,0 149.0078411523687,-35.30206629161742,0 149.0080252797222,-35.30206469389729,0 149.008438170608,-35.3020529943982,0 149.0086219753339,-35.30204407318229,0 149.0090337015583,-35.30201610526318,0 149.0092167353793,-35.30199988453892,0 149.0096263435439,-35.3019557129624,0 149.0098081608092,-35.30193223627936,0 149.0102147024266,-35.30187196332966,0 149.0103948616098,-35.30184129356534,0 149.0107973953003,-35.30176505881099,0 149.0109754604614,-35.30172727784216,0 149.0113730541376,-35.30163525781128,0 149.0115485963283,-35.30159046608772,0 149.0119403293539,-35.30148287386045,0 149.0121129279661,-35.30143118989001,0 149.0124978932906,-35.3013082746041,0 149.0126671373245,-35.30124983435952,0 149.0130444435851,-35.30111188063212,0 149.0132099328316,-35.30104683688714,0 149.0135787064196,-35.30089416415573,0 149.0137400525634,-35.30082268575416,0 149.0140994396475,-35.30065564753575,0 149.0142562672584,-35.30057791861428,0 149.0146054357643,-35.30039690168625,0 149.014757383196,-35.3003131208529,0 149.0150955247329,-35.30011854435609,0 149.0152422449213,-35.30002892383627,0 149.0155685766561,-35.29982123830386,0 149.0157097378067,-35.29972600306845,0 149.0160235042751,-35.29950568938212,0 149.0161587904569,-35.2994050762633,0 149.0164592653143,-35.29917264453828,0 149.0165883769517,-35.29906690134389,0 149.0168748646551,-35.29882288974714,0 149.0169975189235,-35.29871227438569,0 149.0172693563409,-35.29845724788799,0 149.0173852874824,-35.29834202750508,0 149.0176418454279,-35.29807657657356,0 149.0177508049794,-35.29795702671295,0 149.0179914896694,-35.29768176594204,0 149.0180932466211,-35.29755816973535,0 149.0183175010472,-35.29727373642201,0 149.0184118419337,-35.29714638381595,0 149.0186191471512,-35.29685343648494,0 149.0187058760924,-35.29672262349559,0 149.0188957524214,-35.29642184037279,0 149.0189746911108,-35.29628786839272,0 149.019146699243,-35.2959799458337,0 149.0192176869068,-35.295843120967,0 149.0193714289215,-35.2955287718454,0 149.0194343222435,-35.29538940429228,0 149.0195694425261,-35.2950693563476,0 149.0196241155563,-35.29492775982884,0 149.0197403016192,-35.29460275398129,0 149.0197866456709,-35.29445924520027,0 149.0198836288752,-35.29413003383483,0 149.0199215524235,-35.29398493196699,0 149.0199991085955,-35.29365227719153,0 149.0200139887045,-35.29358368555868,0 149.0236785226051,-35.27567728361464,0 149.0236933663488,-35.27559773302306,0 149.0237524734282,-35.27525410930662,0 149.0237736382764,-35.27510313700962,0 149.0238120221853,-35.27475754207784,0 149.0238241661447,-35.27460592609677,0 149.0238417339814,-35.27425919984329,0 149.0238448323832,-35.27410728942262,0 149.0238415418371,-35.27376027447465,0 149.023835588522,-35.27360841921627,0 149.0238114479747,-35.27326195888764,0 149.0237964552805,-35.27311050831634,0 149.0237515237804,-35.27276544455759,0 149.0237275225599,-35.27261474768888,0 149.0236619096754,-35.27227191904166,0 149.0236289493382,-35.27212232393531,0 149.0235428148883,-35.27178256349455,0 149.0235009634681,-35.27163441679296,0 149.0233945171295,-35.27129855018215,0 149.0233438613739,-35.27115219663563,0 149.0232173621692,-35.27082104000242,0 149.0231580076406,-35.27067682194927,0 149.0230117633047,-35.27035117998223,0 149.0229438344981,-35.27020943681654,0 149.0227782007274,-35.26989010078969,0 149.022701841179,-35.26975116836601,0 149.0225172207645,-35.26943891421796,0 149.0224325931676,-35.26930312424004,0 149.0222294350132,-35.26899871068859,0 149.0221367213037,-35.26886639002647,0 149.0219155193332,-35.26857055672597,0 149.0218149207599,-35.26844202670583,0 149.0215762127141,-35.26815549245138,0 149.0214679498667,-35.26803106808704,0 149.0212123159958,-35.26775452906836,0 149.0210966287863,-35.2676345182485,0 149.0208246904365,-35.26736864636085,0 149.0207018380255,-35.26725334899592,0 149.0204142561304,-35.26699879020662,0 149.0202845167745,-35.26688849732565,0 149.019981990247,-35.26664587010784,0 149.0198456610792,-35.26654086293073,0 149.0195289251116,-35.2663107567603,0 149.0193863218227,-35.26621130573257,0 149.0190561461023,-35.26599427965807,0 149.0189076025264,-35.2659006434677,0 149.0185647893638,-35.26569722475318,0 149.0184106569602,-35.26560964933512,0 149.0180560393404,-35.26542033217949,0 149.0178966865646,-35.26533904971834,0 149.0175311261249,-35.26516429405643,0 149.0173669376761,-35.26508952199531,0 149.0169913226119,-35.26492975238174,0 149.0168226985735,-35.26486169245662,0 149.016437941484,-35.2647172970345,0 149.0162652963378,-35.26465613433619,0 149.0158723320078,-35.2645274638967,0 149.0156960935328,-35.26447336598105,0 149.0152958766653,-35.26436073311056,0 149.0151164847247,-35.26431384916727,0 149.014709987622,-35.2642175274893,0 149.0145278928443,-35.26417798757802,0 149.0141161030495,-35.26409821108994,0 149.0139317654122,-35.26406612545836,0 149.013515683312,-35.26400308796189,0 149.0134175510737,-35.26398917772072,0 148.9056295781131,-35.24997880020806,0 148.9055335945447,-35.24996719809472,0 148.9050781859566,-35.24991747259837,0 148.9048746139042,-35.24989961984728,0 148.9044166143421,-35.24986995596613,0 148.9042121333606,-35.24986114306795,0 148.9037528550733,-35.24985162579417,0 148.9035480823449,-35.24985188207844,0 148.903088841241,-35.24986253868076,0 148.9028843951804,-35.24987186329398,0 148.9024265070618,-35.24990266323929,0 148.9022230047051,-35.2499210251514,0 148.901767781502,-35.24997188019235,0 148.9015658359117,-35.24999921840223,0 148.9011145819271,-35.25006998283015,0 148.900914799646,-35.25010620676585,0 148.9004688078234,-35.25019667782707,0 148.9002717864013,-35.2502416679357,0 148.8998323346241,-35.25035158641282,0 148.8996386602518,-35.25040519492532,0 148.8992070076853,-35.2505342458773,0 148.8990172529522,-35.25059629773736,0 148.8985946364389,-35.25074411140316,0 148.8984093582401,-35.2508144053394,0 148.8979969887604,-35.25098055819454,0 148.8978167263736,-35.25105886792052,0 148.8974157855772,-35.25124288388997,0 148.8972410589142,-35.25132895940837,0 148.8968526957373,-35.25153031122942,0 148.89668400379,-35.25162388021865,0 148.8963093311647,-35.25184199095024,0 148.8961471506368,-35.2519427602172,0 148.8957872423044,-35.25217700489095,0 148.8896506284714,-35.24787412941193,0 148.8785832227586,-35.25420122026891,0 148.8113493424771,-35.29999069753543,0 148.8089306389011,-35.30179957537077,0 148.806510481351,-35.30430107790562,0 148.8052667292523,-35.30605796643351,0 148.804021984494,-35.30829441454296,0 148.80362675837,-35.31015882233285,0 148.8030003013524,-35.31303034621135,0 148.8015217170452,-35.31984500546451,0 148.7868599038188,-35.38177630569591,0 148.7653864897911,-35.48467352779168,0 
					</coordinates>
				</LinearRing>
			</outerBoundaryIs>
		</Polygon>
	</Placemark>
	<Folder>
		<name>Altitude Steps</name>
		<Placemark>
			<name>400ft AGL Altitude Limited Area</name>
			<styleUrl>#msn_ylw-pushpin281</styleUrl>
			<Polygon>
				<tessellate>1</tessellate>
				<outerBoundaryIs>
					<LinearRing>
						<coordinates>
							148.9131169023514,-35.27965911622085,0 149.0077902033156,-35.29191554993211,0 149.0114506773666,-35.27404146820463,0 148.9036757501652,-35.25999774172463,0 148.8936980433487,-35.26675590805119,0 148.8809304598817,-35.30856799997269,0 148.9077661454031,-35.33525162238352,0 148.9236408336038,-35.32245770854619,0 148.9048885139016,-35.30622746572318,0 148.9131169023514,-35.27965911622085,0 
						</coordinates>
					</LinearRing>
				</outerBoundaryIs>
			</Polygon>
		</Placemark>
		<Placemark>
			<name>Altitude Limit - 3900 ft AMSL</name>
			<styleUrl>#msn_ylw-pushpin603</styleUrl>
			<Polygon>
				<tessellate>1</tessellate>
				<outerBoundaryIs>
					<LinearRing>
						<coordinates>
							148.8932631484799,-35.26731159393414,0 148.8857033920441,-35.27206521493203,0 148.8695218906684,-35.28317948165638,0 148.8711991997301,-35.30139670117344,0 148.8730811527689,-35.32100482433771,0 148.8764821257048,-35.33377092737282,0 148.8803639851012,-35.34688082588857,0 148.8909769209461,-35.37393046815552,0 148.9003222916377,-35.39237614419414,0 148.9112494118246,-35.4106862393839,0 148.912006940765,-35.40786910593456,0 148.9101421661213,-35.39142920292847,0 148.9127047024241,-35.37877262411026,0 148.9189206008784,-35.36861941221638,0 148.9227498467023,-35.36418981759685,0 148.9312630944165,-35.35578030970041,0 148.942489093389,-35.35024987452282,0 148.9235938840372,-35.32257307774066,0 148.9075424187821,-35.33493866656893,0 148.880775562622,-35.30838884000772,0 148.8932631484799,-35.26731159393414,0 
						</coordinates>
					</LinearRing>
				</outerBoundaryIs>
			</Polygon>
		</Placemark>
		<Placemark>
			<name>Altitude Limit - 4900 ft AMSL</name>
			<styleUrl>#msn_ylw-pushpin43</styleUrl>
			<Polygon>
				<tessellate>1</tessellate>
				<outerBoundaryIs>
					<LinearRing>
						<coordinates>
							148.8696313027608,-35.28319277532214,0 148.8246191435413,-35.3136720835323,0 148.8093231668437,-35.38760404478162,0 148.8179623791513,-35.40440465384961,0 148.8255056748314,-35.41741734558248,0 148.8410973283929,-35.44338490060255,0 148.8565888948394,-35.4651891887725,0 148.8760551243501,-35.48618164569303,0 148.9017399272146,-35.51113590795165,0 148.9287809351709,-35.53137049863108,0 148.9539531325074,-35.54928587694712,0 148.9806014252562,-35.56330523062872,0 149.0055009259244,-35.57582870200777,0 149.0326240964732,-35.58604742317429,0 149.0378084541929,-35.58202444935453,0 149.0402896281888,-35.53965057433277,0 148.9991040683269,-35.53250992410015,0 148.89528682206,-35.46500670061938,0 148.9110944591579,-35.41058801513188,0 148.906771769233,-35.40492678201502,0 148.8967594897058,-35.3860303517209,0 148.8864560662175,-35.36513478364944,0 148.8789301243289,-35.34112547094794,0 148.8731836782615,-35.32241622813222,0 148.8715982808857,-35.309991882001,0 148.8702458732574,-35.29409284593338,0 148.8696313027608,-35.28319277532214,0 
						</coordinates>
					</LinearRing>
				</outerBoundaryIs>
			</Polygon>
		</Placemark>
		<Placemark>
			<name>Altitude Limit - 5900 ft AMSL</name>
			<styleUrl>#msn_ylw-pushpin231</styleUrl>
			<Polygon>
				<tessellate>1</tessellate>
				<outerBoundaryIs>
					<LinearRing>
						<coordinates>
							148.8094031961747,-35.3879798119609,0 148.7884826496622,-35.48792368924775,0 148.7901976877062,-35.640356048257,0 148.9260733323607,-35.8401387352674,0 149.0412934319577,-35.89586612311112,0 149.0744198569699,-35.84106084434406,0 149.0881909303874,-35.69794188323763,0 148.9807909684483,-35.67483584715637,0 149.0033703244215,-35.60416790705097,0 149.0331284892027,-35.58599741065226,0 149.0060666285808,-35.57618900264934,0 148.9756347810902,-35.5608820915787,0 148.951126872079,-35.54748338051225,0 148.9249474103851,-35.5296665512161,0 148.8999236250574,-35.5092330335566,0 148.8786177794857,-35.48967709340686,0 148.8601588557912,-35.46858724357126,0 148.8435375790277,-35.44606170579262,0 148.8268165899245,-35.41937236071483,0 148.8144919073825,-35.39474312839574,0 148.8094031961747,-35.3879798119609,0 
						</coordinates>
					</LinearRing>
				</outerBoundaryIs>
			</Polygon>
		</Placemark>
		<Placemark>
			<name>River crossing area - 2200 ft AMSL</name>
			<styleUrl>#msn_ylw-pushpin44</styleUrl>
			<Polygon>
				<tessellate>1</tessellate>
				<outerBoundaryIs>
					<LinearRing>
						<coordinates>
							148.9365195097509,-35.26424792263137,0 148.9379427975257,-35.28287691613174,0 148.9593372566528,-35.28553843906464,0 148.9559740566428,-35.26674387980548,0 148.9365195097509,-35.26424792263137,0 
						</coordinates>
					</LinearRing>
				</outerBoundaryIs>
			</Polygon>
		</Placemark>
		<Placemark>
			<name>5900ft AMSL</name>
			<LookAt>
				<longitude>148.9471071972229</longitude>
				<latitude>-35.58290600106266</latitude>
				<altitude>0</altitude>
				<heading>-0.002561745054345837</heading>
				<tilt>0</tilt>
				<range>118639.6284485488</range>
				<gx:altitudeMode>relativeToSeaFloor</gx:altitudeMode>
			</LookAt>
			<styleUrl>#m_ylw-pushpin</styleUrl>
			<Point>
				<gx:drawOrder>1</gx:drawOrder>
				<coordinates>148.853529491173,-35.65068549264685,0</coordinates>
			</Point>
		</Placemark>
		<Placemark>
			<name>4900ft AMSL</name>
			<LookAt>
				<longitude>149.1008265671113</longitude>
				<latitude>-35.58145429530793</latitude>
				<altitude>0</altitude>
				<heading>-0.1560778640447299</heading>
				<tilt>0</tilt>
				<range>138052.7977629451</range>
				<gx:altitudeMode>relativeToSeaFloor</gx:altitudeMode>
			</LookAt>
			<styleUrl>#m_ylw-pushpin0</styleUrl>
			<Point>
				<gx:drawOrder>1</gx:drawOrder>
				<coordinates>148.8500401924857,-35.41833253268914,0</coordinates>
			</Point>
		</Placemark>
		<Placemark>
			<name>3900ft AMSL</name>
			<LookAt>
				<longitude>149.0122761879286</longitude>
				<latitude>-35.38496556450649</latitude>
				<altitude>0</altitude>
				<heading>-0.1050153010517636</heading>
				<tilt>0</tilt>
				<range>63467.57970668186</range>
				<gx:altitudeMode>relativeToSeaFloor</gx:altitudeMode>
			</LookAt>
			<styleUrl>#m_ylw-pushpin0</styleUrl>
			<Point>
				<gx:drawOrder>1</gx:drawOrder>
				<coordinates>148.9015029453558,-35.36355047407141,0</coordinates>
			</Point>
		</Placemark>
		<Placemark>
			<name>400ft AGL</name>
			<LookAt>
				<longitude>149.0270383473772</longitude>
				<latitude>-35.29143493920748</latitude>
				<altitude>0</altitude>
				<heading>-0.1149218597142958</heading>
				<tilt>0</tilt>
				<range>28341.97133429396</range>
				<gx:altitudeMode>relativeToSeaFloor</gx:altitudeMode>
			</LookAt>
			<styleUrl>#m_ylw-pushpin0</styleUrl>
			<Point>
				<gx:drawOrder>1</gx:drawOrder>
				<coordinates>148.9876531320428,-35.2831794738995,0</coordinates>
			</Point>
		</Placemark>
		<Placemark>
			<name>2200ft AMSL</name>
			<LookAt>
				<longitude>149.0300690167378</longitude>
				<latitude>-35.26644703104803</latitude>
				<altitude>0</altitude>
				<heading>-0.1151151108005848</heading>
				<tilt>0</tilt>
				<range>28813.9710838417</range>
				<gx:altitudeMode>relativeToSeaFloor</gx:altitudeMode>
			</LookAt>
			<styleUrl>#m_ylw-pushpin0</styleUrl>
			<Point>
				<gx:drawOrder>1</gx:drawOrder>
				<coordinates>148.9433450808406,-35.27925290453482,0</coordinates>
			</Point>
		</Placemark>
		<Placemark>
			<name>400ft AGL</name>
			<LookAt>
				<longitude>149.0297813067138</longitude>
				<latitude>-35.2869360503914</latitude>
				<altitude>0</altitude>
				<heading>-0.1165005892192665</heading>
				<tilt>0</tilt>
				<range>28366.04620607889</range>
				<gx:altitudeMode>relativeToSeaFloor</gx:altitudeMode>
			</LookAt>
			<styleUrl>#m_ylw-pushpin0</styleUrl>
			<Point>
				<gx:drawOrder>1</gx:drawOrder>
				<coordinates>148.8926635345163,-35.31046112151677,0</coordinates>
			</Point>
		</Placemark>
	</Folder>
	<Folder>
		<name>NFZs</name>
		<Placemark id="87">
			<name>NFZ_0_0</name>
			<styleUrl>#90</styleUrl>
			<Polygon id="86">
				<outerBoundaryIs>
					<LinearRing id="88">
						<coordinates>
							148.9140362583798,-35.28703285564618,0 148.9106310664473,-35.28651557061256,0 148.9100726847617,-35.28816553421183,0 148.9094729707356,-35.28925046821066,0 148.9087150346181,-35.28996900903839,0 148.9080231223653,-35.29093142120586,0 148.9105513334378,-35.29188893272307,0 148.9118316287785,-35.29084485322813,0 148.9126014052191,-35.28986651822922,0 148.9140362583798,-35.28703285564618,0 
						</coordinates>
					</LinearRing>
				</outerBoundaryIs>
			</Polygon>
		</Placemark>
		<Placemark id="94">
			<name>NFZ_1_0</name>
			<styleUrl>#97</styleUrl>
			<Polygon id="93">
				<outerBoundaryIs>
					<LinearRing id="95">
						<coordinates>
							148.9066733297284,-35.28694107663237,0 148.9061843493052,-35.28970791927722,0 148.9095211349643,-35.29005020071091,0 148.9098639639585,-35.28722956052584,0 148.9066733297284,-35.28694107663237,0 
						</coordinates>
					</LinearRing>
				</outerBoundaryIs>
			</Polygon>
		</Placemark>
		<Placemark id="101">
			<name>NFZ_2_0</name>
			<styleUrl>#104</styleUrl>
			<Polygon id="100">
				<outerBoundaryIs>
					<LinearRing id="102">
						<coordinates>
							148.92172789676,-35.33187040268228,0 148.9211230071332,-35.33195891409839,0 148.9203711163924,-35.33230756239328,0 148.9204099908158,-35.33250379943326,0 148.9211469355671,-35.33232346466259,0 148.9215330482185,-35.33226817764683,0 148.9218008424089,-35.332049014836,0 148.92172789676,-35.33187040268228,0 
						</coordinates>
					</LinearRing>
				</outerBoundaryIs>
			</Polygon>
		</Placemark>
		<Placemark id="108">
			<name>NFZ_3_0</name>
			<styleUrl>#111</styleUrl>
			<Polygon id="107">
				<outerBoundaryIs>
					<LinearRing id="109">
						<coordinates>
							148.9218065110475,-35.51713844721493,0 148.9215680001882,-35.51727200937601,0 148.9217640827358,-35.51741652007716,0 148.9219854985097,-35.51730223712552,0 148.9218065110475,-35.51713844721493,0 
						</coordinates>
					</LinearRing>
				</outerBoundaryIs>
			</Polygon>
		</Placemark>
		<Placemark id="115">
			<name>NFZ_4_0</name>
			<styleUrl>#118</styleUrl>
			<Polygon id="114">
				<outerBoundaryIs>
					<LinearRing id="116">
						<coordinates>
							148.9218866913004,-35.51585628751753,0 148.9232912180602,-35.51569421079714,0 148.9234858469212,-35.51551532997491,0 148.9228069817613,-35.51490640141246,0 148.9222352298558,-35.51455586432994,0 148.9219019804921,-35.51407176536981,0 148.9223241202902,-35.51370400455931,0 148.9220260971921,-35.51357290860067,0 148.9185442636653,-35.51227919985782,0 148.9172437406706,-35.51249933902084,0 148.9183281525382,-35.51536032016416,0 148.9213642926598,-35.51445472447102,0 148.9214905496387,-35.51491496461239,0 148.9213009296622,-35.51557570973123,0 148.9218866913004,-35.51585628751753,0 
						</coordinates>
					</LinearRing>
				</outerBoundaryIs>
			</Polygon>
		</Placemark>
		<Placemark id="122">
			<name>NFZ_5_0</name>
			<styleUrl>#125</styleUrl>
			<Polygon id="121">
				<outerBoundaryIs>
					<LinearRing id="123">
						<coordinates>
							149.0313872141496,-35.5823491267805,0 149.0305672058128,-35.58267908393241,0 149.0308303872609,-35.58325212582711,0 149.0313703722775,-35.58303169668523,0 149.0317283488365,-35.58256966406687,0 149.0317404649619,-35.58238287872886,0 149.0313872141496,-35.5823491267805,0 
						</coordinates>
					</LinearRing>
				</outerBoundaryIs>
			</Polygon>
		</Placemark>
		<Placemark id="129">
			<name>NFZ_6_0</name>
			<styleUrl>#132</styleUrl>
			<Polygon id="128">
				<outerBoundaryIs>
					<LinearRing id="130">
						<coordinates>
							149.0325104370665,-35.58355697865758,0 149.0324837984918,-35.58366957649216,0 149.0327121872755,-35.58369387771795,0 149.03272869743,-35.58357534912623,0 149.0325104370665,-35.58355697865758,0 
						</coordinates>
					</LinearRing>
				</outerBoundaryIs>
			</Polygon>
		</Placemark>
		<Placemark id="136">
			<name>NFZ_7_0</name>
			<styleUrl>#139</styleUrl>
			<Polygon id="135">
				<outerBoundaryIs>
					<LinearRing id="137">
						<coordinates>
							149.0049805104553,-35.69147772996963,0 149.0037778709216,-35.69186436230038,0 149.0039764282123,-35.6921383555987,0 149.0044930129454,-35.69212021732285,0 149.0050205181117,-35.69191718320986,0 149.0049805104553,-35.69147772996963,0 
						</coordinates>
					</LinearRing>
				</outerBoundaryIs>
			</Polygon>
		</Placemark>
		<Placemark id="143">
			<name>NFZ_8_0</name>
			<styleUrl>#146</styleUrl>
			<Polygon id="142">
				<outerBoundaryIs>
					<LinearRing id="144">
						<coordinates>
							148.8131038519995,-35.38551738845651,0 148.8132283049259,-35.38566786407699,0 148.8134405561213,-35.3857825967488,0 148.8137654484396,-35.38580830830325,0 148.8139550317523,-35.38572286415381,0 148.8142481460268,-35.38559658569372,0 148.8140633323443,-35.38540398091391,0 148.8137703079632,-35.38555905110417,0 148.8135338396801,-35.38557634611497,0 148.8134927529295,-35.38537706388356,0 148.8131698986046,-35.38536169694026,0 148.8131038519995,-35.38551738845651,0 
						</coordinates>
					</LinearRing>
				</outerBoundaryIs>
			</Polygon>
		</Placemark>
		<Placemark id="150">
			<name>NFZ_9_0</name>
			<styleUrl>#153</styleUrl>
			<Polygon id="149">
				<outerBoundaryIs>
					<LinearRing id="151">
						<coordinates>
							148.8396124017589,-35.53629337035358,0 148.8389275552493,-35.53620208398075,0 148.8386793038307,-35.5367269313946,0 148.8390626797783,-35.53679233986991,0 148.8393710283866,-35.53669673791739,0 148.8396124017589,-35.53629337035358,0 
						</coordinates>
					</LinearRing>
				</outerBoundaryIs>
			</Polygon>
		</Placemark>
		<Placemark id="157">
			<name>NFZ_10_0</name>
			<styleUrl>#160</styleUrl>
			<Polygon id="156">
				<outerBoundaryIs>
					<LinearRing id="158">
						<coordinates>
							148.8274926917596,-35.44583849924975,0 148.8276273781366,-35.44611138591949,0 148.8279527320258,-35.4461766282852,0 148.8281705280563,-35.44601335337272,0 148.8281135908956,-35.44579917723475,0 148.8274926917596,-35.44583849924975,0 
						</coordinates>
					</LinearRing>
				</outerBoundaryIs>
			</Polygon>
		</Placemark>
		<Placemark id="164">
			<name>NFZ_11_0</name>
			<styleUrl>#167</styleUrl>
			<Polygon id="163">
				<outerBoundaryIs>
					<LinearRing id="165">
						<coordinates>
							148.8289009561015,-35.4463430482916,0 148.8292026648618,-35.44679174297868,0 148.8294890575632,-35.44671532713406,0 148.829033701683,-35.44613998795698,0 148.8289009561015,-35.4463430482916,0 
						</coordinates>
					</LinearRing>
				</outerBoundaryIs>
			</Polygon>
		</Placemark>
		<Placemark id="171">
			<name>NFZ_12_0</name>
			<styleUrl>#174</styleUrl>
			<Polygon id="170">
				<outerBoundaryIs>
					<LinearRing id="172">
						<coordinates>
							148.8290825730373,-35.44221663033226,0 148.8291682434819,-35.44243963586143,0 148.8295562259723,-35.44248182816475,0 148.8301191619071,-35.4422204151944,0 148.8302851987719,-35.44211643749979,0 148.830214339986,-35.44201307239594,0 148.8296120615748,-35.44219739173761,0 148.8290825730373,-35.44221663033226,0 
						</coordinates>
					</LinearRing>
				</outerBoundaryIs>
			</Polygon>
		</Placemark>
		<Placemark id="178">
			<name>NFZ_13_0</name>
			<styleUrl>#181</styleUrl>
			<Polygon id="177">
				<outerBoundaryIs>
					<LinearRing id="179">
						<coordinates>
							148.8281419620874,-35.44248812930589,0 148.8280703653435,-35.44253683337023,0 148.8281269771666,-35.44259021405063,0 148.8282000259782,-35.44253774406592,0 148.8281419620874,-35.44248812930589,0 
						</coordinates>
					</LinearRing>
				</outerBoundaryIs>
			</Polygon>
		</Placemark>
		<Placemark id="185">
			<name>NFZ_14_0</name>
			<styleUrl>#188</styleUrl>
			<Polygon id="184">
				<outerBoundaryIs>
					<LinearRing id="186">
						<coordinates>
							148.8310133555066,-35.65080984840757,0 148.8309684956962,-35.65100602546617,0 148.8311622700934,-35.65101301364877,0 148.8314890365294,-35.65079362570978,0 148.8314367664513,-35.65069849263647,0 148.8310133555066,-35.65080984840757,0 
						</coordinates>
					</LinearRing>
				</outerBoundaryIs>
			</Polygon>
		</Placemark>
		<Placemark id="192">
			<name>NFZ_15_0</name>
			<styleUrl>#195</styleUrl>
			<Polygon id="191">
				<outerBoundaryIs>
					<LinearRing id="193">
						<coordinates>
							148.9561656441841,-35.62758067517522,0 148.9544678677005,-35.62835290558014,0 148.9559456100168,-35.63025133325473,0 148.9575671107608,-35.62996729844355,0 148.9577597210763,-35.62827226292186,0 148.9570327250858,-35.62757625809942,0 148.9561656441841,-35.62758067517522,0 
						</coordinates>
					</LinearRing>
				</outerBoundaryIs>
			</Polygon>
		</Placemark>
		<Placemark id="199">
			<name>NFZ_16_0</name>
			<styleUrl>#202</styleUrl>
			<Polygon id="198">
				<outerBoundaryIs>
					<LinearRing id="200">
						<coordinates>
							148.9610278323079,-35.63910533277203,0 148.961182525988,-35.63942200202177,0 148.9616700430159,-35.63930090003315,0 148.9615417345438,-35.63895449318628,0 148.9610278323079,-35.63910533277203,0 
						</coordinates>
					</LinearRing>
				</outerBoundaryIs>
			</Polygon>
		</Placemark>
		<Placemark id="206">
			<name>NFZ_17_0</name>
			<styleUrl>#209</styleUrl>
			<Polygon id="205">
				<outerBoundaryIs>
					<LinearRing id="207">
						<coordinates>
							148.9591074312178,-35.63944136071372,0 148.9593289099094,-35.63984991230705,0 148.9599815561104,-35.63958451891615,0 148.9597390834207,-35.63917873224344,0 148.9591074312178,-35.63944136071372,0 
						</coordinates>
					</LinearRing>
				</outerBoundaryIs>
			</Polygon>
		</Placemark>
		<Placemark id="213">
			<name>NFZ_18_0</name>
			<styleUrl>#216</styleUrl>
			<Polygon id="212">
				<outerBoundaryIs>
					<LinearRing id="214">
						<coordinates>
							148.9611321732498,-35.64030405634553,0 148.960699976713,-35.64037847542736,0 148.960836668418,-35.64063185688566,0 148.9613233408276,-35.64050649307932,0 148.9611321732498,-35.64030405634553,0 
						</coordinates>
					</LinearRing>
				</outerBoundaryIs>
			</Polygon>
		</Placemark>
		<Placemark id="220">
			<name>Former Orroral Valley Tracking Staion NFZ_0</name>
			<styleUrl>#223</styleUrl>
			<Polygon id="219">
				<outerBoundaryIs>
					<LinearRing id="221">
						<coordinates>
							148.9407733210793,-35.63232186558077,0 148.9404620294291,-35.63119843987401,0 148.9402723956949,-35.63005723738827,0 148.9402058579709,-35.62890694393696,0 148.9402629173504,-35.62775631415032,0 148.940443134272,-35.62661410484125,0 148.9407451320266,-35.62548900836604,0 148.9411666073918,-35.62438958648692,0 148.941704348307,-35.62332420523931,0 148.9423542584523,-35.62230097129861,0 148.9431113885392,-35.62132767032966,0 148.9439699740708,-35.62041170778672,0 148.9449234792824,-35.61956005261291,0 148.9459646469251,-35.61877918426556,0 148.9470855535134,-35.61807504346913,0 148.9482776696141,-35.61745298706807,0 148.9495319247196,-35.61691774732159,0 148.950838776213,-35.61647339594795,0 148.9521882819012,-35.61612331319027,0 148.9535701755671,-35.61587016213756,0 148.9549739449708,-35.61571586849501,0 148.9563889117075,-35.61566160595636,0 148.9578043123215,-35.61570778728879,0 148.9592093800613,-35.61585406119774,0 148.9605934266603,-35.6160993149951,0 148.9619459235251,-35.61644168305109,0 148.9632565817168,-35.61687856096535,0 148.9645154301239,-35.61740662535079,0 148.9657128912327,-35.61802185908059,0 148.9668398539247,-35.61871958180731,0 148.9678877427483,-35.61949448552401,0 148.9688485831401,-35.62034067489802,0 148.9697150621006,-35.62125171207265,0 148.9704805838634,-35.6222206655977,0 148.9711393201338,-35.62324016311836,0 148.9716862545123,-35.62430244742364,0 148.9721172207642,-35.62539943542919,0 148.9724289346405,-35.62652277964772,0 148.9726190190048,-35.62766393168025,0 148.9726860220702,-35.62881420724637,0 148.9726294286046,-35.62996485225927,0 148.9724496640128,-35.63110710944341,0 148.9721480912599,-35.63223228498784,0 148.9717270006551,-35.63333181472786,0 148.9711895925682,-35.63439732935074,0 148.970539953206,-35.63542071812855,0 148.9697830236298,-35.63639419069178,0 148.9689245622438,-35.63731033637239,0 148.9679711010406,-35.63816218066273,0 148.9669298959321,-35.63894323835922,0 148.965808871542,-35.63964756298414,0 148.9646165608831,-35.64026979210751,0 148.9633620403741,-35.64080518822204,0 148.9620548606965,-35.64124967485831,0 148.960704974015,-35.64159986766328,0 148.9593226581229,-35.64185310020424,0 148.9579184380892,-35.64200744430001,0 148.9565030060109,-35.64206172472386,0 148.955087139483,-35.64201552816516,0 148.9536816194134,-35.64186920638116,0 148.9522971478125,-35.64162387351455,0 148.9509442661874,-35.64128139759766,0 148.9496332751674,-35.64084438630811,0 148.9483741559773,-35.64031616708555,0 148.9471764943579,-35.63970076176146,0 148.9460494075203,-35.63900285589706,0 148.9450014746882,-35.63822776306385,0 148.9440406717623,-35.63738138434068,0 148.9431743106037,-35.63647016333756,0 148.9424089833991,-35.63550103709021,0 148.9417505125321,-35.6344813832015,0 148.9412039063378,-35.63341896363363,0 148.9407733210793,-35.63232186558077,0 
						</coordinates>
					</LinearRing>
				</outerBoundaryIs>
			</Polygon>
		</Placemark>
		<Placemark id="227">
			<name>Former Orroral Valley Tracking Staion NFZ</name>
			<styleUrl>#230</styleUrl>
			<Polygon id="226">
				<extrude>1</extrude>
				<altitudeMode>absolute</altitudeMode>
				<outerBoundaryIs>
					<LinearRing id="228">
						<coordinates>
							148.9407733210793,-35.63232186558077,1798.32 148.9404620294291,-35.63119843987401,1798.32 148.9402723956949,-35.63005723738827,1798.32 148.9402058579709,-35.62890694393696,1798.32 148.9402629173504,-35.62775631415032,1798.32 148.940443134272,-35.62661410484125,1798.32 148.9407451320266,-35.62548900836604,1798.32 148.9411666073918,-35.62438958648692,1798.32 148.941704348307,-35.62332420523931,1798.32 148.9423542584523,-35.62230097129861,1798.32 148.9431113885392,-35.62132767032966,1798.32 148.9439699740708,-35.62041170778672,1798.32 148.9449234792824,-35.61956005261291,1798.32 148.9459646469251,-35.61877918426556,1798.32 148.9470855535134,-35.61807504346913,1798.32 148.9482776696141,-35.61745298706807,1798.32 148.9495319247196,-35.61691774732159,1798.32 148.950838776213,-35.61647339594795,1798.32 148.9521882819012,-35.61612331319027,1798.32 148.9535701755671,-35.61587016213756,1798.32 148.9549739449708,-35.61571586849501,1798.32 148.9563889117075,-35.61566160595636,1798.32 148.9578043123215,-35.61570778728879,1798.32 148.9592093800613,-35.61585406119774,1798.32 148.9605934266603,-35.6160993149951,1798.32 148.9619459235251,-35.61644168305109,1798.32 148.9632565817168,-35.61687856096535,1798.32 148.9645154301239,-35.61740662535079,1798.32 148.9657128912327,-35.61802185908059,1798.32 148.9668398539247,-35.61871958180731,1798.32 148.9678877427483,-35.61949448552401,1798.32 148.9688485831401,-35.62034067489802,1798.32 148.9697150621006,-35.62125171207265,1798.32 148.9704805838634,-35.6222206655977,1798.32 148.9711393201338,-35.62324016311836,1798.32 148.9716862545123,-35.62430244742364,1798.32 148.9721172207642,-35.62539943542919,1798.32 148.9724289346405,-35.62652277964772,1798.32 148.9726190190048,-35.62766393168025,1798.32 148.9726860220702,-35.62881420724637,1798.32 148.9726294286046,-35.62996485225927,1798.32 148.9724496640128,-35.63110710944341,1798.32 148.9721480912599,-35.63223228498784,1798.32 148.9717270006551,-35.63333181472786,1798.32 148.9711895925682,-35.63439732935074,1798.32 148.970539953206,-35.63542071812855,1798.32 148.9697830236298,-35.63639419069178,1798.32 148.9689245622438,-35.63731033637239,1798.32 148.9679711010406,-35.63816218066273,1798.32 148.9669298959321,-35.63894323835922,1798.32 148.965808871542,-35.63964756298414,1798.32 148.9646165608831,-35.64026979210751,1798.32 148.9633620403741,-35.64080518822204,1798.32 148.9620548606965,-35.64124967485831,1798.32 148.960704974015,-35.64159986766328,1798.32 148.9593226581229,-35.64185310020424,1798.32 148.9579184380892,-35.64200744430001,1798.32 148.9565030060109,-35.64206172472386,1798.32 148.955087139483,-35.64201552816516,1798.32 148.9536816194134,-35.64186920638116,1798.32 148.9522971478125,-35.64162387351455,1798.32 148.9509442661874,-35.64128139759766,1798.32 148.9496332751674,-35.64084438630811,1798.32 148.9483741559773,-35.64031616708555,1798.32 148.9471764943579,-35.63970076176146,1798.32 148.9460494075203,-35.63900285589706,1798.32 148.9450014746882,-35.63822776306385,1798.32 148.9440406717623,-35.63738138434068,1798.32 148.9431743106037,-35.63647016333756,1798.32 148.9424089833991,-35.63550103709021,1798.32 148.9417505125321,-35.6344813832015,1798.32 148.9412039063378,-35.63341896363363,1798.32 148.9407733210793,-35.63232186558077,1798.32 
						</coordinates>
					</LinearRing>
				</outerBoundaryIs>
			</Polygon>
		</Placemark>
		<Placemark id="234">
			<name>Former Orroral Valley Tracking Staion NFZ_nfz_0</name>
			<styleUrl>#237</styleUrl>
			<Polygon id="233">
				<outerBoundaryIs>
					<LinearRing id="235">
						<coordinates>
							148.9581225057305,-35.62890852793321,0 148.9581193060351,-35.62881914648104,0 148.9581097177757,-35.62873006746742,0 148.9580937733959,-35.62864159230753,0 148.9580715268466,-35.62855402037329,0 148.9580430534028,-35.62846764798043,0 148.9580084494098,-35.62838276738577,0 148.9579678319566,-35.62829966579837,0 148.9579213384796,-35.6282186244077,0 148.9578691262982,-35.62813991743219,0 148.9578113720818,-35.62806381119131,0 148.9577482712525,-35.62799056320449,0 148.9576800373234,-35.62792042131974,0 148.9576069011765,-35.627853622875,0 148.9575291102815,-35.62779039389505,0 148.9574469278581,-35.62773094832675,0 148.9573606319856,-35.62767548731508,0 148.957270514662,-35.62762419852255,0 148.9571768808156,-35.62757725549421,0 148.9570800472739,-35.62753481707039,0 148.9569803416908,-35.6274970268493,0 148.9568781014386,-35.62746401270108,0 148.9567736724658,-35.62743588633514,0 148.956667408127,-35.62741274292222,0 148.9565596679872,-35.6273946607723,0 148.9564508166048,-35.62738170106966,0 148.9563412222985,-35.62737390766581,0 148.9562312559007,-35.62737130693117,0 148.956121289503,-35.62737390766581,0 148.9560116951967,-35.62738170106966,0 148.9559028438143,-35.6273946607723,0 148.9557951036745,-35.62741274292222,0 148.9556888393357,-35.62743588633514,0 148.9555844103629,-35.62746401270108,0 148.9554821701107,-35.6274970268493,0 148.9553824645276,-35.62753481707039,0 148.9552856309859,-35.62757725549421,0 148.9551919971395,-35.62762419852255,0 148.9551018798158,-35.62767548731508,0 148.9550155839434,-35.62773094832675,0 148.95493340152,-35.62779039389505,0 148.9548556106249,-35.627853622875,0 148.9547824744781,-35.62792042131974,0 148.954714240549,-35.62799056320449,0 148.9546511397197,-35.62806381119131,0 148.9545933855033,-35.62813991743219,0 148.9545411733219,-35.6282186244077,0 148.9544946798449,-35.62829966579837,0 148.9544540623917,-35.62838276738577,0 148.9544194583987,-35.62846764798043,0 148.9543909849549,-35.62855402037329,0 148.9543687384055,-35.62864159230753,0 148.9543527940258,-35.62873006746742,0 148.9543432057664,-35.62881914648104,0 148.954340006071,-35.62890852793321,0 148.9543432057664,-35.62899790938537,0 148.9543527940258,-35.62908698839898,0 148.9543687384055,-35.62917546355888,0 148.9543909849549,-35.62926303549311,0 148.9544194583987,-35.62934940788598,0 148.9544540623917,-35.62943428848064,0 148.9544946798449,-35.62951739006804,0 148.9545411733219,-35.6295984314587,0 148.9545933855033,-35.62967713843422,0 148.9546511397197,-35.6297532446751,0 148.954714240549,-35.62982649266191,0 148.9547824744781,-35.62989663454666,0 148.9548556106249,-35.6299634329914,0 148.95493340152,-35.63002666197136,0 148.9550155839434,-35.63008610753965,0 148.9551018798158,-35.63014156855132,0 148.9551919971395,-35.63019285734385,0 148.9552856309859,-35.63023980037219,0 148.9553824645276,-35.63028223879601,0 148.9554821701107,-35.63032002901711,0 148.9555844103629,-35.63035304316533,0 148.9556888393357,-35.63038116953126,0 148.9557951036745,-35.63040431294418,0 148.9559028438143,-35.6304223950941,0 148.9560116951967,-35.63043535479675,0 148.956121289503,-35.6304431482006,0 148.9562312559007,-35.63044574893524,0 148.9563412222985,-35.6304431482006,0 148.9564508166048,-35.63043535479675,0 148.9565596679872,-35.6304223950941,0 148.956667408127,-35.63040431294418,0 148.9567736724658,-35.63038116953126,0 148.9568781014386,-35.63035304316533,0 148.9569803416908,-35.63032002901711,0 148.9570800472739,-35.63028223879601,0 148.9571768808156,-35.63023980037219,0 148.957270514662,-35.63019285734385,0 148.9573606319856,-35.63014156855132,0 148.9574469278581,-35.63008610753965,0 148.9575291102815,-35.63002666197136,0 148.9576069011765,-35.6299634329914,0 148.9576800373234,-35.62989663454666,0 148.9577482712525,-35.62982649266191,0 148.9578113720818,-35.6297532446751,0 148.9578691262982,-35.62967713843422,0 148.9579213384796,-35.6295984314587,0 148.9579678319566,-35.62951739006804,0 148.9580084494098,-35.62943428848064,0 148.9580430534028,-35.62934940788598,0 148.9580715268466,-35.62926303549311,0 148.9580937733959,-35.62917546355888,0 148.9581097177757,-35.62908698839898,0 148.9581193060351,-35.62899790938537,0 
						</coordinates>
					</LinearRing>
				</outerBoundaryIs>
			</Polygon>
		</Placemark>
		<Placemark id="241">
			<name>Former Orroral Valley Tracking Staion NFZ_grb_0</name>
			<styleUrl>#244</styleUrl>
			<Polygon id="240">
				<outerBoundaryIs>
					<LinearRing id="242">
						<coordinates>
							148.9673655675174,-35.62890852793321,0 148.9673650190105,-35.62881869826287,0 148.9673633735437,-35.62872887744304,0 148.9673606312792,-35.62863907432338,0 148.9673567924872,-35.62854929775177,0 148.9673518575459,-35.6284595565735,0 148.9673458269414,-35.62836985963038,0 148.967338701268,-35.62828021575983,0 148.9673304812278,-35.62819063379406,0 148.9673211676305,-35.62810112255919,0 148.9673107613939,-35.62801169087437,0 148.9672992635433,-35.62792234755088,0 148.9672866752114,-35.62783310139132,0 148.9672729976385,-35.62774396118873,0 148.9672582321722,-35.62765493572569,0 148.9672423802673,-35.62756603377348,0 148.9672254434857,-35.62747726409121,0 148.9672074234959,-35.62738863542496,0 148.9671883220735,-35.62730015650691,0 148.9671681411004,-35.62721183605449,0 148.9671468825649,-35.62712368276954,0 148.9671245485617,-35.62703570533738,0 148.9671011412911,-35.62694791242605,0 148.9670766630593,-35.6268603126854,0 148.9670511162781,-35.62677291474622,0 148.9670245034645,-35.62668572721945,0 148.9669968272405,-35.62659875869529,0 148.966968090333,-35.62651201774234,0 148.9669382955732,-35.62642551290682,0 148.9669074458968,-35.62633925271165,0 148.9668755443431,-35.62625324565567,0 148.9668425940554,-35.62616750021277,0 148.96680859828,-35.62608202483106,0 148.9667735603664,-35.62599682793204,0 148.9667374837668,-35.62591191790979,0 148.9667003720356,-35.62582730313012,0 148.9666622288292,-35.62574299192972,0 148.9666230579057,-35.62565899261542,0 148.9665828631245,-35.62557531346329,0 148.9665416484458,-35.62549196271786,0 148.9664994179302,-35.62540894859131,0 148.9664561757387,-35.62532627926264,0 148.9664119261315,-35.62524396287689,0 148.9663666734685,-35.62516200754434,0 148.9663204222082,-35.62508042133967,0 148.9662731769074,-35.6249992123012,0 148.9662249422212,-35.62491838843011,0 148.9661757229017,-35.6248379576896,0 148.9661255237985,-35.62475792800415,0 148.9660743498573,-35.62467830725873,0 148.9660222061202,-35.62459910329802,0 148.9659690977245,-35.62452032392563,0 148.9659150299029,-35.62444197690334,0 148.9658600079824,-35.62436406995032,0 148.9658040373841,-35.62428661074239,0 148.9657471236224,-35.62420960691129,0 148.9656892723049,-35.62413306604384,0 148.9656304891313,-35.62405699568127,0 148.9655707798935,-35.62398140331845,0 148.965510150474,-35.62390629640317,0 148.9654486068467,-35.62383168233537,0 148.9653861550751,-35.62375756846644,0 148.9653228013121,-35.62368396209848,0 148.9652585518,-35.62361087048361,0 148.9651934128688,-35.62353830082321,0 148.9651273909363,-35.62346626026724,0 148.9650604925075,-35.62339475591356,0 148.9649927241736,-35.62332379480714,0 148.9649240926114,-35.62325338393948,0 148.9648546045829,-35.62318353024784,0 148.9647842669345,-35.62311424061459,0 148.9647130865962,-35.62304552186654,0 148.9646410705811,-35.62297738077422,0 148.9645682259846,-35.62290982405128,0 148.9644945599837,-35.62284285835379,0 148.9644200798365,-35.62277649027957,0 148.9643447928811,-35.62271072636756,0 148.9642687065353,-35.6226455730972,0 148.9641918282954,-35.62258103688774,0 148.9641141657359,-35.62251712409766,0 148.9640357265086,-35.62245384102397,0 148.9639565183418,-35.62239119390169,0 148.9638765490394,-35.62232918890317,0 148.9637958264806,-35.62226783213747,0 148.9637143586185,-35.62220712964979,0 148.9636321534797,-35.62214708742088,0 148.9635492191636,-35.62208771136644,0 148.9634655638415,-35.62202900733653,0 148.9633811957552,-35.62197098111498,0 148.9632961232175,-35.62191363841887,0 148.96321035461,-35.6218569848979,0 148.9631238983831,-35.62180102613391,0 148.963036763055,-35.62174576764025,0 148.9629489572108,-35.62169121486129,0 148.9628604895015,-35.62163737317189,0 148.9627713686436,-35.62158424787681,0 148.9626816034176,-35.62153184421026,0 148.9625912026677,-35.62148016733533,0 148.9625001753007,-35.62142922234352,0 148.9624085302852,-35.62137901425422,0 148.9623162766505,-35.62132954801418,0 148.9622234234859,-35.62128082849711,0 148.9621299799399,-35.62123286050313,0 148.962035955219,-35.62118564875828,0 148.9619413585871,-35.62113919791416,0 148.9618461993643,-35.62109351254734,0 148.9617504869263,-35.62104859715901,0 148.9616542307031,-35.62100445617446,0 148.9615574401785,-35.62096109394273,0 148.9614601248888,-35.62091851473609,0 148.9613622944221,-35.62087672274968,0 148.9612639584171,-35.62083572210108,0 148.9611651265625,-35.6207955168299,0 148.9610658085957,-35.62075611089739,0 148.960966014302,-35.62071750818603,0 148.9608657535138,-35.62067971249918,0 148.9607650361093,-35.62064272756069,0 148.9606638720117,-35.6206065570145,0 148.9605622711883,-35.62057120442433,0 148.9604602436493,-35.62053667327333,0 148.9603577994471,-35.6205029669637,0 148.9602549486751,-35.62047008881635,0 148.9601517014666,-35.62043804207064,0 148.9600480679941,-35.62040682988398,0 148.9599440584683,-35.62037645533158,0 148.9598396831366,-35.62034692140609,0 148.9597349522828,-35.62031823101737,0 148.9596298762254,-35.62029038699215,0 148.9595244653172,-35.62026339207377,0 148.9594187299438,-35.62023724892193,0 148.9593126805229,-35.6202119601124,0 148.959206327503,-35.62018752813676,0 148.9590996813625,-35.62016395540219,0 148.958992752609,-35.62014124423121,0 148.9588855517776,-35.62011939686144,0 148.9587780894302,-35.62009841544542,0 148.9586703761548,-35.62007830205033,0 148.9585624225638,-35.62005905865788,0 148.9584542392934,-35.62004068716401,0 148.9583458370023,-35.62002318937881,0 148.958237226371,-35.62000656702622,0 148.9581284181005,-35.619990821744,0 148.958019422911,-35.61997595508346,0 148.9579102515415,-35.61996196850933,0 148.957800914748,-35.61994886339965,0 148.9576914233031,-35.61993664104561,0 148.9575817879944,-35.61992530265141,0 148.9574720196239,-35.61991484933419,0 148.9573621290064,-35.61990528212386,0 148.9572521269691,-35.61989660196304,0 148.9571420243499,-35.61988880970695,0 148.9570318319968,-35.61988190612331,0 148.9569215607665,-35.61987589189231,0 148.9568112215236,-35.6198707676065,0 148.9567008251392,-35.61986653377077,0 148.9565903824903,-35.61986319080223,0 148.9564799044582,-35.61986073903028,0 148.9563694019279,-35.61985917869647,0 148.9562588857868,-35.61985850995452,0 148.9561483669233,-35.61985873287033,0 148.9560378562265,-35.61985984742194,0 148.9559273645846,-35.61986185349953,0 148.9558169028837,-35.61986475090546,0 148.9557064820071,-35.61986853935425,0 148.9555961128342,-35.61987321847264,0 148.9554858062391,-35.61987878779964,0 148.9553755730898,-35.6198852467865,0 148.955265424247,-35.61989259479687,0 148.9551553705634,-35.61990083110677,0 148.9550454228819,-35.61990995490471,0 148.9549355920353,-35.61991996529176,0 148.9548258888445,-35.61993086128167,0 148.9547163241184,-35.61994264180086,0 148.9546069086516,-35.61995530568869,0 148.9544976532246,-35.61996885169743,0 148.9543885686016,-35.61998327849245,0 148.9542796655304,-35.61999858465234,0 148.9541709547406,-35.62001476866905,0 148.9540624469431,-35.62003182894806,0 148.9539541528287,-35.62004976380847,0 148.9538460830669,-35.62006857148327,0 148.9537382483057,-35.62008825011939,0 148.9536306591692,-35.62010879777801,0 148.953523326258,-35.62013021243465,0 148.9534162601469,-35.62015249197941,0 148.9533094713847,-35.6201756342172,0 148.953202970493,-35.62019963686791,0 148.9530967679645,-35.62022449756668,0 148.9529908742632,-35.62025021386408,0 148.9528852998222,-35.62027678322641,0 148.9527800550432,-35.6203042030359,0 148.9526751502956,-35.62033247059102,0 148.9525705959152,-35.62036158310666,0 148.9524664022032,-35.62039153771453,0 148.9523625794254,-35.6204223314633,0 148.952259137811,-35.62045396131904,0 148.9521560875516,-35.62048642416536,0 148.9520534388002,-35.62051971680388,0 148.9519512016705,-35.6205538359544,0 148.9518493862354,-35.62058877825532,0 148.9517480025263,-35.62062454026393,0 148.9516470605321,-35.62066111845677,0 148.9515465701981,-35.62069850922994,0 148.9514465414252,-35.62073670889949,0 148.9513469840689,-35.6207757137018,0 148.9512479079379,-35.62081551979389,0 148.951149322794,-35.62085612325384,0 148.9510512383501,-35.62089752008118,0 148.9509536642702,-35.62093970619726,0 148.9508566101678,-35.62098267744567,0 148.9507600856051,-35.62102642959265,0 148.9506641000924,-35.6210709583275,0 148.9505686630866,-35.62111625926299,0 148.9504737839908,-35.62116232793583,0 148.9503794721528,-35.62120915980709,0 148.9502857368649,-35.62125675026261,0 148.9501925873624,-35.62130509461354,0 148.9501000328229,-35.62135418809672,0 148.9500080823653,-35.62140402587518,0 148.9499167450492,-35.62145460303864,0 148.9498260298736,-35.62150591460394,0 148.9497359457762,-35.62155795551561,0 148.9496465016326,-35.62161072064626,0 148.9495577062554,-35.6216642047972,0 148.9494695683932,-35.62171840269887,0 148.9493820967298,-35.62177330901139,0 148.9492952998833,-35.62182891832509,0 148.9492091864056,-35.62188522516103,0 148.9491237647809,-35.62194222397155,0 148.9490390434256,-35.62199990914082,0 148.9489550306867,-35.62205827498537,0 148.9488717348417,-35.62211731575468,0 148.9487891640973,-35.62217702563172,0 148.948707326589,-35.62223739873355,0 148.9486262303797,-35.62229842911188,0 148.9485458834596,-35.62236011075365,0 148.9484662937448,-35.62242243758166,0 148.948387469077,-35.62248540345512,0 148.9483094172224,-35.62254900217027,0 148.948232145871,-35.62261322746102,0 148.9481556626362,-35.62267807299956,0 148.9480799750534,-35.62274353239692,0 148.9480050905799,-35.6228095992037,0 148.9479310165935,-35.62287626691062,0 148.9478577603927,-35.62294352894922,0 148.9477853291948,-35.62301137869247,0 148.9477137301363,-35.62307980945543,0 148.9476429702715,-35.62314881449593,0 148.947573056572,-35.62321838701521,0 148.9475039959261,-35.62328852015861,0 148.9474357951381,-35.62335920701621,0 148.9473684609274,-35.62343044062356,0 148.9473019999283,-35.62350221396233,0 148.9472364186888,-35.62357451996101,0 148.9471717236703,-35.62364735149563,0 148.947107921247,-35.6237207013904,0 148.9470450177051,-35.6237945624185,0 148.946983019242,-35.62386892730273,0 148.9469219319663,-35.62394378871625,0 148.9468617618966,-35.6240191392833,0 148.9468025149612,-35.62409497157992,0 148.9467441969975,-35.6241712781347,0 148.9466868137511,-35.6242480514295,0 148.946630370876,-35.6243252839002,0 148.9465748739331,-35.62440296793741,0 148.9465203283902,-35.62448109588727,0 148.9464667396216,-35.62455966005219,0 148.9464141129071,-35.62463865269159,0 148.9463624534317,-35.62471806602269,0 148.9463117662852,-35.62479789222125,0 148.9462620564617,-35.62487812342234,0 148.9462133288587,-35.62495875172114,0 148.9461655882773,-35.62503976917371,0 148.946118839421,-35.62512116779777,0 148.9460730868958,-35.62520293957346,0 148.9460283352096,-35.62528507644419,0 148.9459845887715,-35.62536757031737,0 148.9459418518916,-35.62545041306524,0 148.9459001287806,-35.62553359652571,0 148.9458594235493,-35.62561711250305,0 148.9458197402083,-35.62570095276883,0 148.9457810826672,-35.62578510906263,0 148.945743454735,-35.62586957309289,0 148.9457068601189,-35.62595433653778,0 148.9456713024243,-35.62603939104593,0 148.9456367851548,-35.62612472823729,0 148.9456033117109,-35.62621033970397,0 148.9455708853909,-35.62629621701105,0 148.9455395093894,-35.62638235169744,0 148.9455091867979,-35.62646873527667,0 148.9454799206038,-35.62655535923773,0 148.9454517136907,-35.62664221504599,0 148.9454245688376,-35.62672929414391,0 148.945398488719,-35.62681658795196,0 148.9453734759044,-35.62690408786952,0 148.9453495328584,-35.62699178527557,0 148.9453266619398,-35.62707967152969,0 148.9453048654019,-35.62716773797285,0 148.9452841453925,-35.62725597592825,0 148.9452645039528,-35.62734437670221,0 148.9452459430182,-35.62743293158498,0 148.9452284644172,-35.62752163185166,0 148.945212069872,-35.627610468763,0 148.9451967609979,-35.62769943356629,0 148.9451825393031,-35.62778851749624,0 148.945169406189,-35.62787771177581,0 148.9451573629494,-35.62796700761708,0 148.9451464107709,-35.62805639622212,0 148.9451365507325,-35.6281458687839,0 148.9451277838058,-35.62823541648707,0 148.9451201108545,-35.62832503050889,0 148.9451135326346,-35.6284147020201,0 148.9451080497942,-35.62850442218576,0 148.9451036628734,-35.62859418216617,0 148.9451003723047,-35.62868397311765,0 148.945098178412,-35.62877378619351,0 148.9450970814116,-35.62886361254487,0 148.9450970814116,-35.62895344332154,0 148.945098178412,-35.6290432696729,0 148.9451003723047,-35.62913308274877,0 148.9451036628734,-35.62922287370024,0 148.9451080497942,-35.62931263368064,0 148.9451135326346,-35.62940235384631,0 148.9451201108545,-35.62949202535752,0 148.9451277838058,-35.62958163937934,0 148.9451365507325,-35.6296711870825,0 148.9451464107709,-35.62976065964428,0 148.9451573629494,-35.62985004824933,0 148.945169406189,-35.62993934409059,0 148.9451825393031,-35.63002853837016,0 148.9451967609979,-35.63011762230012,0 148.945212069872,-35.63020658710342,0 148.9452284644172,-35.63029542401475,0 148.9452459430182,-35.63038412428142,0 148.9452645039528,-35.6304726791642,0 148.9452841453925,-35.63056107993815,0 148.9453048654019,-35.63064931789355,0 148.9453266619398,-35.63073738433671,0 148.9453495328584,-35.63082527059084,0 148.9453734759044,-35.63091296799689,0 148.945398488719,-35.63100046791444,0 148.9454245688376,-35.6310877617225,0 148.9454517136907,-35.63117484082041,0 148.9454799206038,-35.63126169662867,0 148.9455091867979,-35.63134832058974,0 148.9455395093894,-35.63143470416897,0 148.9455708853909,-35.63152083885535,0 148.9456033117109,-35.63160671616244,0 148.9456367851548,-35.63169232762912,0 148.9456713024243,-35.63177766482048,0 148.9457068601189,-35.63186271932862,0 148.945743454735,-35.63194748277351,0 148.9457810826672,-35.63203194680379,0 148.9458197402083,-35.63211610309758,0 148.9458594235493,-35.63219994336335,0 148.9459001287806,-35.6322834593407,0 148.9459418518916,-35.63236664280116,0 148.9459845887715,-35.63244948554905,0 148.9460283352096,-35.63253197942222,0 148.9460730868958,-35.63261411629295,0 148.946118839421,-35.63269588806865,0 148.9461655882773,-35.6327772866927,0 148.9462133288587,-35.63285830414527,0 148.9462620564617,-35.63293893244407,0 148.9463117662852,-35.63301916364516,0 148.9463624534317,-35.63309898984371,0 148.9464141129071,-35.63317840317482,0 148.9464667396216,-35.63325739581422,0 148.9465203283902,-35.63333595997914,0 148.9465748739331,-35.633414087929,0 148.946630370876,-35.63349177196621,0 148.9466868137511,-35.6335690044369,0 148.9467441969975,-35.6336457777317,0 148.9468025149612,-35.63372208428648,0 148.9468617618966,-35.63379791658311,0 148.9469219319663,-35.63387326715016,0 148.946983019242,-35.63394812856368,0 148.9470450177051,-35.6340224934479,0 148.947107921247,-35.63409635447601,0 148.9471717236703,-35.63416970437078,0 148.9472364186888,-35.63424253590539,0 148.9473019999283,-35.63431484190408,0 148.9473684609274,-35.63438661524285,0 148.9474357951381,-35.6344578488502,0 148.9475039959261,-35.6345285357078,0 148.947573056572,-35.6345986688512,0 148.9476429702715,-35.63466824137048,0 148.9477137301363,-35.63473724641097,0 148.9477853291948,-35.63480567717394,0 148.9478577603927,-35.63487352691719,0 148.9479310165935,-35.63494078895578,0 148.9480050905799,-35.63500745666271,0 148.9480799750534,-35.63507352346949,0 148.9481556626362,-35.63513898286685,0 148.948232145871,-35.63520382840538,0 148.9483094172224,-35.63526805369614,0 148.948387469077,-35.6353316524113,0 148.9484662937448,-35.63539461828474,0 148.9485458834596,-35.63545694511275,0 148.9486262303797,-35.63551862675452,0 148.948707326589,-35.63557965713285,0 148.9487891640973,-35.63564003023468,0 148.9488717348417,-35.63569974011173,0 148.9489550306867,-35.63575878088103,0 148.9490390434256,-35.63581714672559,0 148.9491237647809,-35.63587483189486,0 148.9492091864056,-35.63593183070537,0 148.9492952998833,-35.63598813754133,0 148.9493820967298,-35.63604374685502,0 148.9494695683932,-35.63609865316754,0 148.9495577062554,-35.63615285106921,0 148.9496465016326,-35.63620633522014,0 148.9497359457762,-35.6362591003508,0 148.9498260298736,-35.63631114126246,0 148.9499167450492,-35.63636245282777,0 148.9500080823653,-35.63641302999123,0 148.9501000328229,-35.63646286776969,0 148.9501925873624,-35.63651196125286,0 148.9502857368649,-35.63656030560379,0 148.9503794721528,-35.63660789605932,0 148.9504737839908,-35.63665472793057,0 148.9505686630866,-35.63670079660341,0 148.9506641000924,-35.63674609753891,0 148.9507600856051,-35.63679062627376,0 148.9508566101678,-35.63683437842073,0 148.9509536642702,-35.63687734966915,0 148.9510512383501,-35.63691953578522,0 148.951149322794,-35.63696093261256,0 148.9512479079379,-35.63700153607251,0 148.9513469840689,-35.6370413421646,0 148.9514465414252,-35.63708034696691,0 148.9515465701981,-35.63711854663647,0 148.9516470605321,-35.63715593740964,0 148.9517480025263,-35.63719251560247,0 148.9518493862354,-35.63722827761109,0 148.9519512016705,-35.63726321991201,0 148.9520534388002,-35.63729733906253,0 148.9521560875516,-35.63733063170105,0 148.952259137811,-35.63736309454737,0 148.9523625794254,-35.63739472440311,0 148.9524664022032,-35.63742551815189,0 148.9525705959152,-35.63745547275975,0 148.9526751502956,-35.63748458527539,0 148.9527800550432,-35.6375128528305,0 148.9528852998222,-35.63754027264,0 148.9529908742632,-35.63756684200233,0 148.9530967679645,-35.63759255829973,0 148.953202970493,-35.6376174189985,0 148.9533094713847,-35.63764142164921,0 148.9534162601469,-35.637664563887,0 148.953523326258,-35.63768684343176,0 148.9536306591692,-35.6377082580884,0 148.9537382483057,-35.63772880574701,0 148.9538460830669,-35.63774848438314,0 148.9539541528287,-35.63776729205793,0 148.9540624469431,-35.63778522691835,0 148.9541709547406,-35.63780228719735,0 148.9542796655304,-35.63781847121407,0 148.9543885686016,-35.63783377737396,0 148.9544976532246,-35.63784820416898,0 148.9546069086516,-35.63786175017771,0 148.9547163241184,-35.63787441406554,0 148.9548258888445,-35.63788619458474,0 148.9549355920353,-35.63789709057464,0 148.9550454228819,-35.6379071009617,0 148.9551553705634,-35.63791622475964,0 148.955265424247,-35.63792446106954,0 148.9553755730898,-35.6379318090799,0 148.9554858062391,-35.63793826806676,0 148.9555961128342,-35.63794383739376,0 148.9557064820071,-35.63794851651215,0 148.9558169028837,-35.63795230496095,0 148.9559273645846,-35.63795520236688,0 148.9560378562265,-35.63795720844447,0 148.9561483669233,-35.63795832299608,0 148.9562588857868,-35.63795854591189,0 148.9563694019279,-35.63795787716995,0 148.9564799044582,-35.63795631683612,0 148.9565903824903,-35.63795386506417,0 148.9567008251392,-35.63795052209564,0 148.9568112215236,-35.6379462882599,0 148.9569215607665,-35.6379411639741,0 148.9570318319968,-35.63793514974309,0 148.9571420243499,-35.63792824615946,0 148.9572521269691,-35.63792045390336,0 148.9573621290064,-35.63791177374254,0 148.9574720196239,-35.63790220653222,0 148.9575817879944,-35.63789175321499,0 148.9576914233031,-35.6378804148208,0 148.957800914748,-35.63786819246676,0 148.9579102515415,-35.63785508735707,0 148.958019422911,-35.63784110078294,0 148.9581284181005,-35.6378262341224,0 148.958237226371,-35.63781048884018,0 148.9583458370023,-35.6377938664876,0 148.9584542392934,-35.63777636870239,0 148.9585624225638,-35.63775799720853,0 148.9586703761548,-35.63773875381607,0 148.9587780894302,-35.63771864042099,0 148.9588855517776,-35.63769765900496,0 148.958992752609,-35.6376758116352,0 148.9590996813625,-35.63765310046421,0 148.959206327503,-35.63762952772964,0 148.9593126805229,-35.637605095754,0 148.9594187299438,-35.63757980694447,0 148.9595244653172,-35.63755366379264,0 148.9596298762254,-35.63752666887426,0 148.9597349522828,-35.63749882484903,0 148.9598396831366,-35.63747013446032,0 148.9599440584683,-35.63744060053482,0 148.9600480679941,-35.63741022598242,0 148.9601517014666,-35.63737901379577,0 148.9602549486751,-35.63734696705006,0 148.9603577994471,-35.63731408890271,0 148.9604602436493,-35.63728038259308,0 148.9605622711883,-35.63724585144207,0 148.9606638720117,-35.63721049885191,0 148.9607650361093,-35.63717432830572,0 148.9608657535138,-35.63713734336722,0 148.960966014302,-35.63709954768037,0 148.9610658085957,-35.63706094496901,0 148.9611651265625,-35.6370215390365,0 148.9612639584171,-35.63698133376533,0 148.9613622944221,-35.63694033311673,0 148.9614601248888,-35.63689854113032,0 148.9615574401785,-35.63685596192368,0 148.9616542307031,-35.63681259969194,0 148.9617504869263,-35.6367684587074,0 148.9618461993643,-35.63672354331906,0 148.9619413585871,-35.63667785795224,0 148.962035955219,-35.63663140710812,0 148.9621299799399,-35.63658419536328,0 148.9622234234859,-35.63653622736929,0 148.9623162766505,-35.63648750785222,0 148.9624085302852,-35.63643804161219,0 148.9625001753007,-35.63638783352288,0 148.9625912026677,-35.63633688853107,0 148.9626816034176,-35.63628521165614,0 148.9627713686436,-35.63623280798959,0 148.9628604895015,-35.63617968269452,0 148.9629489572108,-35.63612584100512,0 148.963036763055,-35.63607128822616,0 148.9631238983831,-35.6360160297325,0 148.96321035461,-35.63596007096851,0 148.9632961232175,-35.63590341744754,0 148.9633811957552,-35.63584607475143,0 148.9634655638415,-35.63578804852988,0 148.9635492191636,-35.63572934449996,0 148.9636321534797,-35.63566996844553,0 148.9637143586185,-35.63560992621662,0 148.9637958264806,-35.63554922372894,0 148.9638765490394,-35.63548786696324,0 148.9639565183418,-35.63542586196471,0 148.9640357265086,-35.63536321484244,0 148.9641141657359,-35.63529993176875,0 148.9641918282954,-35.63523601897867,0 148.9642687065353,-35.63517148276921,0 148.9643447928811,-35.63510632949884,0 148.9644200798365,-35.63504056558684,0 148.9644945599837,-35.63497419751261,0 148.9645682259846,-35.63490723181512,0 148.9646410705811,-35.63483967509219,0 148.9647130865962,-35.63477153399987,0 148.9647842669345,-35.63470281525181,0 148.9648546045829,-35.63463352561857,0 148.9649240926114,-35.63456367192693,0 148.9649927241736,-35.63449326105926,0 148.9650604925075,-35.63442229995285,0 148.9651273909363,-35.63435079559916,0 148.9651934128688,-35.6342787550432,0 148.9652585518,-35.63420618538279,0 148.9653228013121,-35.63413309376793,0 148.9653861550751,-35.63405948739997,0 148.9654486068467,-35.63398537353104,0 148.965510150474,-35.63391075946323,0 148.9655707798935,-35.63383565254795,0 148.9656304891313,-35.63376006018513,0 148.9656892723049,-35.63368398982256,0 148.9657471236224,-35.63360744895511,0 148.9658040373841,-35.63353044512401,0 148.9658600079824,-35.63345298591609,0 148.9659150299029,-35.63337507896307,0 148.9659690977245,-35.63329673194077,0 148.9660222061202,-35.63321795256838,0 148.9660743498573,-35.63313874860767,0 148.9661255237985,-35.63305912786225,0 148.9661757229017,-35.6329790981768,0 148.9662249422212,-35.63289866743629,0 148.9662731769074,-35.6328178435652,0 148.9663204222082,-35.63273663452674,0 148.9663666734685,-35.63265504832206,0 148.9664119261315,-35.63257309298952,0 148.9664561757387,-35.63249077660377,0 148.9664994179302,-35.6324081072751,0 148.9665416484458,-35.63232509314854,0 148.9665828631245,-35.63224174240312,0 148.9666230579057,-35.63215806325098,0 148.9666622288292,-35.63207406393668,0 148.9667003720356,-35.63198975273629,0 148.9667374837668,-35.63190513795661,0 148.9667735603664,-35.63182022793437,0 148.96680859828,-35.63173503103535,0 148.9668425940554,-35.63164955565364,0 148.9668755443431,-35.63156381021074,0 148.9669074458968,-35.63147780315475,0 148.9669382955732,-35.63139154295958,0 148.966968090333,-35.63130503812406,0 148.9669968272405,-35.63121829717112,0 148.9670245034645,-35.63113132864695,0 148.9670511162781,-35.63104414112019,0 148.9670766630593,-35.63095674318101,0 148.9671011412911,-35.63086914344035,0 148.9671245485617,-35.63078135052902,0 148.9671468825649,-35.63069337309687,0 148.9671681411004,-35.63060521981192,0 148.9671883220735,-35.6305168993595,0 148.9672074234959,-35.63042842044145,0 148.9672254434857,-35.6303397917752,0 148.9672423802673,-35.63025102209293,0 148.9672582321722,-35.63016212014072,0 148.9672729976385,-35.63007309467767,0 148.9672866752114,-35.62998395447509,0 148.9672992635433,-35.62989470831553,0 148.9673107613939,-35.62980536499204,0 148.9673211676305,-35.62971593330721,0 148.9673304812278,-35.62962642207234,0 148.967338701268,-35.62953684010657,0 148.9673458269414,-35.62944719623602,0 148.9673518575459,-35.6293574992929,0 148.9673567924872,-35.62926775811464,0 148.9673606312792,-35.62917798154303,0 148.9673633735437,-35.62908817842337,0 148.9673650190105,-35.62899835760354,0 
						</coordinates>
					</LinearRing>
				</outerBoundaryIs>
			</Polygon>
		</Placemark>
		<Placemark id="248">
			<name>Former Orroral Valley Tracking Staion NFZ_dv_0</name>
			<styleUrl>#251</styleUrl>
			<Polygon id="247">
				<outerBoundaryIs>
					<LinearRing id="249">
						<coordinates>
							148.9760068589821,-35.62890852793321,0 148.9760065500054,-35.62881867579025,0 148.976005623085,-35.62872882645502,0 148.9760040782498,-35.62863898273516,0 148.9760019155481,-35.62854914743811,0 148.9759991350475,-35.62845932337109,0 148.9759957368348,-35.62836951334093,0 148.9759917210163,-35.62827972015404,0 148.9759870877174,-35.62818994661631,0 148.975981837083,-35.628100195533,0 148.9759759692771,-35.62801046970868,0 148.975969484483,-35.62792077194712,0 148.9759623829035,-35.62783110505124,0 148.9759546647603,-35.62774147182296,0 148.9759463302947,-35.62765187506315,0 148.9759373797672,-35.62756231757158,0 148.9759278134573,-35.62747280214676,0 148.9759176316641,-35.62738333158588,0 148.9759068347058,-35.62729390868475,0 148.9758954229196,-35.62720453623767,0 148.9758833966622,-35.62711521703739,0 148.9758707563094,-35.62702595387498,0 148.9758575022562,-35.62693674953974,0 148.9758436349167,-35.62684760681918,0 148.9758291547243,-35.62675852849883,0 148.9758140621315,-35.62666951736225,0 148.9757983576098,-35.62658057619087,0 148.9757820416501,-35.62649170776395,0 148.9757651147621,-35.6264029148585,0 148.9757475774748,-35.62631420024911,0 148.9757294303362,-35.62622556670797,0 148.9757106739134,-35.62613701700474,0 148.9756913087925,-35.62604855390642,0 148.9756713355786,-35.62596018017735,0 148.9756507548958,-35.62587189857905,0 148.9756295673873,-35.62578371187016,0 148.975607773715,-35.62569562280637,0 148.9755853745602,-35.6256076341403,0 148.9755623706226,-35.62551974862146,0 148.9755387626211,-35.62543196899611,0 148.9755145512933,-35.62534429800721,0 148.975489737396,-35.62525673839433,0 148.9754643217044,-35.62516929289357,0 148.9754383050128,-35.62508196423742,0 148.9754116881341,-35.62499475515479,0 148.9753844719001,-35.62490766837077,0 148.9753566571613,-35.6248207066067,0 148.9753282447867,-35.62473387257997,0 148.9752992356642,-35.624647169004,0 148.9752696307004,-35.62456059858812,0 148.9752394308202,-35.62447416403752,0 148.9752086369675,-35.62438786805312,0 148.9751772501045,-35.62430171333152,0 148.9751452712119,-35.62421570256492,0 148.975112701289,-35.62412983844099,0 148.9750795413536,-35.62404412364283,0 148.975045792442,-35.6239585608489,0 148.9750114556086,-35.62387315273288,0 148.9749765319264,-35.62378790196362,0 148.9749410224867,-35.62370281120506,0 148.9749049283992,-35.62361788311616,0 148.9748682507918,-35.62353312035075,0 148.9748309908105,-35.62344852555753,0 148.9747931496197,-35.62336410137993,0 148.9747547284018,-35.62327985045609,0 148.9747157283574,-35.62319577541867,0 148.9746761507052,-35.6231118788949,0 148.974635996682,-35.62302816350638,0 148.9745952675424,-35.62294463186907,0 148.9745539645593,-35.6228612865932,0 148.9745120890231,-35.62277813028317,0 148.9744696422426,-35.62269516553745,0 148.9744266255441,-35.62261239494857,0 148.9743830402717,-35.62252982110295,0 148.9743388877874,-35.62244744658088,0 148.974294169471,-35.62236527395643,0 148.9742488867198,-35.62228330579735,0 148.9742030409487,-35.62220154466501,0 148.9741566335905,-35.6221199931143,0 148.9741096660952,-35.62203865369354,0 148.9740621399306,-35.62195752894448,0 148.9740140565816,-35.62187662140212,0 148.9739654175509,-35.62179593359467,0 148.9739162243583,-35.62171546804349,0 148.9738664785411,-35.62163522726299,0 148.9738161816535,-35.62155521376057,0 148.9737653352676,-35.62147543003648,0 148.9737139409719,-35.62139587858385,0 148.9736620003726,-35.62131656188852,0 148.9736095150927,-35.621237482429,0 148.9735564867722,-35.62115864267638,0 148.9735029170683,-35.62108004509426,0 148.9734488076548,-35.6210016921387,0 148.9733941602225,-35.62092358625808,0 148.9733389764792,-35.62084572989307,0 148.9732832581493,-35.62076812547656,0 148.9732270069737,-35.62069077543354,0 148.9731702247103,-35.62061368218109,0 148.9731129131335,-35.6205368481282,0 148.9730550740341,-35.62046027567583,0 148.9729967092194,-35.62038396721674,0 148.9729378205134,-35.62030792513542,0 148.972878409756,-35.62023215180807,0 148.972818478804,-35.62015664960246,0 148.9727580295298,-35.62008142087791,0 148.9726970638226,-35.62000646798518,0 148.9726355835874,-35.61993179326644,0 148.9725735907454,-35.61985739905512,0 148.9725110872336,-35.61978328767594,0 148.9724480750052,-35.61970946144471,0 148.9723845560293,-35.61963592266842,0 148.9723205322907,-35.61956267364499,0 148.9722560057901,-35.61948971666335,0 148.9721909785437,-35.61941705400326,0 148.9721254525836,-35.61934468793532,0 148.9720594299574,-35.61927262072084,0 148.9719929127281,-35.6192008546118,0 148.9719259029742,-35.61912939185074,0 148.9718584027898,-35.61905823467078,0 148.9717904142841,-35.61898738529545,0 148.9717219395817,-35.61891684593866,0 148.9716529808221,-35.61884661880466,0 148.9715835401603,-35.61877670608791,0 148.9715136197662,-35.61870710997308,0 148.9714432218246,-35.61863783263491,0 148.9713723485354,-35.61856887623819,0 148.9713010021133,-35.61850024293771,0 148.9712291847876,-35.61843193487814,0 148.9711568988026,-35.61836395419397,0 148.9710841464171,-35.6182963030095,0 148.9710109299045,-35.6182289834387,0 148.9709372515526,-35.6181619975852,0 148.9708631136638,-35.61809534754218,0 148.9707885185547,-35.61802903539235,0 148.9707134685564,-35.61796306320783,0 148.9706379660139,-35.61789743305016,0 148.9705620132867,-35.61783214697017,0 148.9704856127481,-35.61776720700791,0 148.9704087667855,-35.61770261519266,0 148.9703314778002,-35.61763837354281,0 148.9702537482074,-35.61757448406578,0 148.9701755804359,-35.61751094875803,0 148.9700969769284,-35.61744776960491,0 148.9700179401411,-35.61738494858066,0 148.9699384725438,-35.61732248764834,0 148.9698585766197,-35.61726038875974,0 148.9697782548653,-35.61719865385533,0 148.9696975097907,-35.61713728486424,0 148.9696163439189,-35.61707628370414,0 148.9695347597863,-35.6170156522812,0 148.9694527599422,-35.61695539249006,0 148.969370346949,-35.61689550621372,0 148.9692875233819,-35.61683599532353,0 148.969204291829,-35.61677686167911,0 148.9691206548912,-35.61671810712826,0 148.969036615182,-35.61665973350699,0 148.9689521753274,-35.61660174263936,0 148.9688673379661,-35.61654413633748,0 148.9687821057491,-35.61648691640146,0 148.9686964813397,-35.6164300846193,0 148.9686104674137,-35.61637364276692,0 148.9685240666586,-35.61631759260802,0 148.9684372817746,-35.61626193589407,0 148.9683501154732,-35.61620667436424,0 148.9682625704785,-35.61615180974538,0 148.968174649526,-35.61609734375189,0 148.9680863553632,-35.61604327808573,0 148.967997690749,-35.6159896144364,0 148.967908658454,-35.61593635448077,0 148.9678192612604,-35.61588349988311,0 148.9677295019617,-35.61583105229506,0 148.9676393833627,-35.61577901335549,0 148.9675489082794,-35.61572738469055,0 148.9674580795391,-35.61567616791354,0 148.9673668999799,-35.61562536462489,0 148.9672753724512,-35.61557497641212,0 148.9671834998129,-35.61552500484976,0 148.9670912849359,-35.61547545149936,0 148.9669987307018,-35.61542631790937,0 148.9669058400027,-35.61537760561512,0 148.9668126157414,-35.61532931613878,0 148.9667190608308,-35.61528145098933,0 148.9666251781945,-35.61523401166246,0 148.9665309707661,-35.61518699964057,0 148.9664364414894,-35.61514041639271,0 148.9663415933183,-35.61509426337452,0 148.9662464292167,-35.61504854202821,0 148.9661509521582,-35.61500325378248,0 148.9660551651263,-35.61495840005251,0 148.9659590711143,-35.61491398223991,0 148.9658626731249,-35.61487000173266,0 148.9657659741704,-35.61482645990507,0 148.9656689772724,-35.61478335811776,0 148.9655716854619,-35.61474069771756,0 148.9654741017792,-35.61469848003755,0 148.9653762292735,-35.61465670639697,0 148.9652780710033,-35.61461537810116,0 148.9651796300357,-35.61457449644156,0 148.9650809094468,-35.61453406269564,0 148.9649819123217,-35.6144940781269,0 148.9648826417536,-35.61445454398479,0 148.9647831008447,-35.61441546150468,0 148.9646832927054,-35.61437683190782,0 148.9645832204546,-35.61433865640133,0 148.9644828872194,-35.61430093617812,0 148.964382296135,-35.6142636724169,0 148.9642814503446,-35.61422686628207,0 148.9641803529996,-35.61419051892378,0 148.9640790072591,-35.61415463147781,0 148.9639774162899,-35.61411920506558,0 148.9638755832665,-35.61408424079412,0 148.9637735113712,-35.61404973975598,0 148.9636712037935,-35.61401570302929,0 148.9635686637302,-35.6139821316776,0 148.9634658943856,-35.61394902674999,0 148.9633628989712,-35.61391638928091,0 148.9632596807051,-35.61388422029023,0 148.963156242813,-35.61385252078318,0 148.963052588527,-35.61382129175031,0 148.9629487210861,-35.61379053416748,0 148.9628446437361,-35.6137602489958,0 148.9627403597292,-35.61373043718164,0 148.962635872324,-35.61370109965656,0 148.9625311847857,-35.61367223733731,0 148.9624263003854,-35.61364385112579,0 148.9623212224007,-35.61361594190902,0 148.9622159541151,-35.6135885105591,0 148.9621104988181,-35.61356155793324,0 148.9620048598048,-35.61353508487364,0 148.9618990403765,-35.61350909220754,0 148.9617930438397,-35.61348358074719,0 148.9616868735066,-35.61345855128974,0 148.9615805326949,-35.61343400461734,0 148.9614740247276,-35.61340994149703,0 148.9613673529327,-35.61338636268075,0 148.9612605206438,-35.61336326890527,0 148.961153531199,-35.61334066089226,0 148.9610463879416,-35.61331853934816,0 148.9609390942198,-35.61329690496424,0 148.960831653386,-35.61327575841653,0 148.9607240687978,-35.61325510036584,0 148.9606163438171,-35.61323493145768,0 148.9605084818098,-35.6132152523223,0 148.9604004861467,-35.61319606357463,0 148.9602923602023,-35.61317736581431,0 148.9601841073555,-35.61315915962559,0 148.9600757309888,-35.61314144557738,0 148.959967234489,-35.61312422422323,0 148.9598586212464,-35.61310749610128,0 148.9597498946547,-35.61309126173423,0 148.9596410581118,-35.6130755216294,0 148.9595321150184,-35.61306027627862,0 148.9594230687789,-35.6130455261583,0 148.9593139228007,-35.61303127172935,0 148.9592046804946,-35.61301751343719,0 148.9590953452741,-35.61300425171175,0 148.9589859205557,-35.61299148696743,0 148.9588764097588,-35.61297921960311,0 148.9587668163055,-35.61296745000213,0 148.9586571436202,-35.61295617853225,0 148.9585473951302,-35.6129454055457,0 148.9584375742648,-35.61293513137912,0 148.9583276844558,-35.61292535635356,0 148.958217729137,-35.61291608077445,0 148.9581077117444,-35.61290730493167,0 148.9579976357157,-35.61289902909942,0 148.9578875044908,-35.61289125353632,0 148.957777321511,-35.61288397848534,0 148.9576670902192,-35.61287720417381,0 148.9575568140602,-35.61287093081342,0 148.9574464964797,-35.61286515860021,0 148.9573361409251,-35.61285988771454,0 148.9572257508447,-35.61285511832111,0 148.9571153296881,-35.61285085056897,0 148.9570048809057,-35.61284708459146,0 148.9568944079489,-35.61284382050629,0 148.9567839142697,-35.61284105841544,0 148.9566734033208,-35.61283879840521,0 148.9565628785557,-35.61283704054625,0 148.9564523434279,-35.61283578489346,0 148.9563418013915,-35.61283503148609,0 148.9562312559007,-35.61283478034769,0 148.95612071041,-35.61283503148609,0 148.9560101683736,-35.61283578489346,0 148.9558996332458,-35.61283704054625,0 148.9557891084806,-35.61283879840521,0 148.9556785975318,-35.61284105841544,0 148.9555681038526,-35.61284382050629,0 148.9554576308958,-35.61284708459146,0 148.9553471821134,-35.61285085056897,0 148.9552367609568,-35.61285511832111,0 148.9551263708764,-35.61285988771454,0 148.9550160153218,-35.61286515860021,0 148.9549056977413,-35.61287093081342,0 148.9547954215822,-35.61287720417381,0 148.9546851902905,-35.61288397848534,0 148.9545750073107,-35.61289125353632,0 148.9544648760857,-35.61289902909942,0 148.9543548000571,-35.61290730493167,0 148.9542447826645,-35.61291608077445,0 148.9541348273457,-35.61292535635356,0 148.9540249375367,-35.61293513137912,0 148.9539151166713,-35.6129454055457,0 148.9538053681813,-35.61295617853225,0 148.953695695496,-35.61296745000213,0 148.9535861020427,-35.61297921960311,0 148.9534765912458,-35.61299148696743,0 148.9533671665274,-35.61300425171175,0 148.9532578313069,-35.61301751343719,0 148.9531485890007,-35.61303127172935,0 148.9530394430226,-35.6130455261583,0 148.9529303967831,-35.61306027627862,0 148.9528214536897,-35.6130755216294,0 148.9527126171467,-35.61309126173423,0 148.9526038905551,-35.61310749610128,0 148.9524952773124,-35.61312422422323,0 148.9523867808126,-35.61314144557738,0 148.952278404446,-35.61315915962559,0 148.9521701515991,-35.61317736581431,0 148.9520620256548,-35.61319606357463,0 148.9519540299916,-35.6132152523223,0 148.9518461679844,-35.61323493145768,0 148.9517384430036,-35.61325510036584,0 148.9516308584155,-35.61327575841653,0 148.9515234175817,-35.61329690496424,0 148.9514161238598,-35.61331853934816,0 148.9513089806025,-35.61334066089226,0 148.9512019911577,-35.61336326890527,0 148.9510951588687,-35.61338636268075,0 148.9509884870739,-35.61340994149703,0 148.9508819791066,-35.61343400461734,0 148.9507756382949,-35.61345855128974,0 148.9506694679618,-35.61348358074719,0 148.950563471425,-35.61350909220754,0 148.9504576519966,-35.61353508487364,0 148.9503520129834,-35.61356155793324,0 148.9502465576863,-35.6135885105591,0 148.9501412894008,-35.61361594190902,0 148.9500362114161,-35.61364385112579,0 148.9499313270158,-35.61367223733731,0 148.9498266394775,-35.61370109965656,0 148.9497221520723,-35.61373043718164,0 148.9496178680654,-35.6137602489958,0 148.9495137907153,-35.61379053416748,0 148.9494099232745,-35.61382129175031,0 148.9493062689885,-35.61385252078318,0 148.9492028310964,-35.61388422029023,0 148.9490996128303,-35.61391638928091,0 148.9489966174158,-35.61394902674999,0 148.9488938480713,-35.6139821316776,0 148.948791308008,-35.61401570302929,0 148.9486890004302,-35.61404973975598,0 148.9485869285349,-35.61408424079412,0 148.9484850955116,-35.61411920506558,0 148.9483835045424,-35.61415463147781,0 148.9482821588019,-35.61419051892378,0 148.9481810614569,-35.61422686628207,0 148.9480802156665,-35.6142636724169,0 148.947979624582,-35.61430093617812,0 148.9478792913468,-35.61433865640133,0 148.947779219096,-35.61437683190782,0 148.9476794109568,-35.61441546150468,0 148.9475798700479,-35.61445454398479,0 148.9474805994798,-35.6144940781269,0 148.9473816023546,-35.61453406269564,0 148.9472828817658,-35.61457449644156,0 148.9471844407982,-35.61461537810116,0 148.9470862825279,-35.61465670639697,0 148.9469884100223,-35.61469848003755,0 148.9468908263395,-35.61474069771756,0 148.9467935345291,-35.61478335811776,0 148.9466965376311,-35.61482645990507,0 148.9465998386766,-35.61487000173266,0 148.9465034406872,-35.61491398223991,0 148.9464073466752,-35.61495840005251,0 148.9463115596433,-35.61500325378248,0 148.9462160825848,-35.61504854202821,0 148.9461209184832,-35.61509426337452,0 148.9460260703121,-35.61514041639271,0 148.9459315410354,-35.61518699964057,0 148.945837333607,-35.61523401166246,0 148.9457434509707,-35.61528145098933,0 148.9456498960601,-35.61532931613878,0 148.9455566717988,-35.61537760561512,0 148.9454637810997,-35.61542631790937,0 148.9453712268656,-35.61547545149936,0 148.9452790119886,-35.61552500484976,0 148.9451871393503,-35.61557497641212,0 148.9450956118215,-35.61562536462489,0 148.9450044322624,-35.61567616791354,0 148.9449136035221,-35.61572738469055,0 148.9448231284388,-35.61577901335549,0 148.9447330098398,-35.61583105229506,0 148.9446432505411,-35.61588349988311,0 148.9445538533475,-35.61593635448077,0 148.9444648210525,-35.6159896144364,0 148.9443761564383,-35.61604327808573,0 148.9442878622754,-35.61609734375189,0 148.9441999413229,-35.61615180974538,0 148.9441123963283,-35.61620667436424,0 148.9440252300269,-35.61626193589407,0 148.9439384451428,-35.61631759260802,0 148.9438520443878,-35.61637364276692,0 148.9437660304617,-35.6164300846193,0 148.9436804060524,-35.61648691640146,0 148.9435951738354,-35.61654413633748,0 148.9435103364741,-35.61660174263936,0 148.9434258966195,-35.61665973350699,0 148.9433418569103,-35.61671810712826,0 148.9432582199724,-35.61677686167911,0 148.9431749884196,-35.61683599532353,0 148.9430921648525,-35.61689550621372,0 148.9430097518593,-35.61695539249006,0 148.9429277520152,-35.6170156522812,0 148.9428461678825,-35.61707628370414,0 148.9427650020108,-35.61713728486424,0 148.9426842569362,-35.61719865385533,0 148.9426039351818,-35.61726038875974,0 148.9425240392577,-35.61732248764834,0 148.9424445716604,-35.61738494858066,0 148.9423655348731,-35.61744776960491,0 148.9422869313656,-35.61751094875803,0 148.9422087635941,-35.61757448406578,0 148.9421310340013,-35.61763837354281,0 148.942053745016,-35.61770261519266,0 148.9419768990534,-35.61776720700791,0 148.9419004985148,-35.61783214697017,0 148.9418245457876,-35.61789743305016,0 148.9417490432451,-35.61796306320783,0 148.9416739932468,-35.61802903539235,0 148.9415993981377,-35.61809534754218,0 148.9415252602489,-35.6181619975852,0 148.941451581897,-35.6182289834387,0 148.9413783653844,-35.6182963030095,0 148.9413056129989,-35.61836395419397,0 148.9412333270139,-35.61843193487814,0 148.9411615096882,-35.61850024293771,0 148.9410901632661,-35.61856887623819,0 148.9410192899769,-35.61863783263491,0 148.9409488920353,-35.61870710997308,0 148.9408789716412,-35.61877670608791,0 148.9408095309794,-35.61884661880466,0 148.9407405722198,-35.61891684593866,0 148.9406720975173,-35.61898738529545,0 148.9406041090116,-35.61905823467078,0 148.9405366088272,-35.61912939185074,0 148.9404695990734,-35.6192008546118,0 148.9404030818441,-35.61927262072084,0 148.9403370592179,-35.61934468793532,0 148.9402715332578,-35.61941705400326,0 148.9402065060114,-35.61948971666335,0 148.9401419795108,-35.61956267364499,0 148.9400779557722,-35.61963592266842,0 148.9400144367963,-35.61970946144471,0 148.9399514245679,-35.61978328767594,0 148.9398889210561,-35.61985739905512,0 148.9398269282141,-35.61993179326644,0 148.9397654479789,-35.62000646798518,0 148.9397044822717,-35.62008142087791,0 148.9396440329975,-35.62015664960246,0 148.9395841020454,-35.62023215180807,0 148.9395246912881,-35.62030792513542,0 148.939465802582,-35.62038396721674,0 148.9394074377674,-35.62046027567583,0 148.939349598668,-35.6205368481282,0 148.9392922870911,-35.62061368218109,0 148.9392355048278,-35.62069077543354,0 148.9391792536522,-35.62076812547656,0 148.9391235353223,-35.62084572989307,0 148.939068351579,-35.62092358625808,0 148.9390137041467,-35.6210016921387,0 148.9389595947332,-35.62108004509426,0 148.9389060250293,-35.62115864267638,0 148.9388529967088,-35.621237482429,0 148.9388005114289,-35.62131656188852,0 148.9387485708295,-35.62139587858385,0 148.9386971765339,-35.62147543003648,0 148.9386463301479,-35.62155521376057,0 148.9385960332604,-35.62163522726299,0 148.9385462874432,-35.62171546804349,0 148.9384970942506,-35.62179593359467,0 148.9384484552199,-35.62187662140212,0 148.9384003718709,-35.62195752894448,0 148.9383528457062,-35.62203865369354,0 148.938305878211,-35.6221199931143,0 148.9382594708527,-35.62220154466501,0 148.9382136250817,-35.62228330579735,0 148.9381683423305,-35.62236527395643,0 148.9381236240141,-35.62244744658088,0 148.9380794715298,-35.62252982110295,0 148.9380358862574,-35.62261239494857,0 148.9379928695589,-35.62269516553745,0 148.9379504227784,-35.62277813028317,0 148.9379085472422,-35.6228612865932,0 148.9378672442591,-35.62294463186907,0 148.9378265151195,-35.62302816350638,0 148.9377863610963,-35.6231118788949,0 148.9377467834441,-35.62319577541867,0 148.9377077833997,-35.62327985045609,0 148.9376693621818,-35.62336410137993,0 148.9376315209909,-35.62344852555753,0 148.9375942610097,-35.62353312035075,0 148.9375575834022,-35.62361788311616,0 148.9375214893147,-35.62370281120506,0 148.9374859798751,-35.62378790196362,0 148.9374510561929,-35.62387315273288,0 148.9374167193595,-35.6239585608489,0 148.9373829704479,-35.62404412364283,0 148.9373498105125,-35.62412983844099,0 148.9373172405896,-35.62421570256492,0 148.937285261697,-35.62430171333152,0 148.937253874834,-35.62438786805312,0 148.9372230809812,-35.62447416403752,0 148.9371928811011,-35.62456059858812,0 148.9371632761373,-35.624647169004,0 148.9371342670148,-35.62473387257997,0 148.9371058546402,-35.6248207066067,0 148.9370780399014,-35.62490766837077,0 148.9370508236673,-35.62499475515479,0 148.9370242067887,-35.62508196423742,0 148.9369981900971,-35.62516929289357,0 148.9369727744055,-35.62525673839433,0 148.9369479605081,-35.62534429800721,0 148.9369237491804,-35.62543196899611,0 148.9369001411789,-35.62551974862146,0 148.9368771372413,-35.6256076341403,0 148.9368547380865,-35.62569562280637,0 148.9368329444142,-35.62578371187016,0 148.9368117569057,-35.62587189857905,0 148.9367911762229,-35.62596018017735,0 148.936771203009,-35.62604855390642,0 148.936751837888,-35.62613701700474,0 148.9367330814653,-35.62622556670797,0 148.9367149343267,-35.62631420024911,0 148.9366973970394,-35.6264029148585,0 148.9366804701514,-35.62649170776395,0 148.9366641541917,-35.62658057619087,0 148.93664844967,-35.62666951736225,0 148.9366333570772,-35.62675852849883,0 148.9366188768848,-35.62684760681918,0 148.9366050095453,-35.62693674953974,0 148.9365917554921,-35.62702595387498,0 148.9365791151393,-35.62711521703739,0 148.9365670888819,-35.62720453623767,0 148.9365556770957,-35.62729390868475,0 148.9365448801373,-35.62738333158588,0 148.9365346983441,-35.62747280214676,0 148.9365251320343,-35.62756231757158,0 148.9365161815068,-35.62765187506315,0 148.9365078470412,-35.62774147182296,0 148.936500128898,-35.62783110505124,0 148.9364930273184,-35.62792077194712,0 148.9364865425244,-35.62801046970868,0 148.9364806747185,-35.628100195533,0 148.9364754240841,-35.62818994661631,0 148.9364707907852,-35.62827972015404,0 148.9364667749667,-35.62836951334093,0 148.936463376754,-35.62845932337109,0 148.9364605962534,-35.62854914743811,0 148.9364584335517,-35.62863898273516,0 148.9364568887165,-35.62872882645502,0 148.9364559617961,-35.62881867579025,0 148.9364556528194,-35.62890852793321,0 148.9364559617961,-35.62899838007615,0 148.9364568887165,-35.62908822941139,0 148.9364584335517,-35.62917807313125,0 148.9364605962534,-35.62926790842829,0 148.936463376754,-35.62935773249531,0 148.9364667749667,-35.62944754252548,0 148.9364707907852,-35.62953733571236,0 148.9364754240841,-35.6296271092501,0 148.9364806747185,-35.62971686033341,0 148.9364865425244,-35.62980658615773,0 148.9364930273184,-35.62989628391928,0 148.936500128898,-35.62998595081517,0 148.9365078470412,-35.63007558404345,0 148.9365161815068,-35.63016518080325,0 148.9365251320343,-35.63025473829482,0 148.9365346983441,-35.63034425371965,0 148.9365448801373,-35.63043372428053,0 148.9365556770957,-35.63052314718166,0 148.9365670888819,-35.63061251962874,0 148.9365791151393,-35.63070183882902,0 148.9365917554921,-35.63079110199143,0 148.9366050095453,-35.63088030632666,0 148.9366188768848,-35.63096944904723,0 148.9366333570772,-35.63105852736758,0 148.93664844967,-35.63114753850417,0 148.9366641541917,-35.63123647967554,0 148.9366804701514,-35.63132534810245,0 148.9366973970394,-35.63141414100791,0 148.9367149343267,-35.6315028556173,0 148.9367330814653,-35.63159148915844,0 148.936751837888,-35.63168003886167,0 148.936771203009,-35.63176850195998,0 148.9367911762229,-35.63185687568906,0 148.9368117569057,-35.63194515728735,0 148.9368329444142,-35.63203334399625,0 148.9368547380865,-35.63212143306004,0 148.9368771372413,-35.6322094217261,0 148.9369001411789,-35.63229730724494,0 148.9369237491804,-35.63238508687029,0 148.9369479605081,-35.63247275785919,0 148.9369727744055,-35.63256031747207,0 148.9369981900971,-35.63264776297284,0 148.9370242067887,-35.63273509162898,0 148.9370508236673,-35.63282230071162,0 148.9370780399014,-35.63290938749564,0 148.9371058546402,-35.63299634925971,0 148.9371342670148,-35.63308318328644,0 148.9371632761373,-35.63316988686241,0 148.9371928811011,-35.63325645727829,0 148.9372230809812,-35.63334289182889,0 148.937253874834,-35.63342918781328,0 148.937285261697,-35.63351534253488,0 148.9373172405896,-35.63360135330149,0 148.9373498105125,-35.63368721742543,0 148.9373829704479,-35.63377293222358,0 148.9374167193595,-35.63385849501751,0 148.9374510561929,-35.63394390313353,0 148.9374859798751,-35.63402915390279,0 148.9375214893147,-35.63411424466134,0 148.9375575834022,-35.63419917275025,0 148.9375942610097,-35.63428393551565,0 148.9376315209909,-35.63436853030888,0 148.9376693621818,-35.63445295448647,0 148.9377077833997,-35.63453720541032,0 148.9377467834441,-35.63462128044773,0 148.9377863610963,-35.63470517697151,0 148.9378265151195,-35.63478889236004,0 148.9378672442591,-35.63487242399734,0 148.9379085472422,-35.6349557692732,0 148.9379504227784,-35.63503892558325,0 148.9379928695589,-35.63512189032895,0 148.9380358862574,-35.63520466091784,0 148.9380794715298,-35.63528723476346,0 148.9381236240141,-35.63536960928553,0 148.9381683423305,-35.63545178190997,0 148.9382136250817,-35.63553375006905,0 148.9382594708527,-35.63561551120139,0 148.938305878211,-35.63569706275212,0 148.9383528457062,-35.63577840217287,0 148.9384003718709,-35.63585952692193,0 148.9384484552199,-35.63594043446429,0 148.9384970942506,-35.63602112227174,0 148.9385462874432,-35.63610158782291,0 148.9385960332604,-35.63618182860341,0 148.9386463301479,-35.63626184210584,0 148.9386971765339,-35.63634162582993,0 148.9387485708295,-35.63642117728256,0 148.9388005114289,-35.63650049397789,0 148.9388529967088,-35.63657957343742,0 148.9389060250293,-35.63665841319003,0 148.9389595947332,-35.63673701077214,0 148.9390137041467,-35.63681536372771,0 148.939068351579,-35.63689346960832,0 148.9391235353223,-35.63697132597333,0 148.9391792536522,-35.63704893038985,0 148.9392355048278,-35.63712628043286,0 148.9392922870911,-35.63720337368532,0 148.939349598668,-35.6372802077382,0 148.9394074377674,-35.63735678019057,0 148.939465802582,-35.63743308864967,0 148.9395246912881,-35.63750913073098,0 148.9395841020454,-35.63758490405834,0 148.9396440329975,-35.63766040626395,0 148.9397044822717,-35.63773563498849,0 148.9397654479789,-35.63781058788122,0 148.9398269282141,-35.63788526259997,0 148.9398889210561,-35.63795965681128,0 148.9399514245679,-35.63803376819047,0 148.9400144367963,-35.63810759442169,0 148.9400779557722,-35.63818113319799,0 148.9401419795108,-35.63825438222142,0 148.9402065060114,-35.63832733920307,0 148.9402715332578,-35.63840000186314,0 148.9403370592179,-35.63847236793109,0 148.9404030818441,-35.63854443514556,0 148.9404695990734,-35.63861620125461,0 148.9405366088272,-35.63868766401566,0 148.9406041090116,-35.63875882119562,0 148.9406720975173,-35.63882967057095,0 148.9407405722198,-35.63890020992774,0 148.9408095309794,-35.63897043706174,0 148.9408789716412,-35.63904034977849,0 148.9409488920353,-35.63910994589333,0 148.9410192899769,-35.6391792232315,0 148.9410901632661,-35.63924817962821,0 148.9411615096882,-35.63931681292869,0 148.9412333270139,-35.63938512098827,0 148.9413056129989,-35.63945310167243,0 148.9413783653844,-35.6395207528569,0 148.941451581897,-35.6395880724277,0 148.9415252602489,-35.63965505828121,0 148.9415993981377,-35.63972170832423,0 148.9416739932468,-35.63978802047406,0 148.9417490432451,-35.63985399265857,0 148.9418245457876,-35.63991962281624,0 148.9419004985148,-35.63998490889625,0 148.9419768990534,-35.6400498488585,0 148.942053745016,-35.64011444067374,0 148.9421310340013,-35.64017868232359,0 148.9422087635941,-35.64024257180062,0 148.9422869313656,-35.64030610710838,0 148.9423655348731,-35.6403692862615,0 148.9424445716604,-35.64043210728575,0 148.9425240392577,-35.64049456821807,0 148.9426039351818,-35.64055666710667,0 148.9426842569362,-35.64061840201107,0 148.9427650020108,-35.64067977100216,0 148.9428461678825,-35.64074077216227,0 148.9429277520152,-35.64080140358521,0 148.9430097518593,-35.64086166337636,0 148.9430921648525,-35.64092154965269,0 148.9431749884196,-35.64098106054288,0 148.9432582199724,-35.6410401941873,0 148.9433418569103,-35.64109894873815,0 148.9434258966195,-35.64115732235941,0 148.9435103364741,-35.64121531322705,0 148.9435951738354,-35.64127291952892,0 148.9436804060524,-35.64133013946495,0 148.9437660304617,-35.64138697124711,0 148.9438520443878,-35.64144341309949,0 148.9439384451428,-35.64149946325839,0 148.9440252300269,-35.64155511997235,0 148.9441123963283,-35.64161038150216,0 148.9441999413229,-35.64166524612103,0 148.9442878622754,-35.64171971211452,0 148.9443761564383,-35.64177377778067,0 148.9444648210525,-35.64182744143,0 148.9445538533475,-35.64188070138564,0 148.9446432505411,-35.64193355598329,0 148.9447330098398,-35.64198600357135,0 148.9448231284388,-35.64203804251091,0 148.9449136035221,-35.64208967117585,0 148.9450044322624,-35.64214088795286,0 148.9450956118215,-35.64219169124151,0 148.9451871393503,-35.64224207945429,0 148.9452790119886,-35.64229205101664,0 148.9453712268656,-35.64234160436704,0 148.9454637810997,-35.64239073795704,0 148.9455566717988,-35.64243945025129,0 148.9456498960601,-35.64248773972762,0 148.9457434509707,-35.64253560487708,0 148.945837333607,-35.64258304420395,0 148.9459315410354,-35.64263005622583,0 148.9460260703121,-35.6426766394737,0 148.9461209184832,-35.64272279249189,0 148.9462160825848,-35.6427685138382,0 148.9463115596433,-35.64281380208394,0 148.9464073466752,-35.6428586558139,0 148.9465034406872,-35.64290307362649,0 148.9465998386766,-35.64294705413374,0 148.9466965376311,-35.64299059596133,0 148.9467935345291,-35.64303369774866,0 148.9468908263395,-35.64307635814885,0 148.9469884100223,-35.64311857582885,0 148.9470862825279,-35.64316034946943,0 148.9471844407982,-35.64320167776525,0 148.9472828817658,-35.64324255942486,0 148.9473816023546,-35.64328299317076,0 148.9474805994798,-35.6433229777395,0 148.9475798700479,-35.64336251188161,0 148.9476794109568,-35.64340159436173,0 148.947779219096,-35.64344022395859,0 148.9478792913468,-35.64347839946507,0 148.947979624582,-35.64351611968829,0 148.9480802156665,-35.64355338344951,0 148.9481810614569,-35.64359018958434,0 148.9482821588019,-35.64362653694263,0 148.9483835045424,-35.64366242438859,0 148.9484850955116,-35.64369785080083,0 148.9485869285349,-35.64373281507228,0 148.9486890004302,-35.64376731611042,0 148.948791308008,-35.64380135283712,0 148.9488938480713,-35.6438349241888,0 148.9489966174158,-35.64386802911642,0 148.9490996128303,-35.64390066658549,0 148.9492028310964,-35.64393283557617,0 148.9493062689885,-35.64396453508323,0 148.9494099232745,-35.64399576411609,0 148.9495137907153,-35.64402652169893,0 148.9496178680654,-35.64405680687061,0 148.9497221520723,-35.64408661868477,0 148.9498266394775,-35.64411595620985,0 148.9499313270158,-35.64414481852909,0 148.9500362114161,-35.64417320474062,0 148.9501412894008,-35.64420111395739,0 148.9502465576863,-35.6442285453073,0 148.9503520129834,-35.64425549793317,0 148.9504576519966,-35.64428197099277,0 148.950563471425,-35.64430796365886,0 148.9506694679618,-35.64433347511922,0 148.9507756382949,-35.64435850457667,0 148.9508819791066,-35.64438305124906,0 148.9509884870739,-35.64440711436937,0 148.9510951588687,-35.64443069318566,0 148.9512019911577,-35.64445378696113,0 148.9513089806025,-35.64447639497415,0 148.9514161238598,-35.64449851651825,0 148.9515234175817,-35.64452015090217,0 148.9516308584155,-35.64454129744987,0 148.9517384430036,-35.64456195550057,0 148.9518461679844,-35.64458212440873,0 148.9519540299916,-35.64460180354411,0 148.9520620256548,-35.64462099229177,0 148.9521701515991,-35.6446396900521,0 148.952278404446,-35.64465789624082,0 148.9523867808126,-35.64467561028902,0 148.9524952773124,-35.64469283164317,0 148.9526038905551,-35.64470955976513,0 148.9527126171467,-35.64472579413217,0 148.9528214536897,-35.64474153423701,0 148.9529303967831,-35.64475677958778,0 148.9530394430226,-35.6447715297081,0 148.9531485890007,-35.64478578413706,0 148.9532578313069,-35.64479954242922,0 148.9533671665274,-35.64481280415465,0 148.9534765912458,-35.64482556889897,0 148.9535861020427,-35.64483783626329,0 148.953695695496,-35.64484960586428,0 148.9538053681813,-35.64486087733415,0 148.9539151166713,-35.6448716503207,0 148.9540249375367,-35.64488192448729,0 148.9541348273457,-35.64489169951285,0 148.9542447826645,-35.64490097509196,0 148.9543548000571,-35.64490975093474,0 148.9544648760857,-35.64491802676699,0 148.9545750073107,-35.64492580233009,0 148.9546851902905,-35.64493307738107,0 148.9547954215822,-35.64493985169259,0 148.9549056977413,-35.64494612505298,0 148.9550160153218,-35.6449518972662,0 148.9551263708764,-35.64495716815187,0 148.9552367609568,-35.6449619375453,0 148.9553471821134,-35.64496620529744,0 148.9554576308958,-35.64496997127494,0 148.9555681038526,-35.64497323536011,0 148.9556785975318,-35.64497599745097,0 148.9557891084806,-35.64497825746119,0 148.9558996332458,-35.64498001532016,0 148.9560101683736,-35.64498127097295,0 148.95612071041,-35.64498202438031,0 148.9562312559007,-35.64498227551872,0 148.9563418013915,-35.64498202438031,0 148.9564523434279,-35.64498127097295,0 148.9565628785557,-35.64498001532016,0 148.9566734033208,-35.64497825746119,0 148.9567839142697,-35.64497599745097,0 148.9568944079489,-35.64497323536011,0 148.9570048809057,-35.64496997127494,0 148.9571153296881,-35.64496620529744,0 148.9572257508447,-35.6449619375453,0 148.9573361409251,-35.64495716815187,0 148.9574464964797,-35.6449518972662,0 148.9575568140602,-35.64494612505298,0 148.9576670902192,-35.64493985169259,0 148.957777321511,-35.64493307738107,0 148.9578875044908,-35.64492580233009,0 148.9579976357157,-35.64491802676699,0 148.9581077117444,-35.64490975093474,0 148.958217729137,-35.64490097509196,0 148.9583276844558,-35.64489169951285,0 148.9584375742648,-35.64488192448729,0 148.9585473951302,-35.6448716503207,0 148.9586571436202,-35.64486087733415,0 148.9587668163055,-35.64484960586428,0 148.9588764097588,-35.64483783626329,0 148.9589859205557,-35.64482556889897,0 148.9590953452741,-35.64481280415465,0 148.9592046804946,-35.64479954242922,0 148.9593139228007,-35.64478578413706,0 148.9594230687789,-35.6447715297081,0 148.9595321150184,-35.64475677958778,0 148.9596410581118,-35.64474153423701,0 148.9597498946547,-35.64472579413217,0 148.9598586212464,-35.64470955976513,0 148.959967234489,-35.64469283164317,0 148.9600757309888,-35.64467561028902,0 148.9601841073555,-35.64465789624082,0 148.9602923602023,-35.6446396900521,0 148.9604004861467,-35.64462099229177,0 148.9605084818098,-35.64460180354411,0 148.9606163438171,-35.64458212440873,0 148.9607240687978,-35.64456195550057,0 148.960831653386,-35.64454129744987,0 148.9609390942198,-35.64452015090217,0 148.9610463879416,-35.64449851651825,0 148.961153531199,-35.64447639497415,0 148.9612605206438,-35.64445378696113,0 148.9613673529327,-35.64443069318566,0 148.9614740247276,-35.64440711436937,0 148.9615805326949,-35.64438305124906,0 148.9616868735066,-35.64435850457667,0 148.9617930438397,-35.64433347511922,0 148.9618990403765,-35.64430796365886,0 148.9620048598048,-35.64428197099277,0 148.9621104988181,-35.64425549793317,0 148.9622159541151,-35.6442285453073,0 148.9623212224007,-35.64420111395739,0 148.9624263003854,-35.64417320474062,0 148.9625311847857,-35.64414481852909,0 148.962635872324,-35.64411595620985,0 148.9627403597292,-35.64408661868477,0 148.9628446437361,-35.64405680687061,0 148.9629487210861,-35.64402652169893,0 148.963052588527,-35.64399576411609,0 148.963156242813,-35.64396453508323,0 148.9632596807051,-35.64393283557617,0 148.9633628989712,-35.64390066658549,0 148.9634658943856,-35.64386802911642,0 148.9635686637302,-35.6438349241888,0 148.9636712037935,-35.64380135283712,0 148.9637735113712,-35.64376731611042,0 148.9638755832665,-35.64373281507228,0 148.9639774162899,-35.64369785080083,0 148.9640790072591,-35.64366242438859,0 148.9641803529996,-35.64362653694263,0 148.9642814503446,-35.64359018958434,0 148.964382296135,-35.64355338344951,0 148.9644828872194,-35.64351611968829,0 148.9645832204546,-35.64347839946507,0 148.9646832927054,-35.64344022395859,0 148.9647831008447,-35.64340159436173,0 148.9648826417536,-35.64336251188161,0 148.9649819123217,-35.6433229777395,0 148.9650809094468,-35.64328299317076,0 148.9651796300357,-35.64324255942486,0 148.9652780710033,-35.64320167776525,0 148.9653762292735,-35.64316034946943,0 148.9654741017792,-35.64311857582885,0 148.9655716854619,-35.64307635814885,0 148.9656689772724,-35.64303369774866,0 148.9657659741704,-35.64299059596133,0 148.9658626731249,-35.64294705413374,0 148.9659590711143,-35.64290307362649,0 148.9660551651263,-35.6428586558139,0 148.9661509521582,-35.64281380208394,0 148.9662464292167,-35.6427685138382,0 148.9663415933183,-35.64272279249189,0 148.9664364414894,-35.6426766394737,0 148.9665309707661,-35.64263005622583,0 148.9666251781945,-35.64258304420395,0 148.9667190608308,-35.64253560487708,0 148.9668126157414,-35.64248773972762,0 148.9669058400027,-35.64243945025129,0 148.9669987307018,-35.64239073795704,0 148.9670912849359,-35.64234160436704,0 148.9671834998129,-35.64229205101664,0 148.9672753724512,-35.64224207945429,0 148.9673668999799,-35.64219169124151,0 148.9674580795391,-35.64214088795286,0 148.9675489082794,-35.64208967117585,0 148.9676393833627,-35.64203804251091,0 148.9677295019617,-35.64198600357135,0 148.9678192612604,-35.64193355598329,0 148.967908658454,-35.64188070138564,0 148.967997690749,-35.64182744143,0 148.9680863553632,-35.64177377778067,0 148.968174649526,-35.64171971211452,0 148.9682625704785,-35.64166524612103,0 148.9683501154732,-35.64161038150216,0 148.9684372817746,-35.64155511997235,0 148.9685240666586,-35.64149946325839,0 148.9686104674137,-35.64144341309949,0 148.9686964813397,-35.64138697124711,0 148.9687821057491,-35.64133013946495,0 148.9688673379661,-35.64127291952892,0 148.9689521753274,-35.64121531322705,0 148.969036615182,-35.64115732235941,0 148.9691206548912,-35.64109894873815,0 148.969204291829,-35.6410401941873,0 148.9692875233819,-35.64098106054288,0 148.969370346949,-35.64092154965269,0 148.9694527599422,-35.64086166337636,0 148.9695347597863,-35.64080140358521,0 148.9696163439189,-35.64074077216227,0 148.9696975097907,-35.64067977100216,0 148.9697782548653,-35.64061840201107,0 148.9698585766197,-35.64055666710667,0 148.9699384725438,-35.64049456821807,0 148.9700179401411,-35.64043210728575,0 148.9700969769284,-35.6403692862615,0 148.9701755804359,-35.64030610710838,0 148.9702537482074,-35.64024257180062,0 148.9703314778002,-35.64017868232359,0 148.9704087667855,-35.64011444067374,0 148.9704856127481,-35.6400498488585,0 148.9705620132867,-35.63998490889625,0 148.9706379660139,-35.63991962281624,0 148.9707134685564,-35.63985399265857,0 148.9707885185547,-35.63978802047406,0 148.9708631136638,-35.63972170832423,0 148.9709372515526,-35.63965505828121,0 148.9710109299045,-35.6395880724277,0 148.9710841464171,-35.6395207528569,0 148.9711568988026,-35.63945310167243,0 148.9712291847876,-35.63938512098827,0 148.9713010021133,-35.63931681292869,0 148.9713723485354,-35.63924817962821,0 148.9714432218246,-35.6391792232315,0 148.9715136197662,-35.63910994589333,0 148.9715835401603,-35.63904034977849,0 148.9716529808221,-35.63897043706174,0 148.9717219395817,-35.63890020992774,0 148.9717904142841,-35.63882967057095,0 148.9718584027898,-35.63875882119562,0 148.9719259029742,-35.63868766401566,0 148.9719929127281,-35.63861620125461,0 148.9720594299574,-35.63854443514556,0 148.9721254525836,-35.63847236793109,0 148.9721909785437,-35.63840000186314,0 148.9722560057901,-35.63832733920307,0 148.9723205322907,-35.63825438222142,0 148.9723845560293,-35.63818113319799,0 148.9724480750052,-35.63810759442169,0 148.9725110872336,-35.63803376819047,0 148.9725735907454,-35.63795965681128,0 148.9726355835874,-35.63788526259997,0 148.9726970638226,-35.63781058788122,0 148.9727580295298,-35.63773563498849,0 148.972818478804,-35.63766040626395,0 148.972878409756,-35.63758490405834,0 148.9729378205134,-35.63750913073098,0 148.9729967092194,-35.63743308864967,0 148.9730550740341,-35.63735678019057,0 148.9731129131335,-35.6372802077382,0 148.9731702247103,-35.63720337368532,0 148.9732270069737,-35.63712628043286,0 148.9732832581493,-35.63704893038985,0 148.9733389764792,-35.63697132597333,0 148.9733941602225,-35.63689346960832,0 148.9734488076548,-35.63681536372771,0 148.9735029170683,-35.63673701077214,0 148.9735564867722,-35.63665841319003,0 148.9736095150927,-35.63657957343742,0 148.9736620003726,-35.63650049397789,0 148.9737139409719,-35.63642117728256,0 148.9737653352676,-35.63634162582993,0 148.9738161816535,-35.63626184210584,0 148.9738664785411,-35.63618182860341,0 148.9739162243583,-35.63610158782291,0 148.9739654175509,-35.63602112227174,0 148.9740140565816,-35.63594043446429,0 148.9740621399306,-35.63585952692193,0 148.9741096660952,-35.63577840217287,0 148.9741566335905,-35.63569706275212,0 148.9742030409487,-35.63561551120139,0 148.9742488867198,-35.63553375006905,0 148.974294169471,-35.63545178190997,0 148.9743388877874,-35.63536960928553,0 148.9743830402717,-35.63528723476346,0 148.9744266255441,-35.63520466091784,0 148.9744696422426,-35.63512189032895,0 148.9745120890231,-35.63503892558325,0 148.9745539645593,-35.6349557692732,0 148.9745952675424,-35.63487242399734,0 148.974635996682,-35.63478889236004,0 148.9746761507052,-35.63470517697151,0 148.9747157283574,-35.63462128044773,0 148.9747547284018,-35.63453720541032,0 148.9747931496197,-35.63445295448647,0 148.9748309908105,-35.63436853030888,0 148.9748682507918,-35.63428393551565,0 148.9749049283992,-35.63419917275025,0 148.9749410224867,-35.63411424466134,0 148.9749765319264,-35.63402915390279,0 148.9750114556086,-35.63394390313353,0 148.975045792442,-35.63385849501751,0 148.9750795413536,-35.63377293222358,0 148.975112701289,-35.63368721742543,0 148.9751452712119,-35.63360135330149,0 148.9751772501045,-35.63351534253488,0 148.9752086369675,-35.63342918781328,0 148.9752394308202,-35.63334289182889,0 148.9752696307004,-35.63325645727829,0 148.9752992356642,-35.63316988686241,0 148.9753282447867,-35.63308318328644,0 148.9753566571613,-35.63299634925971,0 148.9753844719001,-35.63290938749564,0 148.9754116881341,-35.63282230071162,0 148.9754383050128,-35.63273509162898,0 148.9754643217044,-35.63264776297284,0 148.975489737396,-35.63256031747207,0 148.9755145512933,-35.63247275785919,0 148.9755387626211,-35.63238508687029,0 148.9755623706226,-35.63229730724494,0 148.9755853745602,-35.6322094217261,0 148.975607773715,-35.63212143306004,0 148.9756295673873,-35.63203334399625,0 148.9756507548958,-35.63194515728735,0 148.9756713355786,-35.63185687568906,0 148.9756913087925,-35.63176850195998,0 148.9757106739134,-35.63168003886167,0 148.9757294303362,-35.63159148915844,0 148.9757475774748,-35.6315028556173,0 148.9757651147621,-35.63141414100791,0 148.9757820416501,-35.63132534810245,0 148.9757983576098,-35.63123647967554,0 148.9758140621315,-35.63114753850417,0 148.9758291547243,-35.63105852736758,0 148.9758436349167,-35.63096944904723,0 148.9758575022562,-35.63088030632666,0 148.9758707563094,-35.63079110199143,0 148.9758833966622,-35.63070183882902,0 148.9758954229196,-35.63061251962874,0 148.9759068347058,-35.63052314718166,0 148.9759176316641,-35.63043372428053,0 148.9759278134573,-35.63034425371965,0 148.9759373797672,-35.63025473829482,0 148.9759463302947,-35.63016518080325,0 148.9759546647603,-35.63007558404345,0 148.9759623829035,-35.62998595081517,0 148.975969484483,-35.62989628391928,0 148.9759759692771,-35.62980658615773,0 148.975981837083,-35.62971686033341,0 148.9759870877174,-35.6296271092501,0 148.9759917210163,-35.62953733571236,0 148.9759957368348,-35.62944754252548,0 148.9759991350475,-35.62935773249531,0 148.9760019155481,-35.62926790842829,0 148.9760040782498,-35.62917807313125,0 148.976005623085,-35.62908822941139,0 148.9760065500054,-35.62899838007615,0 
						</coordinates>
					</LinearRing>
				</outerBoundaryIs>
			</Polygon>
		</Placemark>
		<Placemark id="255">
			<name>Glendale Depot NFZ_0</name>
			<styleUrl>#258</styleUrl>
			<Polygon id="254">
				<outerBoundaryIs>
					<LinearRing id="256">
						<coordinates>
							149.0170481389532,-35.68606217676133,0 149.0176203923802,-35.68697422960662,0 149.018092611667,-35.68792331942856,0 149.018461199907,-35.68890222427082,0 149.018723348425,-35.68990349503481,0 149.0188770582596,-35.69091951214276,0 149.0189211554936,-35.69194254350602,0 149.0188553003117,-35.69296480335832,0 149.0186799897157,-35.69397851150647,0 149.0183965538688,-35.69497595254768,0 149.0180071460956,-35.69594953460281,0 149.0175147266096,-35.69689184711785,0 149.016923040088,-35.69779571729338,0 149.0162365872611,-35.69865426471122,0 149.0154605907315,-35.69946095374183,0 149.0146009552791,-35.70020964333185,0 149.0136642229529,-35.70089463379189,0 149.0126575232918,-35.70151071022644,0 149.0115885190502,-35.70205318227429,0 149.0104653478459,-35.70251791985503,0 149.0092965601703,-35.70290138464834,0 149.0080910542395,-35.7032006570649,0 149.006858008181,-35.70341345850243,0 149.0056068100761,-35.70353816871638,0 149.004346986394,-35.70357383817211,0 149.0030881293646,-35.70352019528419,0 149.0018398238479,-35.70337764848679,0 149.0006115742606,-35.70314728311983,0 148.999412732117,-35.70283085315461,0 148.998252424744,-35.70243076782207,0 148.9971394857126,-35.70195007324644,0 148.9960823875198,-35.70139242922497,0 148.9950891770362,-35.70076208133136,0 148.9941674142124,-35.70006382855683,0 148.9933241145126,-35.69930298673631,0 148.9925656955129,-35.69848534803975,0 148.9918979280744,-35.69761713683842,0 148.9913258924581,-35.69670496228364,0 148.9908539397181,-35.69575576796031,0 148.990485658662,-35.694776779,0 148.9902238486312,-35.69377544705713,0 148.9900704983027,-35.6927593935684,0 148.9900267706702,-35.69173635172787,0 148.9900929943187,-35.69071410762014,0 148.9902686610509,-35.68970044096004,0 148.9905524298825,-35.68870306588972,0 148.9909421373712,-35.68772957228386,0 148.9914348141969,-35.68678736800898,0 148.9920267078635,-35.68588362257567,0 148.9927133113464,-35.6850252126119,0 148.9934893974653,-35.68421866957073,0 148.9943490587187,-35.68347013006969,0 148.995285752273,-35.68278528923779,0 148.9962923497679,-35.68216935742421,0 148.9973611915528,-35.68162702059585,0 148.9984841449466,-35.68116240472462,0 148.9996526660755,-35.68077904443271,0 149.0008578648224,-35.68047985613422,0 149.0020905723935,-35.68026711587556,0 149.0033414109922,-35.68014244204241,0 149.0046008650729,-35.68010678306395,0 149.0058593536357,-35.68016041020729,0 149.0071073030161,-35.68030291551668,0 149.0083352196187,-35.68053321491272,0 149.0095337620468,-35.68084955642866,0 149.01069381208,-35.68124953352104,0 149.0118065439665,-35.68173010335443,0 149.0128634915035,-35.68228760992182,0 149.0138566123976,-35.68291781182599,0 149.0147783494206,-35.68361591451154,0 149.0156216878923,-35.68437660670391,0 149.0163802090582,-35.68519410077953,0 149.0170481389532,-35.68606217676133,0 
						</coordinates>
					</LinearRing>
				</outerBoundaryIs>
			</Polygon>
		</Placemark>
		<Placemark id="262">
			<name>Glendale Depot NFZ</name>
			<styleUrl>#265</styleUrl>
			<Polygon id="261">
				<extrude>1</extrude>
				<altitudeMode>absolute</altitudeMode>
				<outerBoundaryIs>
					<LinearRing id="263">
						<coordinates>
							149.0170481389532,-35.68606217676133,1798.32 149.0176203923802,-35.68697422960662,1798.32 149.018092611667,-35.68792331942856,1798.32 149.018461199907,-35.68890222427082,1798.32 149.018723348425,-35.68990349503481,1798.32 149.0188770582596,-35.69091951214276,1798.32 149.0189211554936,-35.69194254350602,1798.32 149.0188553003117,-35.69296480335832,1798.32 149.0186799897157,-35.69397851150647,1798.32 149.0183965538688,-35.69497595254768,1798.32 149.0180071460956,-35.69594953460281,1798.32 149.0175147266096,-35.69689184711785,1798.32 149.016923040088,-35.69779571729338,1798.32 149.0162365872611,-35.69865426471122,1798.32 149.0154605907315,-35.69946095374183,1798.32 149.0146009552791,-35.70020964333185,1798.32 149.0136642229529,-35.70089463379189,1798.32 149.0126575232918,-35.70151071022644,1798.32 149.0115885190502,-35.70205318227429,1798.32 149.0104653478459,-35.70251791985503,1798.32 149.0092965601703,-35.70290138464834,1798.32 149.0080910542395,-35.7032006570649,1798.32 149.006858008181,-35.70341345850243,1798.32 149.0056068100761,-35.70353816871638,1798.32 149.004346986394,-35.70357383817211,1798.32 149.0030881293646,-35.70352019528419,1798.32 149.0018398238479,-35.70337764848679,1798.32 149.0006115742606,-35.70314728311983,1798.32 148.999412732117,-35.70283085315461,1798.32 148.998252424744,-35.70243076782207,1798.32 148.9971394857126,-35.70195007324644,1798.32 148.9960823875198,-35.70139242922497,1798.32 148.9950891770362,-35.70076208133136,1798.32 148.9941674142124,-35.70006382855683,1798.32 148.9933241145126,-35.69930298673631,1798.32 148.9925656955129,-35.69848534803975,1798.32 148.9918979280744,-35.69761713683842,1798.32 148.9913258924581,-35.69670496228364,1798.32 148.9908539397181,-35.69575576796031,1798.32 148.990485658662,-35.694776779,1798.32 148.9902238486312,-35.69377544705713,1798.32 148.9900704983027,-35.6927593935684,1798.32 148.9900267706702,-35.69173635172787,1798.32 148.9900929943187,-35.69071410762014,1798.32 148.9902686610509,-35.68970044096004,1798.32 148.9905524298825,-35.68870306588972,1798.32 148.9909421373712,-35.68772957228386,1798.32 148.9914348141969,-35.68678736800898,1798.32 148.9920267078635,-35.68588362257567,1798.32 148.9927133113464,-35.6850252126119,1798.32 148.9934893974653,-35.68421866957073,1798.32 148.9943490587187,-35.68347013006969,1798.32 148.995285752273,-35.68278528923779,1798.32 148.9962923497679,-35.68216935742421,1798.32 148.9973611915528,-35.68162702059585,1798.32 148.9984841449466,-35.68116240472462,1798.32 148.9996526660755,-35.68077904443271,1798.32 149.0008578648224,-35.68047985613422,1798.32 149.0020905723935,-35.68026711587556,1798.32 149.0033414109922,-35.68014244204241,1798.32 149.0046008650729,-35.68010678306395,1798.32 149.0058593536357,-35.68016041020729,1798.32 149.0071073030161,-35.68030291551668,1798.32 149.0083352196187,-35.68053321491272,1798.32 149.0095337620468,-35.68084955642866,1798.32 149.01069381208,-35.68124953352104,1798.32 149.0118065439665,-35.68173010335443,1798.32 149.0128634915035,-35.68228760992182,1798.32 149.0138566123976,-35.68291781182599,1798.32 149.0147783494206,-35.68361591451154,1798.32 149.0156216878923,-35.68437660670391,1798.32 149.0163802090582,-35.68519410077953,1798.32 149.0170481389532,-35.68606217676133,1798.32 
						</coordinates>
					</LinearRing>
				</outerBoundaryIs>
			</Polygon>
		</Placemark>
		<Placemark id="269">
			<name>Glendale Depot NFZ_nfz_0</name>
			<styleUrl>#272</styleUrl>
			<Polygon id="268">
				<outerBoundaryIs>
					<LinearRing id="270">
						<coordinates>
							149.0055238412116,-35.69176073250986,0 149.0055169206984,-35.69167139538596,0 149.0054962682995,-35.69158346716186,0 149.0054622097155,-35.6914983345182,0 149.0054152820707,-35.69141734004761,0 149.005356225442,-35.69134176108129,0 149.0052859711878,-35.69127278954467,0 149.0052056272596,-35.6912115131601,0 149.0051164607291,-35.69115889829276,0 149.0050198778059,-35.69111577471055,0 149.0049174016603,-35.69108282249811,0 149.0048106484023,-35.69106056133152,0 149.0047013015946,-35.69104934228267,0 149.0045910857016,-35.69104934228267,0 149.0044817388939,-35.69106056133152,0 149.0043749856359,-35.69108282249811,0 149.0042725094902,-35.69111577471055,0 149.004175926567,-35.69115889829276,0 149.0040867600366,-35.6912115131601,0 149.0040064161083,-35.69127278954467,0 149.0039361618541,-35.69134176108129,0 149.0038771052255,-35.69141734004761,0 149.0038301775807,-35.6914983345182,0 149.0037961189967,-35.69158346716186,0 149.0037754665978,-35.69167139538596,0 149.0037685460846,-35.69176073250986,0 149.0037754665978,-35.69185006963377,0 149.0037961189967,-35.69193799785787,0 149.0038301775807,-35.69202313050153,0 149.0038771052255,-35.69210412497212,0 149.0039361618541,-35.69217970393844,0 149.0040064161083,-35.69224867547506,0 149.0040867600366,-35.69230995185963,0 149.004175926567,-35.69236256672696,0 149.0042725094902,-35.69240569030919,0 149.0043749856359,-35.69243864252162,0 149.0044817388939,-35.69246090368821,0 149.0045910857016,-35.69247212273706,0 149.0047013015946,-35.69247212273706,0 149.0048106484023,-35.69246090368821,0 149.0049174016603,-35.69243864252162,0 149.0050198778059,-35.69240569030919,0 149.0051164607291,-35.69236256672696,0 149.0052056272596,-35.69230995185963,0 149.0052859711878,-35.69224867547506,0 149.005356225442,-35.69217970393844,0 149.0054152820707,-35.69210412497212,0 149.0054622097155,-35.69202313050153,0 149.0054962682995,-35.69193799785787,0 149.0055169206984,-35.69185006963377,0 
						</coordinates>
					</LinearRing>
				</outerBoundaryIs>
			</Polygon>
		</Placemark>
		<Placemark id="276">
			<name>Glendale Depot NFZ_grb_0</name>
			<styleUrl>#279</styleUrl>
			<Polygon id="275">
				<outerBoundaryIs>
					<LinearRing id="277">
						<coordinates>
							149.0147741811479,-35.69176073250986,0 149.0147735764855,-35.69167085063803,0 149.0147717625709,-35.69158097949846,0 149.0147687396204,-35.69149112982217,0 149.0147645079951,-35.69140131233758,0 149.0147590682002,-35.69131153776927,0 149.0147524208852,-35.69122181683672,0 149.014744566844,-35.69113216025299,0 149.0147355070142,-35.69104257872344,0 149.0147252424777,-35.6909530829445,0 149.0147137744601,-35.69086368360233,0 149.0147011043308,-35.6907743913716,0 149.0146872336025,-35.69068521691418,0 149.0146721639315,-35.69059617087788,0 149.0146558971173,-35.69050726389516,0 149.014638435102,-35.69041850658191,0 149.0146197799709,-35.69032990953611,0 149.0145999339513,-35.69024148333664,0 149.0145788994129,-35.69015323854194,0 149.0145566788675,-35.69006518568883,0 149.0145332749681,-35.68997733529119,0 149.0145086905094,-35.68988969783874,0 149.0144829284268,-35.68980228379574,0 149.0144559917965,-35.6897151035998,0 149.0144278838347,-35.68962816766062,0 149.0143986078976,-35.68954148635871,0 149.0143681674811,-35.68945507004419,0 149.0143365662197,-35.68936892903553,0 149.0143038078867,-35.68928307361833,0 149.0142698963938,-35.68919751404409,0 149.01423483579,-35.68911226052899,0 149.0141986302617,-35.68902732325265,0 149.0141612841321,-35.68894271235695,0 149.0141228018603,-35.6888584379448,0 149.0140831880414,-35.68877451007889,0 149.0140424474055,-35.6886909387806,0 149.0140005848171,-35.68860773402866,0 149.0139576052747,-35.6885249057581,0 149.0139135139104,-35.68844246385895,0 149.0138683159888,-35.68836041817512,0 149.0138220169067,-35.68827877850322,0 149.0137746221926,-35.68819755459138,0 149.0137261375054,-35.68811675613806,0 149.0136765686344,-35.68803639279095,0 149.0136259214985,-35.68795647414576,0 149.013574202145,-35.68787700974514,0 149.0135214167495,-35.68779800907745,0 149.0134675716148,-35.68771948157572,0 149.0134126731703,-35.68764143661646,0 149.0133567279709,-35.68756388351857,0 149.0132997426969,-35.68748683154222,0 149.0132417241525,-35.68741028988773,0 149.0131826792653,-35.68733426769452,0 149.0131226150856,-35.68725877403994,0 149.0130615387854,-35.68718381793827,0 149.0129994576572,-35.68710940833957,0 149.012936379114,-35.68703555412867,0 149.0128723106876,-35.68696226412408,0 149.012807260028,-35.68688954707692,0 149.0127412349024,-35.68681741166994,0 149.0126742431947,-35.68674586651638,0 149.0126062929039,-35.68667492015906,0 149.0125373921435,-35.68660458106927,0 149.0124675491406,-35.68653485764578,0 149.0123967722347,-35.68646575821388,0 149.012325069877,-35.68639729102433,0 149.0122524506289,-35.6863294642524,0 149.0121789231615,-35.6862622859969,0 149.0121044962544,-35.68619576427918,0 149.0120291787943,-35.68612990704224,0 149.0119529797745,-35.68606472214969,0 149.0118759082936,-35.6860002173849,0 149.0117979735541,-35.68593640045,0 149.0117191848618,-35.685873278965,0 149.0116395516245,-35.6858108604669,0 149.0115590833505,-35.68574915240869,0 149.0114777896483,-35.68568816215861,0 149.0113956802246,-35.68562789699913,0 149.0113127648836,-35.68556836412618,0 149.0112290535257,-35.68550957064824,0 149.0111445561466,-35.68545152358548,0 149.0110592828354,-35.68539422986898,0 149.0109732437743,-35.68533769633984,0 149.0108864492366,-35.68528192974843,0 149.0107989095859,-35.68522693675349,0 149.0107106352749,-35.68517272392142,0 149.0106216368439,-35.68511929772548,0 149.0105319249197,-35.68506666454496,0 149.0104415102142,-35.68501483066451,0 149.0103504035234,-35.68496380227329,0 149.0102586157258,-35.68491358546431,0 149.0101661577813,-35.68486418623369,0 149.0100730407297,-35.68481561047988,0 149.0099792756895,-35.68476786400306,0 149.0098848738568,-35.68472095250434,0 149.0097898465034,-35.68467488158515,0 149.0096942049762,-35.68462965674657,0 149.009597960695,-35.68458528338861,0 149.0095011251519,-35.68454176680967,0 149.0094037099094,-35.68449911220579,0 149.0093057265993,-35.68445732467013,0 149.0092071869212,-35.68441640919228,0 149.0091081026413,-35.68437637065772,0 149.0090084855905,-35.68433721384724,0 149.0089083476636,-35.68429894343631,0 149.0088077008174,-35.68426156399459,0 149.0087065570697,-35.68422507998534,0 149.0086049284974,-35.6841894957649,0 149.0085028272354,-35.68415481558219,0 149.008400265475,-35.68412104357816,0 149.0082972554626,-35.68408818378533,0 149.0081938094979,-35.6840562401273,0 149.0080899399329,-35.68402521641828,0 149.0079856591699,-35.68399511636265,0 149.0078809796607,-35.68396594355444,0 149.0077759139043,-35.68393770147704,0 149.0076704744461,-35.68391039350268,0 149.0075646738759,-35.68388402289202,0 149.0074585248268,-35.68385859279383,0 149.0073520399735,-35.68383410624459,0 149.0072452320307,-35.68381056616808,0 149.0071381137517,-35.68378797537509,0 149.0070306979269,-35.68376633656306,0 149.0069229973821,-35.68374565231575,0 149.0068150249774,-35.68372592510295,0 149.006706793605,-35.68370715728017,0 149.0065983161883,-35.68368935108837,0 149.0064896056799,-35.68367250865368,0 149.0063806750602,-35.68365663198716,0 149.0062715373362,-35.68364172298456,0 149.0061622055392,-35.68362778342607,0 149.006052692724,-35.68361481497613,0 149.0059430119668,-35.68360281918323,0 149.0058331763641,-35.68359179747973,0 149.0057231990305,-35.68358175118165,0 149.005613093098,-35.68357268148857,0 149.0055028717136,-35.68356458948344,0 149.0053925480382,-35.6835574761325,0 149.005282135245,-35.68355134228509,0 149.0051716465176,-35.68354618867364,0 149.0050610950489,-35.6835420159135,0 149.0049504940392,-35.68353882450291,0 149.0048398566948,-35.68353661482295,0 149.0047291962262,-35.68353538713746,0 149.0046185258467,-35.68353514159303,0 149.0045078587709,-35.68353587821899,0 149.0043972082129,-35.68353759692737,0 149.0042865873847,-35.68354029751294,0 149.0041760094951,-35.68354397965327,0 149.0040654877475,-35.68354864290867,0 149.0039550353385,-35.68355428672233,0 149.0038446654569,-35.68356091042038,0 149.0037343912811,-35.68356851321189,0 149.0036242259783,-35.68357709418906,0 149.0035141827028,-35.68358665232731,0 149.0034042745943,-35.68359718648533,0 149.0032945147761,-35.6836086954053,0 149.0031849163541,-35.68362117771303,0 149.0030754924148,-35.68363463191805,0 149.0029662560238,-35.6836490564139,0 149.0028572202245,-35.68366444947821,0 149.0027483980363,-35.68368080927299,0 149.0026398024528,-35.68369813384481,0 149.002531446441,-35.68371642112506,0 149.0024233429389,-35.68373566893013,0 149.0023155048546,-35.68375587496178,0 149.0022079450644,-35.6837770368073,0 149.0021006764115,-35.68379915193989,0 149.001993711704,-35.68382221771891,0 149.0018870637142,-35.68384623139021,0 149.0017807451761,-35.68387119008645,0 149.0016747687847,-35.68389709082745,0 149.0015691471941,-35.68392393052057,0 149.0014638930157,-35.68395170596102,0 149.0013590188176,-35.6839804138323,0 149.0012545371221,-35.68401005070658,0 149.0011504604047,-35.68404061304506,0 149.0010468010926,-35.68407209719851,0 149.0009435715633,-35.68410449940756,0 149.0008407841427,-35.68413781580326,0 149.0007384511041,-35.68417204240748,0 149.0006365846666,-35.68420717513344,0 149.0005351969933,-35.68424320978612,0 149.0004343001904,-35.68428014206285,0 149.0003339063054,-35.68431796755374,0 149.0002340273258,-35.68435668174228,0 149.0001346751776,-35.68439628000583,0 149.0000358617237,-35.68443675761618,0 148.999937598763,-35.68447810974015,0 148.9998398980285,-35.6845203314401,0 148.999742771186,-35.68456341767461,0 148.9996462298329,-35.68460736329897,0 148.9995502854966,-35.68465216306591,0 148.9994549496334,-35.68469781162612,0 148.9993602336266,-35.68474430352899,0 148.9992661487859,-35.6847916332232,0 148.9991727063453,-35.68483979505736,0 148.9990799174623,-35.68488878328075,0 148.9989877932163,-35.68493859204398,0 148.9988963446071,-35.68498921539966,0 148.9988055825543,-35.68504064730315,0 148.9987155178952,-35.68509288161327,0 148.9986261613839,-35.68514591209302,0 148.9985375236899,-35.68519973241033,0 148.998449615397,-35.68525433613883,0 148.9983624470018,-35.68530971675859,0 148.9982760289125,-35.68536586765696,0 148.9981903714478,-35.68542278212926,0 148.9981054848357,-35.68548045337966,0 148.9980213792119,-35.68553887452199,0 148.9979380646189,-35.6855980385805,0 148.997855551005,-35.68565793849076,0 148.9977738482226,-35.68571856710046,0 148.9976929660273,-35.68577991717029,0 148.9976129140768,-35.6858419813748,0 148.9975337019297,-35.68590475230324,0 148.9974553390442,-35.68596822246052,0 148.9973778347771,-35.68603238426803,0 148.9973011983829,-35.68609723006456,0 148.9972254390123,-35.68616275210727,0 148.9971505657111,-35.68622894257253,0 148.9970765874197,-35.68629579355694,0 148.9970035129713,-35.68636329707819,0 148.9969313510913,-35.68643144507608,0 148.9968601103962,-35.68650022941345,0 148.9967897993924,-35.68656964187717,0 148.9967204264753,-35.68663967417909,0 148.9966519999284,-35.68671031795705,0 148.996584527922,-35.68678156477589,0 148.9965180185127,-35.68685340612844,0 148.9964524796419,-35.68692583343653,0 148.9963879191353,-35.68699883805205,0 148.9963243447015,-35.68707241125793,0 148.9962617639318,-35.6871465442692,0 148.9962001842985,-35.68722122823409,0 148.9961396131545,-35.68729645423502,0 148.9960800577322,-35.68737221328966,0 148.9960215251428,-35.68744849635209,0 148.9959640223753,-35.68752529431377,0 148.9959075562958,-35.68760259800469,0 148.9958521336466,-35.68768039819449,0 148.9957977610454,-35.68775868559347,0 148.9957444449846,-35.6878374508538,0 148.9956921918302,-35.68791668457057,0 148.9956410078215,-35.68799637728294,0 148.9955908990702,-35.68807651947527,0 148.9955418715593,-35.68815710157822,0 148.9954939311431,-35.68823811396997,0 148.9954470835457,-35.68831954697728,0 148.9954013343611,-35.68840139087671,0 148.9953566890518,-35.68848363589576,0 148.9953131529486,-35.68856627221402,0 148.9952707312501,-35.68864928996436,0 148.9952294290214,-35.68873267923411,0 148.9951892511943,-35.68881643006625,0 148.9951502025662,-35.68890053246056,0 148.9951122877996,-35.68898497637487,0 148.9950755114217,-35.68906975172621,0 148.9950398778238,-35.68915484839205,0 148.9950053912607,-35.68924025621149,0 148.9949720558502,-35.68932596498647,0 148.9949398755728,-35.68941196448299,0 148.9949088542707,-35.68949824443237,0 148.9948789956483,-35.68958479453239,0 148.9948503032706,-35.68967160444864,0 148.9948227805637,-35.68975866381561,0 148.994796430814,-35.68984596223806,0 148.9947712571676,-35.68993348929219,0 148.9947472626304,-35.69002123452689,0 148.9947244500675,-35.69010918746502,0 148.9947028222028,-35.69019733760462,0 148.9946823816188,-35.69028567442018,0 148.9946631307561,-35.69037418736394,0 148.9946450719133,-35.69046286586705,0 148.9946282072469,-35.69055169934093,0 148.9946125387704,-35.69064067717849,0 148.9945980683548,-35.6907297887554,0 148.9945847977279,-35.69081902343137,0 148.9945727284743,-35.69090837055137,0 148.9945618620351,-35.69099781944701,0 148.9945521997077,-35.6910873594377,0 148.994543742646,-35.69117697983197,0 148.9945364918597,-35.6912666699288,0 148.9945304482145,-35.69135641901879,0 148.9945256124322,-35.69144621638552,0 148.9945219850902,-35.69153605130681,0 148.9945195666215,-35.69162591305597,0 148.994518357315,-35.69171579090317,0 148.994518357315,-35.69180567411657,0 148.9945195666215,-35.69189555196376,0 148.9945219850902,-35.69198541371293,0 148.9945256124322,-35.69207524863421,0 148.9945304482145,-35.69216504600094,0 148.9945364918597,-35.69225479509093,0 148.994543742646,-35.69234448518776,0 148.9945521997077,-35.69243410558204,0 148.9945618620351,-35.69252364557273,0 148.9945727284743,-35.69261309446836,0 148.9945847977279,-35.69270244158837,0 148.9945980683548,-35.69279167626433,0 148.9946125387704,-35.69288078784124,0 148.9946282072469,-35.6929697656788,0 148.9946450719133,-35.69305859915269,0 148.9946631307561,-35.6931472776558,0 148.9946823816188,-35.69323579059954,0 148.9947028222028,-35.69332412741512,0 148.9947244500675,-35.69341227755471,0 148.9947472626304,-35.69350023049284,0 148.9947712571676,-35.69358797572754,0 148.994796430814,-35.69367550278167,0 148.9948227805637,-35.69376280120412,0 148.9948503032706,-35.69384986057109,0 148.9948789956483,-35.69393667048733,0 148.9949088542707,-35.69402322058736,0 148.9949398755728,-35.69410950053674,0 148.9949720558502,-35.69419550003327,0 148.9950053912607,-35.69428120880824,0 148.9950398778238,-35.69436661662768,0 148.9950755114217,-35.69445171329352,0 148.9951122877996,-35.69453648864486,0 148.9951502025662,-35.69462093255917,0 148.9951892511943,-35.69470503495349,0 148.9952294290214,-35.69478878578562,0 148.9952707312501,-35.69487217505537,0 148.9953131529486,-35.69495519280571,0 148.9953566890518,-35.69503782912397,0 148.9954013343611,-35.69512007414302,0 148.9954470835457,-35.69520191804246,0 148.9954939311431,-35.69528335104977,0 148.9955418715593,-35.69536436344151,0 148.9955908990702,-35.69544494554447,0 148.9956410078215,-35.69552508773679,0 148.9956921918302,-35.69560478044916,0 148.9957444449846,-35.69568401416593,0 148.9957977610454,-35.69576277942625,0 148.9958521336466,-35.69584106682525,0 148.9959075562958,-35.69591886701504,0 148.9959640223753,-35.69599617070597,0 148.9960215251428,-35.69607296866764,0 148.9960800577322,-35.69614925173006,0 148.9961396131545,-35.69622501078471,0 148.9962001842985,-35.69630023678564,0 148.9962617639318,-35.69637492075052,0 148.9963243447015,-35.6964490537618,0 148.9963879191353,-35.69652262696768,0 148.9964524796419,-35.69659563158319,0 148.9965180185127,-35.69666805889129,0 148.996584527922,-35.69673990024384,0 148.9966519999284,-35.69681114706268,0 148.9967204264753,-35.69688179084064,0 148.9967897993924,-35.69695182314256,0 148.9968601103962,-35.69702123560627,0 148.9969313510913,-35.69709001994365,0 148.9970035129713,-35.69715816794155,0 148.9970765874197,-35.6972256714628,0 148.9971505657111,-35.6972925224472,0 148.9972254390123,-35.69735871291246,0 148.9973011983829,-35.69742423495516,0 148.9973778347771,-35.6974890807517,0 148.9974553390442,-35.69755324255921,0 148.9975337019297,-35.69761671271649,0 148.9976129140768,-35.69767948364493,0 148.9976929660273,-35.69774154784943,0 148.9977738482226,-35.69780289791927,0 148.997855551005,-35.69786352652897,0 148.9979380646189,-35.69792342643923,0 148.9980213792119,-35.69798259049774,0 148.9981054848357,-35.69804101164006,0 148.9981903714478,-35.69809868289047,0 148.9982760289125,-35.69815559736277,0 148.9983624470018,-35.69821174826114,0 148.998449615397,-35.69826712888091,0 148.9985375236899,-35.69832173260941,0 148.9986261613839,-35.69837555292671,0 148.9987155178952,-35.69842858340646,0 148.9988055825543,-35.69848081771658,0 148.9988963446071,-35.69853224962007,0 148.9989877932163,-35.69858287297575,0 148.9990799174623,-35.69863268173898,0 148.9991727063453,-35.69868166996238,0 148.9992661487859,-35.69872983179653,0 148.9993602336266,-35.69877716149073,0 148.9994549496334,-35.69882365339361,0 148.9995502854966,-35.69886930195383,0 148.9996462298329,-35.69891410172076,0 148.999742771186,-35.69895804734512,0 148.9998398980285,-35.69900113357963,0 148.999937598763,-35.69904335527958,0 149.0000358617237,-35.69908470740355,0 149.0001346751776,-35.69912518501391,0 149.0002340273258,-35.69916478327745,0 149.0003339063054,-35.69920349746599,0 149.0004343001904,-35.69924132295689,0 149.0005351969933,-35.69927825523361,0 149.0006365846666,-35.69931428988629,0 149.0007384511041,-35.69934942261225,0 149.0008407841427,-35.69938364921647,0 149.0009435715633,-35.69941696561217,0 149.0010468010926,-35.69944936782122,0 149.0011504604047,-35.69948085197466,0 149.0012545371221,-35.69951141431316,0 149.0013590188176,-35.69954105118743,0 149.0014638930157,-35.69956975905871,0 149.0015691471941,-35.69959753449916,0 149.0016747687847,-35.69962437419228,0 149.0017807451761,-35.69965027493328,0 149.0018870637142,-35.69967523362952,0 149.001993711704,-35.69969924730081,0 149.0021006764115,-35.69972231307983,0 149.0022079450644,-35.69974442821243,0 149.0023155048546,-35.69976559005795,0 149.0024233429389,-35.6997857960896,0 149.002531446441,-35.69980504389468,0 149.0026398024528,-35.69982333117492,0 149.0027483980363,-35.69984065574674,0 149.0028572202245,-35.69985701554152,0 149.0029662560238,-35.69987240860583,0 149.0030754924148,-35.69988683310168,0 149.0031849163541,-35.6999002873067,0 149.0032945147761,-35.69991276961443,0 149.0034042745943,-35.6999242785344,0 149.0035141827028,-35.69993481269243,0 149.0036242259783,-35.69994437083066,0 149.0037343912811,-35.69995295180784,0 149.0038446654569,-35.69996055459936,0 149.0039550353385,-35.69996717829739,0 149.0040654877475,-35.69997282211106,0 149.0041760094951,-35.69997748536647,0 149.0042865873847,-35.69998116750678,0 149.0043972082129,-35.69998386809237,0 149.0045078587709,-35.69998558680074,0 149.0046185258467,-35.69998632342669,0 149.0047291962262,-35.69998607788227,0 149.0048398566948,-35.69998485019678,0 149.0049504940392,-35.69998264051682,0 149.0050610950489,-35.69997944910624,0 149.0051716465176,-35.69997527634609,0 149.005282135245,-35.69997012273463,0 149.0053925480382,-35.69996398888723,0 149.0055028717136,-35.69995687553629,0 149.005613093098,-35.69994878353116,0 149.0057231990305,-35.69993971383808,0 149.0058331763641,-35.69992966754,0 149.0059430119668,-35.6999186458365,0 149.006052692724,-35.6999066500436,0 149.0061622055392,-35.69989368159366,0 149.0062715373362,-35.69987974203517,0 149.0063806750602,-35.69986483303257,0 149.0064896056799,-35.69984895636605,0 149.0065983161883,-35.69983211393136,0 149.006706793605,-35.69981430773957,0 149.0068150249774,-35.69979553991679,0 149.0069229973821,-35.69977581270398,0 149.0070306979269,-35.69975512845667,0 149.0071381137517,-35.69973348964464,0 149.0072452320307,-35.69971089885165,0 149.0073520399735,-35.69968735877514,0 149.0074585248268,-35.6996628722259,0 149.0075646738759,-35.69963744212772,0 149.0076704744461,-35.69961107151705,0 149.0077759139043,-35.69958376354269,0 149.0078809796607,-35.69955552146529,0 149.0079856591699,-35.69952634865709,0 149.0080899399329,-35.69949624860145,0 149.0081938094979,-35.69946522489243,0 149.0082972554626,-35.6994332812344,0 149.008400265475,-35.69940042144157,0 149.0085028272354,-35.69936664943754,0 149.0086049284974,-35.69933196925483,0 149.0087065570697,-35.69929638503439,0 149.0088077008174,-35.69925990102514,0 149.0089083476636,-35.69922252158342,0 149.0090084855905,-35.69918425117249,0 149.0091081026413,-35.69914509436201,0 149.0092071869212,-35.69910505582745,0 149.0093057265993,-35.69906414034961,0 149.0094037099094,-35.69902235281393,0 149.0095011251519,-35.69897969821006,0 149.009597960695,-35.69893618163112,0 149.0096942049762,-35.69889180827317,0 149.0097898465034,-35.69884658343458,0 149.0098848738568,-35.6988005125154,0 149.0099792756895,-35.69875360101668,0 149.0100730407297,-35.69870585453985,0 149.0101661577813,-35.69865727878604,0 149.0102586157258,-35.69860787955542,0 149.0103504035234,-35.69855766274645,0 149.0104415102142,-35.69850663435523,0 149.0105319249197,-35.69845480047477,0 149.0106216368439,-35.69840216729425,0 149.0107106352749,-35.69834874109831,0 149.0107989095859,-35.69829452826625,0 149.0108864492366,-35.69823953527131,0 149.0109732437743,-35.69818376867989,0 149.0110592828354,-35.69812723515076,0 149.0111445561466,-35.69806994143426,0 149.0112290535257,-35.6980118943715,0 149.0113127648836,-35.69795310089355,0 149.0113956802246,-35.6978935680206,0 149.0114777896483,-35.69783330286113,0 149.0115590833505,-35.69777231261104,0 149.0116395516245,-35.69771060455283,0 149.0117191848618,-35.69764818605473,0 149.0117979735541,-35.69758506456973,0 149.0118759082936,-35.69752124763483,0 149.0119529797745,-35.69745674287004,0 149.0120291787943,-35.6973915579775,0 149.0121044962544,-35.69732570074055,0 149.0121789231615,-35.69725917902283,0 149.0122524506289,-35.69719200076733,0 149.012325069877,-35.6971241739954,0 149.0123967722347,-35.69705570680585,0 149.0124675491406,-35.69698660737394,0 149.0125373921435,-35.69691688395046,0 149.0126062929039,-35.69684654486067,0 149.0126742431947,-35.69677559850335,0 149.0127412349024,-35.6967040533498,0 149.012807260028,-35.6966319179428,0 149.0128723106876,-35.69655920089566,0 149.012936379114,-35.69648591089106,0 149.0129994576572,-35.69641205668016,0 149.0130615387854,-35.69633764708146,0 149.0131226150856,-35.69626269097979,0 149.0131826792653,-35.69618719732521,0 149.0132417241525,-35.696111175132,0 149.0132997426969,-35.69603463347752,0 149.0133567279709,-35.69595758150116,0 149.0134126731703,-35.69588002840327,0 149.0134675716148,-35.69580198344401,0 149.0135214167495,-35.69572345594228,0 149.013574202145,-35.69564445527459,0 149.0136259214985,-35.69556499087397,0 149.0136765686344,-35.69548507222878,0 149.0137261375054,-35.69540470888168,0 149.0137746221926,-35.69532391042836,0 149.0138220169067,-35.69524268651651,0 149.0138683159888,-35.69516104684461,0 149.0139135139104,-35.69507900116079,0 149.0139576052747,-35.69499655926163,0 149.0140005848171,-35.69491373099107,0 149.0140424474055,-35.69483052623914,0 149.0140831880414,-35.69474695494084,0 149.0141228018603,-35.69466302707493,0 149.0141612841321,-35.69457875266277,0 149.0141986302617,-35.69449414176707,0 149.01423483579,-35.69440920449075,0 149.0142698963938,-35.69432395097564,0 149.0143038078867,-35.6942383914014,0 149.0143365662197,-35.6941525359842,0 149.0143681674811,-35.69406639497554,0 149.0143986078976,-35.69397997866101,0 149.0144278838347,-35.69389329735911,0 149.0144559917965,-35.69380636141993,0 149.0144829284268,-35.693719181224,0 149.0145086905094,-35.693631767181,0 149.0145332749681,-35.69354412972854,0 149.0145566788675,-35.6934562793309,0 149.0145788994129,-35.69336822647779,0 149.0145999339513,-35.6932799816831,0 149.0146197799709,-35.69319155548362,0 149.014638435102,-35.69310295843782,0 149.0146558971173,-35.69301420112457,0 149.0146721639315,-35.69292529414185,0 149.0146872336025,-35.69283624810555,0 149.0147011043308,-35.69274707364813,0 149.0147137744601,-35.6926577814174,0 149.0147252424777,-35.69256838207523,0 149.0147355070142,-35.69247888629629,0 149.014744566844,-35.69238930476674,0 149.0147524208852,-35.692299648183,0 149.0147590682002,-35.69220992725046,0 149.0147645079951,-35.69212015268216,0 149.0147687396204,-35.69203033519756,0 149.0147717625709,-35.69194048552127,0 149.0147735764855,-35.69185061438171,0 
						</coordinates>
					</LinearRing>
				</outerBoundaryIs>
			</Polygon>
		</Placemark>
		<Placemark id="283">
			<name>Glendale Depot NFZ_dv_0</name>
			<styleUrl>#286</styleUrl>
			<Polygon id="282">
				<outerBoundaryIs>
					<LinearRing id="284">
						<coordinates>
							149.0234222769173,-35.69176073250986,0 149.0234219507661,-35.69167085092483,0 149.0234209723235,-35.69158097246238,0 149.0234193416238,-35.69149110024501,0 149.0234170587236,-35.69140123739496,0 149.0234141237021,-35.69131138703418,0 149.0234105366612,-35.69122155228418,0 149.0234062977257,-35.69113173626592,0 149.0234014070428,-35.6910419420997,0 149.0233958647824,-35.69095217290509,0 149.023389671137,-35.69086243180075,0 149.0233828263219,-35.6907727219044,0 149.0233753305747,-35.69068304633267,0 149.023367184156,-35.69059340820098,0 149.0233583873488,-35.69050381062348,0 149.0233489404585,-35.69041425671288,0 149.0233388438135,-35.69032474958037,0 149.0233280977646,-35.69023529233556,0 149.023316702685,-35.69014588808626,0 149.0233046589706,-35.69005653993852,0 149.0232919670399,-35.68996725099636,0 149.0232786273337,-35.6898780243618,0 149.0232646403155,-35.68978886313467,0 149.0232500064713,-35.68969977041252,0 149.0232347263094,-35.68961074929055,0 149.0232188003606,-35.68952180286146,0 149.0232022291783,-35.68943293421532,0 149.0231850133382,-35.68934414643955,0 149.0231671534384,-35.68925544261874,0 149.0231486500993,-35.68916682583456,0 149.0231295039638,-35.68907829916566,0 149.0231097156969,-35.68898986568755,0 149.0230892859863,-35.68890152847251,0 149.0230682155416,-35.68881329058948,0 149.0230465050948,-35.68872515510394,0 149.0230241554003,-35.68863712507783,0 149.0230011672344,-35.68854920356939,0 149.0229775413958,-35.68846139363314,0 149.0229532787052,-35.68837369831968,0 149.0229283800057,-35.68828612067565,0 149.0229028461621,-35.6881986637436,0 149.0228766780617,-35.68811133056188,0 149.0228498766134,-35.68802412416455,0 149.0228224427483,-35.68793704758124,0 149.0227943774198,-35.68785010383712,0 149.0227656816025,-35.6877632959527,0 149.0227363562936,-35.68767662694377,0 149.0227064025119,-35.68759009982134,0 149.0226758212978,-35.68750371759144,0 149.022644613714,-35.68741748325509,0 149.0226127808445,-35.68733139980818,0 149.0225803237953,-35.68724547024133,0 149.0225472436939,-35.68715969753985,0 149.0225135416897,-35.68707408468356,0 149.0224792189534,-35.68698863464677,0 149.0224442766774,-35.6869033503981,0 149.0224087160758,-35.68681823490041,0 149.0223725383839,-35.68673329111074,0 149.0223357448586,-35.68664852198011,0 149.0222983367781,-35.68656393045351,0 149.0222603154419,-35.68647951946974,0 149.0222216821711,-35.68639529196132,0 149.0221824383078,-35.68631125085444,0 149.0221425852154,-35.68622739906876,0 149.0221021242784,-35.68614373951739,0 149.0220610569024,-35.68606027510676,0 149.0220193845142,-35.68597700873653,0 149.0219771085616,-35.68589394329945,0 149.0219342305132,-35.68581108168133,0 149.0218907518587,-35.68572842676086,0 149.0218466741086,-35.68564598140956,0 149.0218019987942,-35.6855637484917,0 149.0217567274675,-35.68548173086413,0 149.0217108617014,-35.68539993137623,0 149.0216644030892,-35.68531835286982,0 149.0216173532451,-35.68523699817903,0 149.0215697138035,-35.6851558701302,0 149.0215214864195,-35.68507497154182,0 149.0214726727686,-35.68499430522441,0 149.0214232745466,-35.6849138739804,0 149.0213732934698,-35.68483368060406,0 149.0213227312744,-35.6847537278814,0 149.021271589717,-35.68467401859007,0 149.0212198705744,-35.68459455549927,0 149.0211675756434,-35.68451534136963,0 149.0211147067408,-35.68443637895314,0 149.0210612657032,-35.68435767099304,0 149.0210072543873,-35.68427922022374,0 149.0209526746695,-35.68420102937071,0 149.0208975284459,-35.6841231011504,0 149.0208418176325,-35.6840454382701,0 149.0207855441646,-35.68396804342792,0 149.0207287099972,-35.68389091931265,0 149.0206713171049,-35.68381406860366,0 149.0206133674816,-35.68373749397084,0 149.0205548631404,-35.68366119807448,0 149.0204958061139,-35.68358518356518,0 149.0204361984537,-35.68350945308377,0 149.0203760422308,-35.68343400926122,0 149.0203153395351,-35.68335885471853,0 149.0202540924753,-35.68328399206666,0 149.0201923031793,-35.68320942390641,0 149.0201299737938,-35.68313515282838,0 149.020067106484,-35.68306118141282,0 149.0200037034342,-35.68298751222959,0 149.019939766847,-35.68291414783803,0 149.0198752989436,-35.68284109078692,0 149.0198103019637,-35.68276834361433,0 149.0197447781654,-35.68269590884759,0 149.019678729825,-35.68262378900315,0 149.0196121592372,-35.68255198658656,0 149.0195450687147,-35.6824805040923,0 149.0194774605883,-35.68240934400376,0 149.0194093372067,-35.68233850879312,0 149.0193407009367,-35.68226800092127,0 149.0192715541628,-35.68219782283774,0 149.0192018992872,-35.68212797698061,0 149.0191317387298,-35.68205846577639,0 149.0190610749279,-35.68198929163997,0 149.0189899103367,-35.68192045697456,0 149.0189182474284,-35.68185196417153,0 149.0188460886927,-35.68178381561042,0 149.0187734366365,-35.68171601365879,0 149.0187002937837,-35.68164856067212,0 149.0186266626754,-35.68158145899386,0 149.0185525458697,-35.68151471095516,0 149.0184779459415,-35.68144831887493,0 149.0184028654824,-35.6813822850597,0 149.0183273071009,-35.6813166118036,0 149.0182512734218,-35.68125130138814,0 149.0181747670868,-35.6811863560823,0 149.0180977907537,-35.68112177814236,0 149.0180203470968,-35.68105756981183,0 149.0179424388066,-35.68099373332139,0 149.0178640685896,-35.68093027088877,0 149.0177852391686,-35.68086718471873,0 149.0177059532822,-35.68080447700297,0 149.0176262136848,-35.68074214992001,0 149.0175460231467,-35.68068020563518,0 149.0174653844538,-35.6806186463005,0 149.0173843004077,-35.68055747405459,0 149.0173027738251,-35.68049669102266,0 149.0172208075386,-35.68043629931638,0 149.0171384043956,-35.68037630103382,0 149.0170555672589,-35.68031669825939,0 149.0169722990065,-35.68025749306376,0 149.0168886025311,-35.68019868750378,0 149.0168044807405,-35.68014028362244,0 149.0167199365571,-35.68008228344874,0 149.0166349729181,-35.68002468899768,0 149.0165495927753,-35.67996750227016,0 149.0164637990948,-35.6799107252529,0 149.0163775948572,-35.67985435991841,0 149.0162909830573,-35.67979840822488,0 149.0162039667042,-35.67974287211613,0 149.0161165488209,-35.67968775352157,0 149.0160287324443,-35.67963305435605,0 149.0159405206254,-35.67957877651991,0 149.0158519164287,-35.67952492189881,0 149.0157629229323,-35.67947149236372,0 149.0156735432282,-35.67941848977086,0 149.0155837804213,-35.67936591596158,0 149.0154936376302,-35.67931377276236,0 149.0154031179865,-35.67926206198472,0 149.015312224635,-35.67921078542514,0 149.0152209607334,-35.67915994486504,0 149.0151293294524,-35.67910954207067,0 149.0150373339752,-35.67905957879309,0 149.0149449774981,-35.67901005676806,0 149.0148522632294,-35.67896097771606,0 149.0147591943902,-35.67891234334213,0 149.0146657742138,-35.67886415533589,0 149.0145720059458,-35.67881641537145,0 149.0144778928437,-35.67876912510734,0 149.0143834381772,-35.67872228618651,0 149.0142886452277,-35.67867590023615,0 149.0141935172884,-35.6786299688678,0 149.0140980576643,-35.67858449367715,0 149.0140022696716,-35.67853947624405,0 149.0139061566381,-35.67849491813249,0 149.013809721903,-35.67845082089043,0 149.0137129688165,-35.6784071860499,0 149.0136159007398,-35.67836401512678,0 149.0135185210453,-35.67832130962091,0 149.013420833116,-35.67827907101591,0 149.0133228403458,-35.67823730077922,0 149.0132245461389,-35.67819600036196,0 149.0131259539103,-35.67815517119897,0 149.0130270670852,-35.67811481470869,0 149.0129278890989,-35.67807493229315,0 149.0128284233971,-35.67803552533792,0 149.0127286734353,-35.67799659521204,0 149.012628642679,-35.67795814326799,0 149.0125283346033,-35.67792017084162,0 149.012427752693,-35.67788267925216,0 149.0123269004424,-35.67784566980209,0 149.0122257813554,-35.67780914377717,0 149.0121243989448,-35.67777310244634,0 149.0120227567329,-35.67773754706175,0 149.0119208582507,-35.67770247885859,0 149.0118187070384,-35.67766789905521,0 149.0117163066448,-35.67763380885293,0 149.0116136606274,-35.67760020943609,0 149.0115107725523,-35.67756710197197,0 149.0114076459939,-35.67753448761076,0 149.0113042845349,-35.67750236748552,0 149.0112006917662,-35.67747074271214,0 149.0110968712868,-35.67743961438931,0 149.0109928267035,-35.67740898359844,0 149.0108885616309,-35.67737885140371,0 149.0107840796913,-35.67734921885192,0 149.0106793845146,-35.67732008697255,0 149.010574479738,-35.67729145677767,0 149.0104693690059,-35.67726332926193,0 149.0103640559701,-35.67723570540252,0 149.0102585442892,-35.67720858615911,0 149.0101528376289,-35.67718197247387,0 149.0100469396614,-35.67715586527136,0 149.0099408540659,-35.67713026545861,0 149.0098345845279,-35.67710517392496,0 149.0097281347392,-35.67708059154213,0 149.0096215083981,-35.67705651916414,0 149.0095147092089,-35.67703295762728,0 149.0094077408819,-35.67700990775012,0 149.0093006071334,-35.67698737033344,0 149.0091933116852,-35.6769653461602,0 149.0090858582649,-35.67694383599556,0 149.0089782506057,-35.6769228405868,0 149.0088704924458,-35.67690236066333,0 149.0087625875289,-35.67688239693664,0 149.0086545396039,-35.67686295010029,0 149.0085463524243,-35.6768440208299,0 149.0084380297488,-35.67682560978307,0 149.0083295753406,-35.67680771759944,0 149.0082209929675,-35.67679034490061,0 149.0081122864018,-35.67677349229011,0 149.00800345942,-35.67675716035343,0 149.0078945158031,-35.67674134965795,0 149.0077854593357,-35.67672606075296,0 149.0076762938066,-35.67671129416961,0 149.0075670230084,-35.67669705042091,0 149.0074576507373,-35.67668333000172,0 149.0073481807929,-35.67667013338867,0 149.0072386169784,-35.67665746104024,0 149.0071289631002,-35.67664531339669,0 149.0070192229677,-35.67663369088005,0 149.0069094003935,-35.67662259389407,0 149.0067994991929,-35.67661202282429,0 149.0066895231841,-35.67660197803797,0 149.0065794761876,-35.67659245988406,0 149.0064693620266,-35.67658346869323,0 149.0063591845268,-35.67657500477786,0 149.0062489475157,-35.67656706843199,0 149.0061386548231,-35.67655965993134,0 149.0060283102806,-35.67655277953327,0 149.0059179177219,-35.67654642747685,0 149.005807480982,-35.67654060398273,0 149.0056970038977,-35.67653530925323,0 149.005586490307,-35.6765305434723,0 149.0054759440494,-35.6765263068055,0 149.0053653689653,-35.67652259940002,0 149.0052547688962,-35.67651942138467,0 149.0051441476845,-35.67651677286984,0 149.0050335091733,-35.67651465394756,0 149.0049228572063,-35.67651306469143,0 149.0048121956278,-35.67651200515667,0 149.0047015282821,-35.67651147538009,0 149.004590859014,-35.67651147538009,0 149.0044801916684,-35.67651200515667,0 149.0043695300898,-35.67651306469143,0 149.0042588781228,-35.67651465394756,0 149.0041482396117,-35.67651677286984,0 149.0040376184,-35.67651942138467,0 149.0039270183309,-35.67652259940002,0 149.0038164432468,-35.6765263068055,0 149.0037058969891,-35.6765305434723,0 149.0035953833984,-35.67653530925323,0 149.0034849063141,-35.67654060398273,0 149.0033744695742,-35.67654642747685,0 149.0032640770155,-35.67655277953327,0 149.0031537324731,-35.67655965993134,0 149.0030434397804,-35.67656706843199,0 149.0029332027693,-35.67657500477786,0 149.0028230252695,-35.67658346869323,0 149.0027129111085,-35.67659245988406,0 149.002602864112,-35.67660197803797,0 149.0024928881032,-35.67661202282429,0 149.0023829869026,-35.67662259389407,0 149.0022731643284,-35.67663369088005,0 149.0021634241959,-35.67664531339669,0 149.0020537703177,-35.67665746104024,0 149.0019442065032,-35.67667013338867,0 149.0018347365589,-35.67668333000172,0 149.0017253642877,-35.67669705042091,0 149.0016160934895,-35.67671129416961,0 149.0015069279605,-35.67672606075296,0 149.0013978714931,-35.67674134965795,0 149.0012889278761,-35.67675716035343,0 149.0011801008944,-35.67677349229011,0 149.0010713943286,-35.67679034490061,0 149.0009628119555,-35.67680771759944,0 149.0008543575473,-35.67682560978307,0 149.0007460348718,-35.6768440208299,0 149.0006378476922,-35.67686295010029,0 149.0005297997672,-35.67688239693664,0 149.0004218948503,-35.67690236066333,0 149.0003141366905,-35.6769228405868,0 149.0002065290312,-35.67694383599556,0 149.000099075611,-35.6769653461602,0 148.9999917801628,-35.67698737033344,0 148.9998846464142,-35.67700990775012,0 148.9997776780872,-35.67703295762728,0 148.999670878898,-35.67705651916414,0 148.9995642525569,-35.67708059154213,0 148.9994578027682,-35.67710517392496,0 148.9993515332302,-35.67713026545861,0 148.9992454476347,-35.67715586527136,0 148.9991395496673,-35.67718197247387,0 148.9990338430069,-35.67720858615911,0 148.9989283313261,-35.67723570540252,0 148.9988230182902,-35.67726332926193,0 148.9987179075582,-35.67729145677767,0 148.9986130027815,-35.67732008697255,0 148.9985083076048,-35.67734921885192,0 148.9984038256652,-35.67737885140371,0 148.9982995605926,-35.67740898359844,0 148.9981955160094,-35.67743961438931,0 148.9980916955299,-35.67747074271214,0 148.9979881027613,-35.67750236748552,0 148.9978847413023,-35.67753448761076,0 148.9977816147438,-35.67756710197197,0 148.9976787266687,-35.67760020943609,0 148.9975760806513,-35.67763380885293,0 148.9974736802577,-35.67766789905521,0 148.9973715290454,-35.67770247885859,0 148.9972696305632,-35.67773754706175,0 148.9971679883513,-35.67777310244634,0 148.9970666059407,-35.67780914377717,0 148.9969654868537,-35.67784566980209,0 148.9968646346032,-35.67788267925216,0 148.9967640526929,-35.67792017084162,0 148.9966637446171,-35.67795814326799,0 148.9965637138608,-35.67799659521204,0 148.996463963899,-35.67803552533792,0 148.9963644981972,-35.67807493229315,0 148.9962653202109,-35.67811481470869,0 148.9961664333858,-35.67815517119897,0 148.9960678411572,-35.67819600036196,0 148.9959695469503,-35.67823730077922,0 148.9958715541801,-35.67827907101591,0 148.9957738662508,-35.67832130962091,0 148.9956764865563,-35.67836401512678,0 148.9955794184797,-35.6784071860499,0 148.9954826653931,-35.67845082089043,0 148.995386230658,-35.67849491813249,0 148.9952901176245,-35.67853947624405,0 148.9951943296319,-35.67858449367715,0 148.9950988700077,-35.6786299688678,0 148.9950037420684,-35.67867590023615,0 148.994908949119,-35.67872228618651,0 148.9948144944524,-35.67876912510734,0 148.9947203813504,-35.67881641537145,0 148.9946266130823,-35.67886415533589,0 148.994533192906,-35.67891234334213,0 148.9944401240668,-35.67896097771606,0 148.9943474097981,-35.67901005676806,0 148.9942550533209,-35.67905957879309,0 148.9941630578437,-35.67910954207067,0 148.9940714265627,-35.67915994486504,0 148.9939801626611,-35.67921078542514,0 148.9938892693096,-35.67926206198472,0 148.9937987496659,-35.67931377276236,0 148.9937086068748,-35.67936591596158,0 148.993618844068,-35.67941848977086,0 148.9935294643638,-35.67947149236372,0 148.9934404708675,-35.67952492189881,0 148.9933518666707,-35.67957877651991,0 148.9932636548518,-35.67963305435605,0 148.9931758384753,-35.67968775352157,0 148.9930884205919,-35.67974287211613,0 148.9930014042388,-35.67979840822488,0 148.992914792439,-35.67985435991841,0 148.9928285882013,-35.6799107252529,0 148.9927427945209,-35.67996750227016,0 148.992657414378,-35.68002468899768,0 148.992572450739,-35.68008228344874,0 148.9924879065557,-35.68014028362244,0 148.992403784765,-35.68019868750378,0 148.9923200882896,-35.68025749306376,0 148.9922368200372,-35.68031669825939,0 148.9921539829006,-35.68037630103382,0 148.9920715797576,-35.68043629931638,0 148.991989613471,-35.68049669102266,0 148.9919080868885,-35.68055747405459,0 148.9918270028423,-35.6806186463005,0 148.9917463641494,-35.68068020563518,0 148.9916661736113,-35.68074214992001,0 148.991586434014,-35.68080447700297,0 148.9915071481275,-35.68086718471873,0 148.9914283187065,-35.68093027088877,0 148.9913499484896,-35.68099373332139,0 148.9912720401993,-35.68105756981183,0 148.9911945965424,-35.68112177814236,0 148.9911176202093,-35.6811863560823,0 148.9910411138743,-35.68125130138814,0 148.9909650801953,-35.6813166118036,0 148.9908895218137,-35.6813822850597,0 148.9908144413546,-35.68144831887493,0 148.9907398414264,-35.68151471095516,0 148.9906657246207,-35.68158145899386,0 148.9905920935125,-35.68164856067212,0 148.9905189506597,-35.68171601365879,0 148.9904462986034,-35.68178381561042,0 148.9903741398677,-35.68185196417153,0 148.9903024769594,-35.68192045697456,0 148.9902313123682,-35.68198929163997,0 148.9901606485664,-35.68205846577639,0 148.9900904880089,-35.68212797698061,0 148.9900208331333,-35.68219782283774,0 148.9899516863594,-35.68226800092127,0 148.9898830500894,-35.68233850879312,0 148.9898149267078,-35.68240934400376,0 148.9897473185814,-35.6824805040923,0 148.9896802280589,-35.68255198658656,0 148.9896136574711,-35.68262378900315,0 148.9895476091308,-35.68269590884759,0 148.9894820853325,-35.68276834361433,0 148.9894170883526,-35.68284109078692,0 148.9893526204492,-35.68291414783803,0 148.9892886838619,-35.68298751222959,0 148.9892252808121,-35.68306118141282,0 148.9891624135024,-35.68313515282838,0 148.9891000841168,-35.68320942390641,0 148.9890382948208,-35.68328399206666,0 148.9889770477611,-35.68335885471853,0 148.9889163450653,-35.68343400926122,0 148.9888561888424,-35.68350945308377,0 148.9887965811823,-35.68358518356518,0 148.9887375241558,-35.68366119807448,0 148.9886790198146,-35.68373749397084,0 148.9886210701912,-35.68381406860366,0 148.9885636772989,-35.68389091931265,0 148.9885068431315,-35.68396804342792,0 148.9884505696637,-35.6840454382701,0 148.9883948588502,-35.6841231011504,0 148.9883397126266,-35.68420102937071,0 148.9882851329088,-35.68427922022374,0 148.9882311215929,-35.68435767099304,0 148.9881776805554,-35.68443637895314,0 148.9881248116527,-35.68451534136963,0 148.9880725167217,-35.68459455549927,0 148.9880207975791,-35.68467401859007,0 148.9879696560218,-35.6847537278814,0 148.9879190938264,-35.68483368060406,0 148.9878691127495,-35.6849138739804,0 148.9878197145275,-35.68499430522441,0 148.9877709008766,-35.68507497154182,0 148.9877226734926,-35.6851558701302,0 148.9876750340511,-35.68523699817903,0 148.9876279842069,-35.68531835286982,0 148.9875815255948,-35.68539993137623,0 148.9875356598286,-35.68548173086413,0 148.987490388502,-35.6855637484917,0 148.9874457131876,-35.68564598140956,0 148.9874016354374,-35.68572842676086,0 148.9873581567829,-35.68581108168133,0 148.9873152787345,-35.68589394329945,0 148.9872730027819,-35.68597700873653,0 148.9872313303937,-35.68606027510676,0 148.9871902630178,-35.68614373951739,0 148.9871498020807,-35.68622739906876,0 148.9871099489883,-35.68631125085444,0 148.987070705125,-35.68639529196132,0 148.9870320718542,-35.68647951946974,0 148.9869940505181,-35.68656393045351,0 148.9869566424376,-35.68664852198011,0 148.9869198489122,-35.68673329111074,0 148.9868836712203,-35.68681823490041,0 148.9868481106187,-35.6869033503981,0 148.9868131683428,-35.68698863464677,0 148.9867788456065,-35.68707408468356,0 148.9867451436022,-35.68715969753985,0 148.9867120635009,-35.68724547024133,0 148.9866796064516,-35.68733139980818,0 148.9866477735821,-35.68741748325509,0 148.9866165659983,-35.68750371759144,0 148.9865859847843,-35.68759009982134,0 148.9865560310025,-35.68767662694377,0 148.9865267056936,-35.6877632959527,0 148.9864980098764,-35.68785010383712,0 148.9864699445478,-35.68793704758124,0 148.9864425106828,-35.68802412416455,0 148.9864157092345,-35.68811133056188,0 148.986389541134,-35.6881986637436,0 148.9863640072904,-35.68828612067565,0 148.9863391085909,-35.68837369831968,0 148.9863148459004,-35.68846139363314,0 148.9862912200618,-35.68854920356939,0 148.9862682318958,-35.68863712507783,0 148.9862458822013,-35.68872515510394,0 148.9862241717546,-35.68881329058948,0 148.9862031013099,-35.68890152847251,0 148.9861826715992,-35.68898986568755,0 148.9861628833324,-35.68907829916566,0 148.9861437371968,-35.68916682583456,0 148.9861252338577,-35.68925544261874,0 148.9861073739579,-35.68934414643955,0 148.9860901581178,-35.68943293421532,0 148.9860735869355,-35.68952180286146,0 148.9860576609868,-35.68961074929055,0 148.9860423808248,-35.68969977041252,0 148.9860277469806,-35.68978886313467,0 148.9860137599624,-35.6898780243618,0 148.9860004202563,-35.68996725099636,0 148.9859877283255,-35.69005653993852,0 148.9859756846111,-35.69014588808626,0 148.9859642895315,-35.69023529233556,0 148.9859535434826,-35.69032474958037,0 148.9859434468376,-35.69041425671288,0 148.9859339999474,-35.69050381062348,0 148.9859252031401,-35.69059340820098,0 148.9859170567214,-35.69068304633267,0 148.9859095609742,-35.6907727219044,0 148.9859027161591,-35.69086243180075,0 148.9858965225137,-35.69095217290509,0 148.9858909802533,-35.6910419420997,0 148.9858860895704,-35.69113173626592,0 148.9858818506349,-35.69122155228418,0 148.9858782635941,-35.69131138703418,0 148.9858753285725,-35.69140123739496,0 148.9858730456723,-35.69149110024501,0 148.9858714149726,-35.69158097246238,0 148.9858704365301,-35.69167085092483,0 148.9858701103788,-35.69176073250986,0 148.9858704365301,-35.6918506140949,0 148.9858714149726,-35.69194049255735,0 148.9858730456723,-35.69203036477472,0 148.9858753285725,-35.69212022762477,0 148.9858782635941,-35.69221007798554,0 148.9858818506349,-35.69229991273554,0 148.9858860895704,-35.69238972875381,0 148.9858909802533,-35.69247952292002,0 148.9858965225137,-35.69256929211465,0 148.9859027161591,-35.69265903321899,0 148.9859095609742,-35.69274874311533,0 148.9859170567214,-35.69283841868706,0 148.9859252031401,-35.69292805681874,0 148.9859339999474,-35.69301765439625,0 148.9859434468376,-35.69310720830686,0 148.9859535434826,-35.69319671543936,0 148.9859642895315,-35.69328617268418,0 148.9859756846111,-35.69337557693346,0 148.9859877283255,-35.69346492508122,0 148.9860004202563,-35.69355421402337,0 148.9860137599624,-35.69364344065793,0 148.9860277469806,-35.69373260188506,0 148.9860423808248,-35.69382169460721,0 148.9860576609868,-35.69391071572918,0 148.9860735869355,-35.69399966215828,0 148.9860901581178,-35.69408853080441,0 148.9861073739579,-35.69417731858018,0 148.9861252338577,-35.69426602240099,0 148.9861437371968,-35.69435463918517,0 148.9861628833324,-35.69444316585408,0 148.9861826715992,-35.69453159933219,0 148.9862031013099,-35.69461993654723,0 148.9862241717546,-35.69470817443025,0 148.9862458822013,-35.69479630991579,0 148.9862682318958,-35.69488433994191,0 148.9862912200618,-35.69497226145034,0 148.9863148459004,-35.69506007138659,0 148.9863391085909,-35.69514776670005,0 148.9863640072904,-35.69523534434408,0 148.986389541134,-35.69532280127613,0 148.9864157092345,-35.69541013445785,0 148.9864425106828,-35.69549734085518,0 148.9864699445478,-35.69558441743849,0 148.9864980098764,-35.69567136118261,0 148.9865267056936,-35.69575816906703,0 148.9865560310025,-35.69584483807596,0 148.9865859847843,-35.69593136519839,0 148.9866165659983,-35.69601774742829,0 148.9866477735821,-35.69610398176464,0 148.9866796064516,-35.69619006521155,0 148.9867120635009,-35.6962759947784,0 148.9867451436022,-35.69636176747989,0 148.9867788456065,-35.69644738033617,0 148.9868131683428,-35.69653283037297,0 148.9868481106187,-35.69661811462164,0 148.9868836712203,-35.69670323011932,0 148.9869198489122,-35.69678817390899,0 148.9869566424376,-35.69687294303962,0 148.9869940505181,-35.69695753456622,0 148.9870320718542,-35.69704194555,0 148.987070705125,-35.69712617305841,0 148.9871099489883,-35.6972102141653,0 148.9871498020807,-35.69729406595098,0 148.9871902630178,-35.69737772550234,0 148.9872313303937,-35.69746118991296,0 148.9872730027819,-35.6975444562832,0 148.9873152787345,-35.69762752172028,0 148.9873581567829,-35.6977103833384,0 148.9874016354374,-35.69779303825887,0 148.9874457131876,-35.69787548361016,0 148.987490388502,-35.69795771652803,0 148.9875356598286,-35.69803973415561,0 148.9875815255948,-35.6981215336435,0 148.9876279842069,-35.69820311214991,0 148.9876750340511,-35.6982844668407,0 148.9877226734926,-35.69836559488953,0 148.9877709008766,-35.6984464934779,0 148.9878197145275,-35.69852715979532,0 148.9878691127495,-35.69860759103933,0 148.9879190938264,-35.69868778441568,0 148.9879696560218,-35.69876773713833,0 148.9880207975791,-35.69884744642966,0 148.9880725167217,-35.69892690952047,0 148.9881248116527,-35.69900612365011,0 148.9881776805554,-35.6990850860666,0 148.9882311215929,-35.69916379402669,0 148.9882851329088,-35.69924224479599,0 148.9883397126266,-35.69932043564901,0 148.9883948588502,-35.69939836386934,0 148.9884505696637,-35.69947602674963,0 148.9885068431315,-35.69955342159181,0 148.9885636772989,-35.69963054570708,0 148.9886210701912,-35.69970739641607,0 148.9886790198146,-35.69978397104889,0 148.9887375241558,-35.69986026694525,0 148.9887965811823,-35.69993628145455,0 148.9888561888424,-35.70001201193596,0 148.9889163450653,-35.70008745575851,0 148.9889770477611,-35.70016261030121,0 148.9890382948208,-35.70023747295308,0 148.9891000841168,-35.70031204111332,0 148.9891624135024,-35.70038631219135,0 148.9892252808121,-35.70046028360691,0 148.9892886838619,-35.70053395279014,0 148.9893526204492,-35.70060731718169,0 148.9894170883526,-35.70068037423281,0 148.9894820853325,-35.7007531214054,0 148.9895476091308,-35.70082555617214,0 148.9896136574711,-35.70089767601657,0 148.9896802280589,-35.70096947843317,0 148.9897473185814,-35.70104096092744,0 148.9898149267078,-35.70111212101597,0 148.9898830500894,-35.70118295622661,0 148.9899516863594,-35.70125346409846,0 148.9900208331333,-35.70132364218199,0 148.9900904880089,-35.70139348803912,0 148.9901606485664,-35.70146299924335,0 148.9902313123682,-35.70153217337977,0 148.9903024769594,-35.70160100804517,0 148.9903741398677,-35.7016695008482,0 148.9904462986034,-35.70173764940931,0 148.9905189506597,-35.70180545136095,0 148.9905920935125,-35.7018729043476,0 148.9906657246207,-35.70194000602587,0 148.9907398414264,-35.70200675406457,0 148.9908144413546,-35.70207314614481,0 148.9908895218137,-35.70213917996002,0 148.9909650801953,-35.70220485321614,0 148.9910411138743,-35.7022701636316,0 148.9911176202093,-35.70233510893743,0 148.9911945965424,-35.70239968687736,0 148.9912720401993,-35.7024638952079,0 148.9913499484896,-35.70252773169835,0 148.9914283187065,-35.70259119413097,0 148.9915071481275,-35.702654280301,0 148.991586434014,-35.70271698801676,0 148.9916661736113,-35.70277931509972,0 148.9917463641494,-35.70284125938454,0 148.9918270028423,-35.70290281871923,0 148.9919080868885,-35.70296399096513,0 148.991989613471,-35.70302477399707,0 148.9920715797576,-35.70308516570335,0 148.9921539829006,-35.70314516398592,0 148.9922368200372,-35.70320476676034,0 148.9923200882896,-35.70326397195597,0 148.992403784765,-35.70332277751595,0 148.9924879065557,-35.70338118139729,0 148.992572450739,-35.70343918157099,0 148.992657414378,-35.70349677602205,0 148.9927427945209,-35.70355396274957,0 148.9928285882013,-35.70361073976683,0 148.992914792439,-35.70366710510132,0 148.9930014042388,-35.70372305679486,0 148.9930884205919,-35.7037785929036,0 148.9931758384753,-35.70383371149816,0 148.9932636548518,-35.70388841066368,0 148.9933518666707,-35.70394268849982,0 148.9934404708675,-35.70399654312092,0 148.9935294643638,-35.704049972656,0 148.993618844068,-35.70410297524887,0 148.9937086068748,-35.70415554905815,0 148.9937987496659,-35.70420769225737,0 148.9938892693096,-35.70425940303501,0 148.9939801626611,-35.70431067959459,0 148.9940714265627,-35.70436152015469,0 148.9941630578437,-35.70441192294906,0 148.9942550533209,-35.70446188622665,0 148.9943474097981,-35.70451140825167,0 148.9944401240668,-35.70456048730367,0 148.994533192906,-35.70460912167761,0 148.9946266130823,-35.70465730968385,0 148.9947203813504,-35.70470504964828,0 148.9948144944524,-35.70475233991238,0 148.994908949119,-35.70479917883323,0 148.9950037420684,-35.70484556478358,0 148.9950988700077,-35.70489149615193,0 148.9951943296319,-35.70493697134258,0 148.9952901176245,-35.70498198877567,0 148.995386230658,-35.70502654688724,0 148.9954826653931,-35.70507064412929,0 148.9955794184797,-35.70511427896983,0 148.9956764865563,-35.70515744989295,0 148.9957738662508,-35.70520015539882,0 148.9958715541801,-35.70524239400381,0 148.9959695469503,-35.70528416424051,0 148.9960678411572,-35.70532546465778,0 148.9961664333858,-35.70536629382077,0 148.9962653202109,-35.70540665031105,0 148.9963644981972,-35.70544653272658,0 148.996463963899,-35.70548593968181,0 148.9965637138608,-35.70552486980769,0 148.9966637446171,-35.70556332175174,0 148.9967640526929,-35.7056012941781,0 148.9968646346032,-35.70563878576757,0 148.9969654868537,-35.70567579521764,0 148.9970666059407,-35.70571232124257,0 148.9971679883513,-35.70574836257339,0 148.9972696305632,-35.70578391795799,0 148.9973715290454,-35.70581898616114,0 148.9974736802577,-35.70585356596452,0 148.9975760806513,-35.70588765616679,0 148.9976787266687,-35.70592125558364,0 148.9977816147438,-35.70595436304776,0 148.9978847413023,-35.70598697740897,0 148.9979881027613,-35.70601909753421,0 148.9980916955299,-35.70605072230759,0 148.9981955160094,-35.70608185063043,0 148.9982995605926,-35.70611248142129,0 148.9984038256652,-35.70614261361602,0 148.9985083076048,-35.70617224616781,0 148.9986130027815,-35.70620137804718,0 148.9987179075582,-35.70623000824206,0 148.9988230182902,-35.7062581357578,0 148.9989283313261,-35.70628575961721,0 148.9990338430069,-35.70631287886062,0 148.9991395496673,-35.70633949254587,0 148.9992454476347,-35.70636559974837,0 148.9993515332302,-35.70639119956112,0 148.9994578027682,-35.70641629109477,0 148.9995642525569,-35.7064408734776,0 148.999670878898,-35.70646494585559,0 148.9997776780872,-35.70648850739245,0 148.9998846464142,-35.70651155726961,0 148.9999917801628,-35.70653409468629,0 149.000099075611,-35.70655611885953,0 149.0002065290312,-35.70657762902417,0 149.0003141366905,-35.70659862443293,0 149.0004218948503,-35.7066191043564,0 149.0005297997672,-35.70663906808309,0 149.0006378476922,-35.70665851491944,0 149.0007460348718,-35.70667744418984,0 149.0008543575473,-35.70669585523666,0 149.0009628119555,-35.70671374742029,0 149.0010713943286,-35.70673112011912,0 149.0011801008944,-35.70674797272962,0 149.0012889278761,-35.7067643046663,0 149.0013978714931,-35.70678011536178,0 149.0015069279605,-35.70679540426677,0 149.0016160934895,-35.70681017085012,0 149.0017253642877,-35.70682441459882,0 149.0018347365589,-35.70683813501802,0 149.0019442065032,-35.70685133163106,0 149.0020537703177,-35.70686400397949,0 149.0021634241959,-35.70687615162304,0 149.0022731643284,-35.70688777413969,0 149.0023829869026,-35.70689887112566,0 149.0024928881032,-35.70690944219544,0 149.002602864112,-35.70691948698177,0 149.0027129111085,-35.70692900513568,0 149.0028230252695,-35.7069379963265,0 149.0029332027693,-35.70694646024187,0 149.0030434397804,-35.70695439658774,0 149.0031537324731,-35.70696180508839,0 149.0032640770155,-35.70696868548645,0 149.0033744695742,-35.70697503754288,0 149.0034849063141,-35.706980861037,0 149.0035953833984,-35.7069861557665,0 149.0037058969891,-35.70699092154744,0 149.0038164432468,-35.70699515821423,0 149.0039270183309,-35.70699886561971,0 149.0040376184,-35.70700204363506,0 149.0041482396117,-35.70700469214989,0 149.0042588781228,-35.70700681107218,0 149.0043695300898,-35.7070084003283,0 149.0044801916684,-35.70700945986306,0 149.004590859014,-35.70700998963964,0 149.0047015282821,-35.70700998963964,0 149.0048121956278,-35.70700945986306,0 149.0049228572063,-35.7070084003283,0 149.0050335091733,-35.70700681107218,0 149.0051441476845,-35.70700469214989,0 149.0052547688962,-35.70700204363506,0 149.0053653689653,-35.70699886561971,0 149.0054759440494,-35.70699515821423,0 149.005586490307,-35.70699092154744,0 149.0056970038977,-35.7069861557665,0 149.005807480982,-35.706980861037,0 149.0059179177219,-35.70697503754288,0 149.0060283102806,-35.70696868548645,0 149.0061386548231,-35.70696180508839,0 149.0062489475157,-35.70695439658774,0 149.0063591845268,-35.70694646024187,0 149.0064693620266,-35.7069379963265,0 149.0065794761876,-35.70692900513568,0 149.0066895231841,-35.70691948698177,0 149.0067994991929,-35.70690944219544,0 149.0069094003935,-35.70689887112566,0 149.0070192229677,-35.70688777413969,0 149.0071289631002,-35.70687615162304,0 149.0072386169784,-35.70686400397949,0 149.0073481807929,-35.70685133163106,0 149.0074576507373,-35.70683813501802,0 149.0075670230084,-35.70682441459882,0 149.0076762938066,-35.70681017085012,0 149.0077854593357,-35.70679540426677,0 149.0078945158031,-35.70678011536178,0 149.00800345942,-35.7067643046663,0 149.0081122864018,-35.70674797272962,0 149.0082209929675,-35.70673112011912,0 149.0083295753406,-35.70671374742029,0 149.0084380297488,-35.70669585523666,0 149.0085463524243,-35.70667744418984,0 149.0086545396039,-35.70665851491944,0 149.0087625875289,-35.70663906808309,0 149.0088704924458,-35.7066191043564,0 149.0089782506057,-35.70659862443293,0 149.0090858582649,-35.70657762902417,0 149.0091933116852,-35.70655611885953,0 149.0093006071334,-35.70653409468629,0 149.0094077408819,-35.70651155726961,0 149.0095147092089,-35.70648850739245,0 149.0096215083981,-35.70646494585559,0 149.0097281347392,-35.7064408734776,0 149.0098345845279,-35.70641629109477,0 149.0099408540659,-35.70639119956112,0 149.0100469396614,-35.70636559974837,0 149.0101528376289,-35.70633949254587,0 149.0102585442892,-35.70631287886062,0 149.0103640559701,-35.70628575961721,0 149.0104693690059,-35.7062581357578,0 149.010574479738,-35.70623000824206,0 149.0106793845146,-35.70620137804718,0 149.0107840796913,-35.70617224616781,0 149.0108885616309,-35.70614261361602,0 149.0109928267035,-35.70611248142129,0 149.0110968712868,-35.70608185063043,0 149.0112006917662,-35.70605072230759,0 149.0113042845349,-35.70601909753421,0 149.0114076459939,-35.70598697740897,0 149.0115107725523,-35.70595436304776,0 149.0116136606274,-35.70592125558364,0 149.0117163066448,-35.70588765616679,0 149.0118187070384,-35.70585356596452,0 149.0119208582507,-35.70581898616114,0 149.0120227567329,-35.70578391795799,0 149.0121243989448,-35.70574836257339,0 149.0122257813554,-35.70571232124257,0 149.0123269004424,-35.70567579521764,0 149.012427752693,-35.70563878576757,0 149.0125283346033,-35.7056012941781,0 149.012628642679,-35.70556332175174,0 149.0127286734353,-35.70552486980769,0 149.0128284233971,-35.70548593968181,0 149.0129278890989,-35.70544653272658,0 149.0130270670852,-35.70540665031105,0 149.0131259539103,-35.70536629382077,0 149.0132245461389,-35.70532546465778,0 149.0133228403458,-35.70528416424051,0 149.013420833116,-35.70524239400381,0 149.0135185210453,-35.70520015539882,0 149.0136159007398,-35.70515744989295,0 149.0137129688165,-35.70511427896983,0 149.013809721903,-35.70507064412929,0 149.0139061566381,-35.70502654688724,0 149.0140022696716,-35.70498198877567,0 149.0140980576643,-35.70493697134258,0 149.0141935172884,-35.70489149615193,0 149.0142886452277,-35.70484556478358,0 149.0143834381772,-35.70479917883323,0 149.0144778928437,-35.70475233991238,0 149.0145720059458,-35.70470504964828,0 149.0146657742138,-35.70465730968385,0 149.0147591943902,-35.70460912167761,0 149.0148522632294,-35.70456048730367,0 149.0149449774981,-35.70451140825167,0 149.0150373339752,-35.70446188622665,0 149.0151293294524,-35.70441192294906,0 149.0152209607334,-35.70436152015469,0 149.015312224635,-35.70431067959459,0 149.0154031179865,-35.70425940303501,0 149.0154936376302,-35.70420769225737,0 149.0155837804213,-35.70415554905815,0 149.0156735432282,-35.70410297524887,0 149.0157629229323,-35.704049972656,0 149.0158519164287,-35.70399654312092,0 149.0159405206254,-35.70394268849982,0 149.0160287324443,-35.70388841066368,0 149.0161165488209,-35.70383371149816,0 149.0162039667042,-35.7037785929036,0 149.0162909830573,-35.70372305679486,0 149.0163775948572,-35.70366710510132,0 149.0164637990948,-35.70361073976683,0 149.0165495927753,-35.70355396274957,0 149.0166349729181,-35.70349677602205,0 149.0167199365571,-35.70343918157099,0 149.0168044807405,-35.70338118139729,0 149.0168886025311,-35.70332277751595,0 149.0169722990065,-35.70326397195597,0 149.0170555672589,-35.70320476676034,0 149.0171384043956,-35.70314516398592,0 149.0172208075386,-35.70308516570335,0 149.0173027738251,-35.70302477399707,0 149.0173843004077,-35.70296399096513,0 149.0174653844538,-35.70290281871923,0 149.0175460231467,-35.70284125938454,0 149.0176262136848,-35.70277931509972,0 149.0177059532822,-35.70271698801676,0 149.0177852391686,-35.702654280301,0 149.0178640685896,-35.70259119413097,0 149.0179424388066,-35.70252773169835,0 149.0180203470968,-35.7024638952079,0 149.0180977907537,-35.70239968687736,0 149.0181747670868,-35.70233510893743,0 149.0182512734218,-35.7022701636316,0 149.0183273071009,-35.70220485321614,0 149.0184028654824,-35.70213917996002,0 149.0184779459415,-35.70207314614481,0 149.0185525458697,-35.70200675406457,0 149.0186266626754,-35.70194000602587,0 149.0187002937837,-35.7018729043476,0 149.0187734366365,-35.70180545136095,0 149.0188460886927,-35.70173764940931,0 149.0189182474284,-35.7016695008482,0 149.0189899103367,-35.70160100804517,0 149.0190610749279,-35.70153217337977,0 149.0191317387298,-35.70146299924335,0 149.0192018992872,-35.70139348803912,0 149.0192715541628,-35.70132364218199,0 149.0193407009367,-35.70125346409846,0 149.0194093372067,-35.70118295622661,0 149.0194774605883,-35.70111212101597,0 149.0195450687147,-35.70104096092744,0 149.0196121592372,-35.70096947843317,0 149.019678729825,-35.70089767601657,0 149.0197447781654,-35.70082555617214,0 149.0198103019637,-35.7007531214054,0 149.0198752989436,-35.70068037423281,0 149.019939766847,-35.70060731718169,0 149.0200037034342,-35.70053395279014,0 149.020067106484,-35.70046028360691,0 149.0201299737938,-35.70038631219135,0 149.0201923031793,-35.70031204111332,0 149.0202540924753,-35.70023747295308,0 149.0203153395351,-35.70016261030121,0 149.0203760422308,-35.70008745575851,0 149.0204361984537,-35.70001201193596,0 149.0204958061139,-35.69993628145455,0 149.0205548631404,-35.69986026694525,0 149.0206133674816,-35.69978397104889,0 149.0206713171049,-35.69970739641607,0 149.0207287099972,-35.69963054570708,0 149.0207855441646,-35.69955342159181,0 149.0208418176325,-35.69947602674963,0 149.0208975284459,-35.69939836386934,0 149.0209526746695,-35.69932043564901,0 149.0210072543873,-35.69924224479599,0 149.0210612657032,-35.69916379402669,0 149.0211147067408,-35.6990850860666,0 149.0211675756434,-35.69900612365011,0 149.0212198705744,-35.69892690952047,0 149.021271589717,-35.69884744642966,0 149.0213227312744,-35.69876773713833,0 149.0213732934698,-35.69868778441568,0 149.0214232745466,-35.69860759103933,0 149.0214726727686,-35.69852715979532,0 149.0215214864195,-35.6984464934779,0 149.0215697138035,-35.69836559488953,0 149.0216173532451,-35.6982844668407,0 149.0216644030892,-35.69820311214991,0 149.0217108617014,-35.6981215336435,0 149.0217567274675,-35.69803973415561,0 149.0218019987942,-35.69795771652803,0 149.0218466741086,-35.69787548361016,0 149.0218907518587,-35.69779303825887,0 149.0219342305132,-35.6977103833384,0 149.0219771085616,-35.69762752172028,0 149.0220193845142,-35.6975444562832,0 149.0220610569024,-35.69746118991296,0 149.0221021242784,-35.69737772550234,0 149.0221425852154,-35.69729406595098,0 149.0221824383078,-35.6972102141653,0 149.0222216821711,-35.69712617305841,0 149.0222603154419,-35.69704194555,0 149.0222983367781,-35.69695753456622,0 149.0223357448586,-35.69687294303962,0 149.0223725383839,-35.69678817390899,0 149.0224087160758,-35.69670323011932,0 149.0224442766774,-35.69661811462164,0 149.0224792189534,-35.69653283037297,0 149.0225135416897,-35.69644738033617,0 149.0225472436939,-35.69636176747989,0 149.0225803237953,-35.6962759947784,0 149.0226127808445,-35.69619006521155,0 149.022644613714,-35.69610398176464,0 149.0226758212978,-35.69601774742829,0 149.0227064025119,-35.69593136519839,0 149.0227363562936,-35.69584483807596,0 149.0227656816025,-35.69575816906703,0 149.0227943774198,-35.69567136118261,0 149.0228224427483,-35.69558441743849,0 149.0228498766134,-35.69549734085518,0 149.0228766780617,-35.69541013445785,0 149.0229028461621,-35.69532280127613,0 149.0229283800057,-35.69523534434408,0 149.0229532787052,-35.69514776670005,0 149.0229775413958,-35.69506007138659,0 149.0230011672344,-35.69497226145034,0 149.0230241554003,-35.69488433994191,0 149.0230465050948,-35.69479630991579,0 149.0230682155416,-35.69470817443025,0 149.0230892859863,-35.69461993654723,0 149.0231097156969,-35.69453159933219,0 149.0231295039638,-35.69444316585408,0 149.0231486500993,-35.69435463918517,0 149.0231671534384,-35.69426602240099,0 149.0231850133382,-35.69417731858018,0 149.0232022291783,-35.69408853080441,0 149.0232188003606,-35.69399966215828,0 149.0232347263094,-35.69391071572918,0 149.0232500064713,-35.69382169460721,0 149.0232646403155,-35.69373260188506,0 149.0232786273337,-35.69364344065793,0 149.0232919670399,-35.69355421402337,0 149.0233046589706,-35.69346492508122,0 149.023316702685,-35.69337557693346,0 149.0233280977646,-35.69328617268418,0 149.0233388438135,-35.69319671543936,0 149.0233489404585,-35.69310720830686,0 149.0233583873488,-35.69301765439625,0 149.023367184156,-35.69292805681874,0 149.0233753305747,-35.69283841868706,0 149.0233828263219,-35.69274874311533,0 149.023389671137,-35.69265903321899,0 149.0233958647824,-35.69256929211465,0 149.0234014070428,-35.69247952292002,0 149.0234062977257,-35.69238972875381,0 149.0234105366612,-35.69229991273554,0 149.0234141237021,-35.69221007798554,0 149.0234170587236,-35.69212022762477,0 149.0234193416238,-35.69203036477472,0 149.0234209723235,-35.69194049255735,0 149.0234219507661,-35.6918506140949,0 
						</coordinates>
					</LinearRing>
				</outerBoundaryIs>
			</Polygon>
		</Placemark>
		<Placemark id="290">
			<name>Corin Dam Lookout NFZ_0</name>
			<styleUrl>#293</styleUrl>
			<Polygon id="289">
				<outerBoundaryIs>
					<LinearRing id="291">
						<coordinates>
							148.8520800403733,-35.53418017213357,0 148.8522801190458,-35.53510572196195,0 148.8523803110791,-35.53604194009495,0 148.8523798504762,-35.53698170159569,0 148.852278737214,-35.53791785431078,0 148.852077737351,-35.5388432733026,0 148.851778377302,-35.53975091508193,0 148.8513829323225,-35.54063387122811,0 148.8508944092854,-35.54148542098802,0 148.8503165238788,-35.54229908245321,0 148.849653672397,-35.54306866192455,0 148.8489108983348,-35.54378830108782,0 148.8480938540406,-35.54445252164004,0 148.8472087577173,-35.54505626702561,0 148.8462623460979,-35.5455949409635,0 148.8452618231562,-35.5460644424706,0 148.8442148052432,-35.54646119711377,0 148.8431292630691,-35.54678218425119,0 148.8420134609716,-35.54702496005476,0 148.8408758939374,-35.54718767613706,0 148.8397252228571,-35.54726909364054,0 148.8385702085098,-35.54726859268087,0 148.8374196447826,-35.54718617707222,0 148.8362822916361,-35.54702247429811,0 148.8351668083305,-35.54677873072825,0 148.8340816874226,-35.54645680211799,0 148.8330351900393,-35.546059139463,0 148.8320352829234,-35.54558877031756,0 148.8310895777324,-35.54504927571959,0 148.8302052730568,-35.54444476289896,0 148.8293890995974,-35.54377983397789,0 148.8286472689219,-35.54305955090308,0 148.8279854261913,-35.54228939687754,0 148.8274086072167,-35.54147523458715,0 148.8269212001691,-35.54062326154109,0 148.8265269122378,-35.53973996286729,0 148.8262287414849,-35.53883206192335,0 148.8260289541111,-35.53790646909973,0 148.8259290673007,-35.5369702292057,0 148.8259298377768,-35.53603046783939,0 148.826031256147,-35.53509433715003,0 148.8262325470827,-35.53416896140605,0 148.8265321753246,-35.53326138278258,0 148.8269278574685,-35.53237850778134,0 148.8274165794353,-35.5315270546899,0 148.8279946194923,-35.53071350247949,0 148.8286575766467,-35.52994404152956,0 148.8294004041925,-35.52922452655316,0 148.8302174481564,-35.52856043207989,0 148.8311024903454,-35.52795681083451,0 148.8320487956715,-35.52741825532613,0 148.8330491633907,-35.52694886293941,0 148.8340959818678,-35.52655220479193,0 148.835181286453,-35.52623129859353,0 148.8362968200272,-35.52598858571305,0 148.8374340957628,-35.52582591262602,0 148.8385844616201,-35.52574451688357,0 148.8397391660941,-35.52574501770881,0 148.8408894247132,-35.52582741129172,0 148.8420264867871,-35.52599107081801,0 148.8431417018997,-35.526234751232,0 148.8442265856432,-35.5265565986973,0 148.8452728840969,-35.52695416468381,0 148.8462726365624,-35.52742442457448,0 148.8472182360809,-35.52796380065101,0 148.8481024872728,-35.52856818928478,0 148.8489186610626,-35.52923299212689,0 148.8496605458724,-35.52995315106151,0 148.8503224948961,-35.53072318665755,0 148.8508994690935,-35.53153723982757,0 148.8513870755769,-35.53238911637794,0 148.8517816010972,-35.5332723341127,0 148.8520800403733,-35.53418017213357,0 
						</coordinates>
					</LinearRing>
				</outerBoundaryIs>
			</Polygon>
		</Placemark>
		<Placemark id="297">
			<name>Corin Dam Lookout NFZ</name>
			<styleUrl>#300</styleUrl>
			<Polygon id="296">
				<extrude>1</extrude>
				<altitudeMode>absolute</altitudeMode>
				<outerBoundaryIs>
					<LinearRing id="298">
						<coordinates>
							148.8520800403733,-35.53418017213357,1798.32 148.8522801190458,-35.53510572196195,1798.32 148.8523803110791,-35.53604194009495,1798.32 148.8523798504762,-35.53698170159569,1798.32 148.852278737214,-35.53791785431078,1798.32 148.852077737351,-35.5388432733026,1798.32 148.851778377302,-35.53975091508193,1798.32 148.8513829323225,-35.54063387122811,1798.32 148.8508944092854,-35.54148542098802,1798.32 148.8503165238788,-35.54229908245321,1798.32 148.849653672397,-35.54306866192455,1798.32 148.8489108983348,-35.54378830108782,1798.32 148.8480938540406,-35.54445252164004,1798.32 148.8472087577173,-35.54505626702561,1798.32 148.8462623460979,-35.5455949409635,1798.32 148.8452618231562,-35.5460644424706,1798.32 148.8442148052432,-35.54646119711377,1798.32 148.8431292630691,-35.54678218425119,1798.32 148.8420134609716,-35.54702496005476,1798.32 148.8408758939374,-35.54718767613706,1798.32 148.8397252228571,-35.54726909364054,1798.32 148.8385702085098,-35.54726859268087,1798.32 148.8374196447826,-35.54718617707222,1798.32 148.8362822916361,-35.54702247429811,1798.32 148.8351668083305,-35.54677873072825,1798.32 148.8340816874226,-35.54645680211799,1798.32 148.8330351900393,-35.546059139463,1798.32 148.8320352829234,-35.54558877031756,1798.32 148.8310895777324,-35.54504927571959,1798.32 148.8302052730568,-35.54444476289896,1798.32 148.8293890995974,-35.54377983397789,1798.32 148.8286472689219,-35.54305955090308,1798.32 148.8279854261913,-35.54228939687754,1798.32 148.8274086072167,-35.54147523458715,1798.32 148.8269212001691,-35.54062326154109,1798.32 148.8265269122378,-35.53973996286729,1798.32 148.8262287414849,-35.53883206192335,1798.32 148.8260289541111,-35.53790646909973,1798.32 148.8259290673007,-35.5369702292057,1798.32 148.8259298377768,-35.53603046783939,1798.32 148.826031256147,-35.53509433715003,1798.32 148.8262325470827,-35.53416896140605,1798.32 148.8265321753246,-35.53326138278258,1798.32 148.8269278574685,-35.53237850778134,1798.32 148.8274165794353,-35.5315270546899,1798.32 148.8279946194923,-35.53071350247949,1798.32 148.8286575766467,-35.52994404152956,1798.32 148.8294004041925,-35.52922452655316,1798.32 148.8302174481564,-35.52856043207989,1798.32 148.8311024903454,-35.52795681083451,1798.32 148.8320487956715,-35.52741825532613,1798.32 148.8330491633907,-35.52694886293941,1798.32 148.8340959818678,-35.52655220479193,1798.32 148.835181286453,-35.52623129859353,1798.32 148.8362968200272,-35.52598858571305,1798.32 148.8374340957628,-35.52582591262602,1798.32 148.8385844616201,-35.52574451688357,1798.32 148.8397391660941,-35.52574501770881,1798.32 148.8408894247132,-35.52582741129172,1798.32 148.8420264867871,-35.52599107081801,1798.32 148.8431417018997,-35.526234751232,1798.32 148.8442265856432,-35.5265565986973,1798.32 148.8452728840969,-35.52695416468381,1798.32 148.8462726365624,-35.52742442457448,1798.32 148.8472182360809,-35.52796380065101,1798.32 148.8481024872728,-35.52856818928478,1798.32 148.8489186610626,-35.52923299212689,1798.32 148.8496605458724,-35.52995315106151,1798.32 148.8503224948961,-35.53072318665755,1798.32 148.8508994690935,-35.53153723982757,1798.32 148.8513870755769,-35.53238911637794,1798.32 148.8517816010972,-35.5332723341127,1798.32 148.8520800403733,-35.53418017213357,1798.32 
						</coordinates>
					</LinearRing>
				</outerBoundaryIs>
			</Polygon>
		</Placemark>
		<Placemark id="304">
			<name>Corin Dam Lookout NFZ_nfz_0</name>
			<styleUrl>#307</styleUrl>
			<Polygon id="303">
				<outerBoundaryIs>
					<LinearRing id="305">
						<coordinates>
							148.8400542874578,-35.53647457820519,0 148.840046218141,-35.53638695606389,0 148.8400221904455,-35.53630129125644,0 148.8399827411106,-35.53621949739308,0 148.839928751369,-35.53614340161355,0 148.8398614272625,-35.53607470377183,0 148.8397822727003,-35.53601493846418,0 148.8396930558645,-35.5359654407488,0 148.8395957697118,-35.53592731632288,0 148.8394925874542,-35.53590141682309,0 148.8393858140127,-35.53588832080145,0 148.8392778345296,-35.53588832080145,0 148.8391710610881,-35.53590141682309,0 148.8390678788305,-35.53592731632288,0 148.8389705926778,-35.5359654407488,0 148.838881375842,-35.53601493846418,0 148.8388022212798,-35.53607470377183,0 148.8387348971733,-35.53614340161355,0 148.8386809074318,-35.53621949739308,0 148.8386414580968,-35.53630129125644,0 148.8386174304013,-35.53638695606389,0 148.8386093610845,-35.53647457820519,0 148.8386174304013,-35.53656220034647,0 148.8386414580968,-35.53664786515392,0 148.8386809074318,-35.53672965901729,0 148.8387348971733,-35.53680575479682,0 148.8388022212798,-35.53687445263854,0 148.838881375842,-35.53693421794619,0 148.8389705926778,-35.53698371566156,0 148.8390678788305,-35.53702184008748,0 148.8391710610881,-35.53704773958728,0 148.8392778345296,-35.53706083560892,0 148.8393858140127,-35.53706083560892,0 148.8394925874542,-35.53704773958728,0 148.8395957697118,-35.53702184008748,0 148.8396930558645,-35.53698371566156,0 148.8397822727003,-35.53693421794619,0 148.8398614272625,-35.53687445263854,0 148.839928751369,-35.53680575479682,0 148.8399827411106,-35.53672965901729,0 148.8400221904455,-35.53664786515392,0 148.840046218141,-35.53656220034647,0 
						</coordinates>
					</LinearRing>
				</outerBoundaryIs>
			</Polygon>
		</Placemark>
		<Placemark id="311">
			<name>Corin Dam Lookout NFZ_grb_0</name>
			<styleUrl>#314</styleUrl>
			<Polygon id="310">
				<outerBoundaryIs>
					<LinearRing id="312">
						<coordinates>
							148.8492866865392,-35.53647457820519,0 148.8492860731619,-35.53638465361499,0 148.8492842331057,-35.53629474010635,0 148.8492811665973,-35.53620484875947,0 148.8492768740146,-35.5361149906518,0 148.8492713558866,-35.53602517685672,0 148.8492646128933,-35.53593541844212,0 148.8492566458656,-35.5358457264691,0 148.8492474557854,-35.53575611199054,0 148.8492370437851,-35.53566658604979,0 148.8492254111478,-35.53557715967928,0 148.8492125593071,-35.53548784389917,0 148.8491984898467,-35.535398649716,0 148.8491832045003,-35.53530958812132,0 148.8491667051518,-35.53522067009035,0 148.8491489938341,-35.53513190658059,0 148.8491300727301,-35.53504330853053,0 148.8491099441713,-35.53495488685824,0 148.8490886106383,-35.53486665246011,0 148.8490660747599,-35.53477861620937,0 148.8490423393134,-35.53469078895491,0 148.8490174072237,-35.53460318151983,0 148.8489912815632,-35.53451580470011,0 148.8489639655514,-35.53442866926338,0 148.8489354625546,-35.53434178594746,0 148.8489057760851,-35.53425516545916,0 148.8488749098014,-35.53416881847283,0 148.8488428675071,-35.53408275562919,0 148.8488096531508,-35.53399698753388,0 148.8487752708256,-35.53391152475627,0 148.8487397247685,-35.53382637782807,0 148.8487030193599,-35.5337415572421,0 148.8486651591231,-35.53365707345091,0 148.8486261487236,-35.53357293686561,0 148.8485859929688,-35.53348915785449,0 148.8485446968071,-35.53340574674176,0 148.8485022653275,-35.53332271380634,0 148.848458703759,-35.5332400692805,0 148.8484140174696,-35.53315782334867,0 148.8483682119663,-35.53307598614616,0 148.8483212928935,-35.5329945677579,0 148.8482732660333,-35.53291357821721,0 148.8482241373041,-35.53283302750459,0 148.8481739127601,-35.53275292554641,0 148.8481225985906,-35.53267328221381,0 148.8480702011191,-35.53259410732133,0 148.8480167268027,-35.53251541062586,0 148.8479621822309,-35.5324372018253,0 148.8479065741256,-35.53235949055748,0 148.8478499093393,-35.53228228639887,0 148.847792194855,-35.53220559886348,0 148.8477334377849,-35.53212943740163,0 148.8476736453697,-35.53205381139884,0 148.8476128249778,-35.53197873017464,0 148.8475509841041,-35.53190420298139,0 148.8474881303695,-35.53183023900321,0 148.8474242715195,-35.53175684735483,0 148.8473594154235,-35.5316840370804,0 148.8472935700738,-35.53161181715246,0 148.8472267435847,-35.5315401964708,0 148.8471589441914,-35.53146918386135,0 148.8470901802488,-35.53139878807513,0 148.8470204602309,-35.53132901778711,0 148.8469497927294,-35.53125988159521,0 148.8468781864527,-35.5311913880192,0 148.8468056502251,-35.53112354549967,0 148.8467321929851,-35.53105636239695,0 148.8466578237853,-35.53098984699014,0 148.8465825517901,-35.53092400747604,0 148.8465063862755,-35.53085885196816,0 148.8464293366275,-35.53079438849575,0 148.846351412341,-35.53073062500272,0 148.8462726230188,-35.53066756934676,0 148.8461929783702,-35.53060522929835,0 148.8461124882099,-35.53054361253972,0 148.846031162457,-35.53048272666405,0 148.8459490111333,-35.53042257917438,0 148.8458660443625,-35.5303631774828,0 148.8457822723686,-35.53030452890947,0 148.8456977054751,-35.53024664068176,0 148.8456123541033,-35.53018951993333,0 148.8455262287712,-35.53013317370328,0 148.8454393400921,-35.53007760893523,0 148.8453516987735,-35.53002283247654,0 148.8452633156156,-35.5299688510774,0 148.84517420151,-35.52991567139002,0 148.8450843674383,-35.52986329996784,0 148.844993824471,-35.52981174326466,0 148.8449025837658,-35.52976100763391,0 148.8448106565665,-35.52971109932783,0 148.8447180542014,-35.5296620244967,0 148.8446247880821,-35.52961378918809,0 148.8445308697019,-35.52956639934613,0 148.8444363106345,-35.52951986081075,0 148.8443411225327,-35.52947417931696,0 148.8442453171265,-35.52942936049417,0 148.8441489062222,-35.5293854098655,0 148.8440519017009,-35.52934233284704,0 148.8439543155164,-35.52930013474725,0 148.8438561596944,-35.52925882076627,0 148.843757446331,-35.52921839599529,0 148.8436581875906,-35.52917886541592,0 148.8435583957053,-35.5291402338996,0 148.8434580829723,-35.52910250620695,0 148.8433572617535,-35.5290656869872,0 148.8432559444732,-35.52902978077766,0 148.8431541436169,-35.52899479200312,0 148.8430518717297,-35.52896072497528,0 148.8429491414149,-35.5289275838923,0 148.8428459653318,-35.52889537283821,0 148.8427423561953,-35.52886409578242,0 148.8426383267731,-35.52883375657926,0 148.842533889885,-35.52880435896749,0 148.842429058401,-35.52877590656982,0 148.8423238452395,-35.52874840289248,0 148.8422182633662,-35.52872185132481,0 148.8421123257922,-35.5286962551388,0 148.8420060455722,-35.52867161748871,0 148.8418994358035,-35.52864794141068,0 148.8417925096236,-35.52862522982234,0 148.8416852802093,-35.5286034855225,0 148.8415777607746,-35.52858271119072,0 148.8414699645694,-35.52856290938708,0 148.8413619048775,-35.52854408255179,0 148.8412535950154,-35.5285262330049,0 148.8411450483302,-35.52850936294604,0 148.8410362781983,-35.52849347445414,0 148.8409272980237,-35.52847856948717,0 148.8408181212362,-35.52846464988188,0 148.8407087612897,-35.52845171735363,0 148.840599231661,-35.5284397734961,0 148.8404895458475,-35.52842881978115,0 148.8403797173661,-35.52841885755863,0 148.840269759751,-35.52840988805621,0 148.8401596865525,-35.52840191237921,0 148.8400495113351,-35.52839493151048,0 148.839939247676,-35.52838894631029,0 148.839828909163,-35.5283839575162,0 148.8397185093934,-35.52837996574301,0 148.839608061972,-35.52837697148261,0 148.8394975805093,-35.52837497510399,0 148.8393870786203,-35.52837397685317,0 148.839276569922,-35.52837397685317,0 148.839166068033,-35.52837497510399,0 148.8390555865703,-35.52837697148261,0 148.8389451391489,-35.52837996574301,0 148.8388347393793,-35.5283839575162,0 148.8387244008663,-35.52838894631029,0 148.8386141372072,-35.52839493151048,0 148.8385039619899,-35.52840191237921,0 148.8383938887914,-35.52840988805621,0 148.8382839311762,-35.52841885755863,0 148.8381741026948,-35.52842881978115,0 148.8380644168813,-35.5284397734961,0 148.8379548872526,-35.52845171735363,0 148.8378455273061,-35.52846464988188,0 148.8377363505186,-35.52847856948717,0 148.837627370344,-35.52849347445414,0 148.8375186002121,-35.52850936294604,0 148.8374100535269,-35.5285262330049,0 148.8373017436648,-35.52854408255179,0 148.8371936839729,-35.52856290938708,0 148.8370858877677,-35.52858271119072,0 148.836978368333,-35.5286034855225,0 148.8368711389187,-35.52862522982234,0 148.8367642127388,-35.52864794141068,0 148.8366576029701,-35.52867161748871,0 148.8365513227501,-35.5286962551388,0 148.8364453851761,-35.52872185132481,0 148.8363398033028,-35.52874840289248,0 148.8362345901414,-35.52877590656982,0 148.8361297586573,-35.52880435896749,0 148.8360253217692,-35.52883375657926,0 148.835921292347,-35.52886409578242,0 148.8358176832105,-35.52889537283821,0 148.8357145071274,-35.5289275838923,0 148.8356117768126,-35.52896072497528,0 148.8355095049254,-35.52899479200312,0 148.8354077040692,-35.52902978077766,0 148.8353063867889,-35.5290656869872,0 148.83520556557,-35.52910250620695,0 148.8351052528371,-35.5291402338996,0 148.8350054609517,-35.52917886541592,0 148.8349062022113,-35.52921839599529,0 148.8348074888479,-35.52925882076627,0 148.8347093330259,-35.52930013474725,0 148.8346117468414,-35.52934233284704,0 148.8345147423201,-35.5293854098655,0 148.8344183314158,-35.52942936049417,0 148.8343225260097,-35.52947417931696,0 148.8342273379078,-35.52951986081075,0 148.8341327788404,-35.52956639934613,0 148.8340388604602,-35.52961378918809,0 148.8339455943409,-35.5296620244967,0 148.8338529919758,-35.52971109932783,0 148.8337610647765,-35.52976100763391,0 148.8336698240713,-35.52981174326466,0 148.833579281104,-35.52986329996784,0 148.8334894470324,-35.52991567139002,0 148.8334003329267,-35.5299688510774,0 148.8333119497688,-35.53002283247654,0 148.8332243084502,-35.53007760893523,0 148.8331374197711,-35.53013317370328,0 148.833051294439,-35.53018951993333,0 148.8329659430672,-35.53024664068176,0 148.8328813761737,-35.53030452890947,0 148.8327976041798,-35.5303631774828,0 148.832714637409,-35.53042257917438,0 148.8326324860853,-35.53048272666405,0 148.8325511603324,-35.53054361253972,0 148.8324706701721,-35.53060522929835,0 148.8323910255235,-35.53066756934676,0 148.8323122362013,-35.53073062500272,0 148.8322343119148,-35.53079438849575,0 148.8321572622668,-35.53085885196816,0 148.8320810967522,-35.53092400747604,0 148.832005824757,-35.53098984699014,0 148.8319314555572,-35.53105636239695,0 148.8318579983172,-35.53112354549967,0 148.8317854620896,-35.5311913880192,0 148.8317138558129,-35.53125988159521,0 148.8316431883114,-35.53132901778711,0 148.8315734682935,-35.53139878807513,0 148.8315047043509,-35.53146918386135,0 148.8314369049576,-35.5315401964708,0 148.8313700784685,-35.53161181715246,0 148.8313042331188,-35.5316840370804,0 148.8312393770229,-35.53175684735483,0 148.8311755181728,-35.53183023900321,0 148.8311126644382,-35.53190420298139,0 148.8310508235645,-35.53197873017464,0 148.8309900031726,-35.53205381139884,0 148.8309302107575,-35.53212943740163,0 148.8308714536873,-35.53220559886348,0 148.830813739203,-35.53228228639887,0 148.8307570744167,-35.53235949055748,0 148.8307014663114,-35.5324372018253,0 148.8306469217397,-35.53251541062586,0 148.8305934474232,-35.53259410732133,0 148.8305410499517,-35.53267328221381,0 148.8304897357822,-35.53275292554641,0 148.8304395112382,-35.53283302750459,0 148.830390382509,-35.53291357821721,0 148.8303423556488,-35.5329945677579,0 148.8302954365761,-35.53307598614616,0 148.8302496310727,-35.53315782334867,0 148.8302049447833,-35.5332400692805,0 148.8301613832148,-35.53332271380634,0 148.8301189517352,-35.53340574674176,0 148.8300776555735,-35.53348915785449,0 148.8300374998187,-35.53357293686561,0 148.8299984894192,-35.53365707345091,0 148.8299606291824,-35.5337415572421,0 148.8299239237738,-35.53382637782807,0 148.8298883777167,-35.53391152475627,0 148.8298539953915,-35.53399698753388,0 148.8298207810352,-35.53408275562919,0 148.8297887387409,-35.53416881847283,0 148.8297578724572,-35.53425516545916,0 148.8297281859877,-35.53434178594746,0 148.8296996829909,-35.53442866926338,0 148.8296723669791,-35.53451580470011,0 148.8296462413186,-35.53460318151983,0 148.8296213092289,-35.53469078895491,0 148.8295975737824,-35.53477861620937,0 148.829575037904,-35.53486665246011,0 148.829553704371,-35.53495488685824,0 148.8295335758122,-35.53504330853053,0 148.8295146547082,-35.53513190658059,0 148.8294969433906,-35.53522067009035,0 148.829480444042,-35.53530958812132,0 148.8294651586956,-35.535398649716,0 148.8294510892352,-35.53548784389917,0 148.8294382373945,-35.53557715967928,0 148.8294266047572,-35.53566658604979,0 148.829416192757,-35.53575611199054,0 148.8294070026767,-35.5358457264691,0 148.829399035649,-35.53593541844212,0 148.8293922926557,-35.53602517685672,0 148.8293867745277,-35.5361149906518,0 148.829382481945,-35.53620484875947,0 148.8293794154366,-35.53629474010635,0 148.8293775753804,-35.53638465361499,0 148.8293769620032,-35.53647457820519,0 148.8293775753804,-35.53656450279538,0 148.8293794154366,-35.53665441630402,0 148.829382481945,-35.5367443076509,0 148.8293867745277,-35.53683416575856,0 148.8293922926557,-35.53692397955365,0 148.829399035649,-35.53701373796824,0 148.8294070026767,-35.53710342994127,0 148.829416192757,-35.53719304441983,0 148.8294266047572,-35.53728257036057,0 148.8294382373945,-35.53737199673109,0 148.8294510892352,-35.5374613125112,0 148.8294651586956,-35.53755050669437,0 148.829480444042,-35.53763956828904,0 148.8294969433906,-35.53772848632003,0 148.8295146547082,-35.53781724982978,0 148.8295335758122,-35.53790584787984,0 148.829553704371,-35.53799426955212,0 148.829575037904,-35.53808250395026,0 148.8295975737824,-35.53817054020099,0 148.8296213092289,-35.53825836745546,0 148.8296462413186,-35.53834597489054,0 148.8296723669791,-35.53843335171025,0 148.8296996829909,-35.53852048714699,0 148.8297281859877,-35.53860737046291,0 148.8297578724572,-35.53869399095121,0 148.8297887387409,-35.53878033793754,0 148.8298207810352,-35.53886640078118,0 148.8298539953915,-35.53895216887648,0 148.8298883777167,-35.5390376316541,0 148.8299239237738,-35.5391227785823,0 148.8299606291824,-35.53920759916828,0 148.8299984894192,-35.53929208295946,0 148.8300374998187,-35.53937621954476,0 148.8300776555735,-35.53945999855588,0 148.8301189517352,-35.5395434096686,0 148.8301613832148,-35.53962644260402,0 148.8302049447833,-35.53970908712987,0 148.8302496310727,-35.5397913330617,0 148.8302954365761,-35.53987317026421,0 148.8303423556488,-35.53995458865247,0 148.830390382509,-35.54003557819316,0 148.8304395112382,-35.54011612890578,0 148.8304897357822,-35.54019623086396,0 148.8305410499517,-35.54027587419656,0 148.8305934474232,-35.54035504908904,0 148.8306469217397,-35.54043374578451,0 148.8307014663114,-35.54051195458506,0 148.8307570744167,-35.54058966585289,0 148.830813739203,-35.5406668700115,0 148.8308714536873,-35.54074355754689,0 148.8309302107575,-35.54081971900874,0 148.8309900031726,-35.54089534501153,0 148.8310508235645,-35.54097042623573,0 148.8311126644382,-35.54104495342898,0 148.8311755181728,-35.54111891740715,0 148.8312393770229,-35.54119230905554,0 148.8313042331188,-35.54126511932997,0 148.8313700784685,-35.54133733925791,0 148.8314369049576,-35.54140895993957,0 148.8315047043509,-35.54147997254901,0 148.8315734682935,-35.54155036833524,0 148.8316431883114,-35.54162013862326,0 148.8317138558129,-35.54168927481516,0 148.8317854620896,-35.54175776839116,0 148.8318579983172,-35.5418256109107,0 148.8319314555572,-35.54189279401342,0 148.832005824757,-35.54195930942023,0 148.8320810967522,-35.54202514893433,0 148.8321572622668,-35.5420903044422,0 148.8322343119148,-35.54215476791462,0 148.8323122362013,-35.54221853140765,0 148.8323910255235,-35.54228158706361,0 148.8324706701721,-35.54234392711202,0 148.8325511603324,-35.54240554387064,0 148.8326324860853,-35.54246642974631,0 148.832714637409,-35.54252657723599,0 148.8327976041798,-35.54258597892757,0 148.8328813761737,-35.5426446275009,0 148.8329659430672,-35.54270251572861,0 148.833051294439,-35.54275963647704,0 148.8331374197711,-35.54281598270709,0 148.8332243084502,-35.54287154747514,0 148.8333119497688,-35.54292632393383,0 148.8334003329267,-35.54298030533297,0 148.8334894470324,-35.54303348502035,0 148.833579281104,-35.54308585644253,0 148.8336698240713,-35.54313741314571,0 148.8337610647765,-35.54318814877646,0 148.8338529919758,-35.54323805708254,0 148.8339455943409,-35.54328713191367,0 148.8340388604602,-35.54333536722228,0 148.8341327788404,-35.54338275706424,0 148.8342273379078,-35.54342929559962,0 148.8343225260097,-35.5434749770934,0 148.8344183314158,-35.5435197959162,0 148.8345147423201,-35.54356374654487,0 148.8346117468414,-35.54360682356333,0 148.8347093330259,-35.54364902166312,0 148.8348074888479,-35.5436903356441,0 148.8349062022113,-35.54373076041508,0 148.8350054609517,-35.54377029099444,0 148.8351052528371,-35.54380892251076,0 148.83520556557,-35.54384665020342,0 148.8353063867889,-35.54388346942316,0 148.8354077040692,-35.5439193756327,0 148.8355095049254,-35.54395436440725,0 148.8356117768126,-35.54398843143509,0 148.8357145071274,-35.54402157251807,0 148.8358176832105,-35.54405378357216,0 148.835921292347,-35.54408506062795,0 148.8360253217692,-35.54411539983111,0 148.8361297586573,-35.54414479744288,0 148.8362345901414,-35.54417324984055,0 148.8363398033028,-35.54420075351788,0 148.8364453851761,-35.54422730508556,0 148.8365513227501,-35.54425290127156,0 148.8366576029701,-35.54427753892165,0 148.8367642127388,-35.54430121499969,0 148.8368711389187,-35.54432392658803,0 148.836978368333,-35.54434567088787,0 148.8370858877677,-35.54436644521964,0 148.8371936839729,-35.54438624702328,0 148.8373017436648,-35.54440507385858,0 148.8374100535269,-35.54442292340547,0 148.8375186002121,-35.54443979346433,0 148.837627370344,-35.54445568195623,0 148.8377363505186,-35.5444705869232,0 148.8378455273061,-35.54448450652848,0 148.8379548872526,-35.54449743905673,0 148.8380644168813,-35.54450938291427,0 148.8381741026948,-35.54452033662921,0 148.8382839311762,-35.54453029885173,0 148.8383938887914,-35.54453926835416,0 148.8385039619899,-35.54454724403116,0 148.8386141372072,-35.54455422489988,0 148.8387244008663,-35.54456021010007,0 148.8388347393793,-35.54456519889416,0 148.8389451391489,-35.54456919066736,0 148.8390555865703,-35.54457218492777,0 148.839166068033,-35.54457418130638,0 148.839276569922,-35.5445751795572,0 148.8393870786203,-35.5445751795572,0 148.8394975805093,-35.54457418130638,0 148.839608061972,-35.54457218492777,0 148.8397185093934,-35.54456919066736,0 148.839828909163,-35.54456519889416,0 148.839939247676,-35.54456021010007,0 148.8400495113351,-35.54455422489988,0 148.8401596865525,-35.54454724403116,0 148.840269759751,-35.54453926835416,0 148.8403797173661,-35.54453029885173,0 148.8404895458475,-35.54452033662921,0 148.840599231661,-35.54450938291427,0 148.8407087612897,-35.54449743905673,0 148.8408181212362,-35.54448450652848,0 148.8409272980237,-35.5444705869232,0 148.8410362781983,-35.54445568195623,0 148.8411450483302,-35.54443979346433,0 148.8412535950154,-35.54442292340547,0 148.8413619048775,-35.54440507385858,0 148.8414699645694,-35.54438624702328,0 148.8415777607746,-35.54436644521964,0 148.8416852802093,-35.54434567088787,0 148.8417925096236,-35.54432392658803,0 148.8418994358035,-35.54430121499969,0 148.8420060455722,-35.54427753892165,0 148.8421123257922,-35.54425290127156,0 148.8422182633662,-35.54422730508556,0 148.8423238452395,-35.54420075351788,0 148.842429058401,-35.54417324984055,0 148.842533889885,-35.54414479744288,0 148.8426383267731,-35.54411539983111,0 148.8427423561953,-35.54408506062795,0 148.8428459653318,-35.54405378357216,0 148.8429491414149,-35.54402157251807,0 148.8430518717297,-35.54398843143509,0 148.8431541436169,-35.54395436440725,0 148.8432559444732,-35.5439193756327,0 148.8433572617535,-35.54388346942316,0 148.8434580829723,-35.54384665020342,0 148.8435583957053,-35.54380892251076,0 148.8436581875906,-35.54377029099444,0 148.843757446331,-35.54373076041508,0 148.8438561596944,-35.5436903356441,0 148.8439543155164,-35.54364902166312,0 148.8440519017009,-35.54360682356333,0 148.8441489062222,-35.54356374654487,0 148.8442453171265,-35.5435197959162,0 148.8443411225327,-35.5434749770934,0 148.8444363106345,-35.54342929559962,0 148.8445308697019,-35.54338275706424,0 148.8446247880821,-35.54333536722228,0 148.8447180542014,-35.54328713191367,0 148.8448106565665,-35.54323805708254,0 148.8449025837658,-35.54318814877646,0 148.844993824471,-35.54313741314571,0 148.8450843674383,-35.54308585644253,0 148.84517420151,-35.54303348502035,0 148.8452633156156,-35.54298030533297,0 148.8453516987735,-35.54292632393383,0 148.8454393400921,-35.54287154747514,0 148.8455262287712,-35.54281598270709,0 148.8456123541033,-35.54275963647704,0 148.8456977054751,-35.54270251572861,0 148.8457822723686,-35.5426446275009,0 148.8458660443625,-35.54258597892757,0 148.8459490111333,-35.54252657723599,0 148.846031162457,-35.54246642974631,0 148.8461124882099,-35.54240554387064,0 148.8461929783702,-35.54234392711202,0 148.8462726230188,-35.54228158706361,0 148.846351412341,-35.54221853140765,0 148.8464293366275,-35.54215476791462,0 148.8465063862755,-35.5420903044422,0 148.8465825517901,-35.54202514893433,0 148.8466578237853,-35.54195930942023,0 148.8467321929851,-35.54189279401342,0 148.8468056502251,-35.5418256109107,0 148.8468781864527,-35.54175776839116,0 148.8469497927294,-35.54168927481516,0 148.8470204602309,-35.54162013862326,0 148.8470901802488,-35.54155036833524,0 148.8471589441914,-35.54147997254901,0 148.8472267435847,-35.54140895993957,0 148.8472935700738,-35.54133733925791,0 148.8473594154235,-35.54126511932997,0 148.8474242715195,-35.54119230905554,0 148.8474881303695,-35.54111891740715,0 148.8475509841041,-35.54104495342898,0 148.8476128249778,-35.54097042623573,0 148.8476736453697,-35.54089534501153,0 148.8477334377849,-35.54081971900874,0 148.847792194855,-35.54074355754689,0 148.8478499093393,-35.5406668700115,0 148.8479065741256,-35.54058966585289,0 148.8479621822309,-35.54051195458506,0 148.8480167268027,-35.54043374578451,0 148.8480702011191,-35.54035504908904,0 148.8481225985906,-35.54027587419656,0 148.8481739127601,-35.54019623086396,0 148.8482241373041,-35.54011612890578,0 148.8482732660333,-35.54003557819316,0 148.8483212928935,-35.53995458865247,0 148.8483682119663,-35.53987317026421,0 148.8484140174696,-35.5397913330617,0 148.848458703759,-35.53970908712987,0 148.8485022653275,-35.53962644260402,0 148.8485446968071,-35.5395434096686,0 148.8485859929688,-35.53945999855588,0 148.8486261487236,-35.53937621954476,0 148.8486651591231,-35.53929208295946,0 148.8487030193599,-35.53920759916828,0 148.8487397247685,-35.5391227785823,0 148.8487752708256,-35.5390376316541,0 148.8488096531508,-35.53895216887648,0 148.8488428675071,-35.53886640078118,0 148.8488749098014,-35.53878033793754,0 148.8489057760851,-35.53869399095121,0 148.8489354625546,-35.53860737046291,0 148.8489639655514,-35.53852048714699,0 148.8489912815632,-35.53843335171025,0 148.8490174072237,-35.53834597489054,0 148.8490423393134,-35.53825836745546,0 148.8490660747599,-35.53817054020099,0 148.8490886106383,-35.53808250395026,0 148.8491099441713,-35.53799426955212,0 148.8491300727301,-35.53790584787984,0 148.8491489938341,-35.53781724982978,0 148.8491667051518,-35.53772848632003,0 148.8491832045003,-35.53763956828904,0 148.8491984898467,-35.53755050669437,0 148.8492125593071,-35.5374613125112,0 148.8492254111478,-35.53737199673109,0 148.8492370437851,-35.53728257036057,0 148.8492474557854,-35.53719304441983,0 148.8492566458656,-35.53710342994127,0 148.8492646128933,-35.53701373796824,0 148.8492713558866,-35.53692397955365,0 148.8492768740146,-35.53683416575856,0 148.8492811665973,-35.5367443076509,0 148.8492842331057,-35.53665441630402,0 148.8492860731619,-35.53656450279538,0 
						</coordinates>
					</LinearRing>
				</outerBoundaryIs>
			</Polygon>
		</Placemark>
		<Placemark id="318">
			<name>Corin Dam Lookout NFZ_dv_0</name>
			<styleUrl>#321</styleUrl>
			<Polygon id="317">
				<outerBoundaryIs>
					<LinearRing id="319">
						<coordinates>
							148.8579180094946,-35.53647457820519,0 148.8579176811206,-35.53638467373652,0 148.8579166960102,-35.53629477244466,0 148.8579150541983,-35.53620487750629,0 148.8579127557428,-35.53611499209785,0 148.857909800725,-35.5360251193955,0 148.8579061892493,-35.5359352625749,0 148.8579019214432,-35.53584542481116,0 148.8578969974577,-35.53575560927873,0 148.8578914174666,-35.53566581915127,0 148.8578851816672,-35.53557605760153,0 148.8578782902798,-35.53548632780127,0 148.857870743548,-35.53539663292111,0 148.8578625417383,-35.53530697613043,0 148.8578536851406,-35.53521736059731,0 148.8578441740678,-35.53512778948831,0 148.857834008856,-35.53503826596845,0 148.8578231898645,-35.5349487932011,0 148.8578117174754,-35.53485937434777,0 148.8577995920943,-35.53477001256811,0 148.8577868141494,-35.53468071101976,0 148.8577733840925,-35.5345914728582,0 148.8577593023979,-35.53450230123668,0 148.8577445695633,-35.5344131993061,0 148.8577291861093,-35.53432417021493,0 148.8577131525794,-35.53423521710901,0 148.8576964695402,-35.53414634313154,0 148.8576791375812,-35.53405755142289,0 148.8576611573148,-35.53396884512055,0 148.8576425293764,-35.53388022735898,0 148.8576232544242,-35.53379170126951,0 148.8576033331393,-35.53370326998024,0 148.8575827662256,-35.5336149366159,0 148.8575615544097,-35.53352670429779,0 148.8575396984414,-35.53343857614362,0 148.8575171990928,-35.53335055526742,0 148.857494057159,-35.53326264477943,0 148.8574702734577,-35.53317484778599,0 148.8574458488292,-35.53308716738943,0 148.8574207841368,-35.53299960668797,0 148.8573950802659,-35.53291216877559,0 148.8573687381249,-35.53282485674193,0 148.8573417586446,-35.53273767367218,0 148.8573141427783,-35.53265062264698,0 148.8572858915018,-35.5325637067423,0 148.8572570058134,-35.53247692902935,0 148.8572274867337,-35.53239029257443,0 148.857197335306,-35.53230380043887,0 148.8571665525954,-35.5322174556789,0 148.8571351396898,-35.53213126134551,0 148.8571030976991,-35.53204522048443,0 148.8570704277556,-35.53195933613593,0 148.8570371310137,-35.53187361133475,0 148.8570032086499,-35.53178804910999,0 148.8569686618628,-35.53170265248504,0 148.8569334918732,-35.5316174244774,0 148.8568976999238,-35.53153236809862,0 148.8568612872794,-35.5314474863542,0 148.8568242552265,-35.53136278224346,0 148.8567866050739,-35.53127825875944,0 148.8567483381516,-35.53119391888879,0 148.8567094558122,-35.53110976561169,0 148.8566699594292,-35.53102580190173,0 148.8566298503985,-35.53094203072578,0 148.8565891301373,-35.53085845504393,0 148.8565478000845,-35.53077507780932,0 148.8565058617003,-35.53069190196815,0 148.8564633164669,-35.53060893045942,0 148.8564201658874,-35.53052616621498,0 148.8563764114867,-35.53044361215932,0 148.8563320548107,-35.5303612712095,0 148.856287097427,-35.53027914627506,0 148.856241540924,-35.53019724025793,0 148.8561953869115,-35.53011555605226,0 148.8561486370203,-35.53003409654439,0 148.8561012929025,-35.52995286461272,0 148.8560533562309,-35.52987186312759,0 148.8560048286993,-35.52979109495122,0 148.8559557120225,-35.52971056293757,0 148.855906007936,-35.52963026993228,0 148.8558557181962,-35.52955021877248,0 148.8558048445801,-35.52947041228686,0 148.8557533888852,-35.52939085329535,0 148.8557013529299,-35.52931154460922,0 148.8556487385527,-35.52923248903086,0 148.8555955476129,-35.52915368935371,0 148.8555417819899,-35.5290751483622,0 148.8554874435836,-35.52899686883157,0 148.855432534314,-35.52891885352786,0 148.8553770561214,-35.52884110520777,0 148.8553210109661,-35.52876362661856,0 148.8552644008285,-35.52868642049793,0 148.8552072277089,-35.52860948957402,0 148.8551494936276,-35.52853283656517,0 148.8550912006245,-35.52845646417995,0 148.8550323507596,-35.52838037511701,0 148.8549729461122,-35.52830457206495,0 148.8549129887814,-35.52822905770233,0 148.8548524808859,-35.52815383469743,0 148.8547914245638,-35.52807890570831,0 148.8547298219724,-35.52800427338259,0 148.8546676752885,-35.52792994035742,0 148.8546049867081,-35.52785590925938,0 148.8545417584463,-35.52778218270439,0 148.8544779927372,-35.52770876329758,0 148.8544136918341,-35.52763565363327,0 148.8543488580092,-35.52756285629479,0 148.8542834935531,-35.52749037385446,0 148.8542176007757,-35.52741820887347,0 148.8541511820053,-35.52734636390178,0 148.8540842395888,-35.52727484147806,0 148.8540167758916,-35.52720364412958,0 148.8539487932976,-35.52713277437211,0 148.853880294209,-35.52706223470985,0 148.8538112810462,-35.52699202763534,0 148.8537417562478,-35.52692215562936,0 148.8536717222705,-35.52685262116088,0 148.8536011815889,-35.52678342668689,0 148.8535301366956,-35.52671457465242,0 148.8534585901011,-35.52664606749036,0 148.8533865443334,-35.52657790762144,0 148.8533140019383,-35.52651009745411,0 148.8532409654791,-35.52644263938444,0 148.8531674375366,-35.5263755357961,0 148.8530934207089,-35.5263087890602,0 148.8530189176113,-35.52624240153527,0 148.8529439308766,-35.52617637556711,0 148.8528684631542,-35.52611071348879,0 148.8527925171111,-35.52604541762049,0 148.8527160954306,-35.52598049026945,0 148.8526392008133,-35.52591593372989,0 148.852561835976,-35.52585175028295,0 148.8524840036528,-35.52578794219657,0 148.8524057065936,-35.52572451172541,0 148.8523269475652,-35.52566146111081,0 148.8522477293505,-35.52559879258069,0 148.8521680547487,-35.52553650834945,0 148.8520879265752,-35.52547461061792,0 148.8520073476614,-35.52541310157328,0 148.8519263208544,-35.52535198338897,0 148.8518448490174,-35.52529125822461,0 148.8517629350292,-35.52523092822594,0 148.8516805817843,-35.52517099552474,0 148.8515977921926,-35.52511146223875,0 148.8515145691796,-35.5250523304716,0 148.8514309156859,-35.52499360231272,0 148.8513468346676,-35.52493527983729,0 148.8512623290955,-35.52487736510614,0 148.8511774019557,-35.52481986016571,0 148.8510920562492,-35.52476276704797,0 148.8510062949916,-35.52470608777029,0 148.8509201212134,-35.52464982433547,0 148.8508335379595,-35.52459397873159,0 148.8507465482895,-35.52453855293196,0 148.8506591552769,-35.52448354889508,0 148.8505713620101,-35.52442896856452,0 148.850483171591,-35.5243748138689,0 148.8503945871361,-35.52432108672179,0 148.8503056117753,-35.52426778902164,0 148.8502162486527,-35.52421492265177,0 148.8501265009261,-35.52416248948019,0 148.8500363717665,-35.52411049135966,0 148.8499458643588,-35.52405893012756,0 148.8498549819011,-35.52400780760579,0 148.8497637276047,-35.52395712560081,0 148.8496721046941,-35.52390688590346,0 148.8495801164069,-35.52385709028898,0 148.8494877659934,-35.52380774051692,0 148.8493950567169,-35.52375883833106,0 148.8493019918533,-35.52371038545937,0 148.8492085746912,-35.52366238361395,0 148.8491148085313,-35.52361483449095,0 148.8490206966869,-35.52356773977054,0 148.8489262424837,-35.52352110111683,0 148.848831449259,-35.52347492017781,0 148.8487363203623,-35.52342919858528,0 148.8486408591553,-35.52338393795483,0 148.848545069011,-35.52333913988577,0 148.8484489533141,-35.52329480596104,0 148.8483525154609,-35.5232509377472,0 148.8482557588591,-35.52320753679433,0 148.8481586869277,-35.52316460463603,0 148.8480613030966,-35.52312214278932,0 148.8479636108069,-35.52308015275459,0 148.8478656135108,-35.52303863601557,0 148.8477673146708,-35.52299759403928,0 148.8476687177604,-35.52295702827594,0 148.8475698262636,-35.52291694015894,0 148.8474706436747,-35.52287733110483,0 148.8473711734985,-35.52283820251319,0 148.8472714192496,-35.52279955576664,0 148.8471713844529,-35.52276139223078,0 148.8470710726432,-35.52272371325413,0 148.846970487365,-35.52268652016809,0 148.8468696321726,-35.52264981428686,0 148.8467685106296,-35.52261359690749,0 148.8466671263093,-35.52257786930971,0 148.846565482794,-35.52254263275596,0 148.8464635836755,-35.52250788849136,0 148.8463614325542,-35.52247363774358,0 148.8462590330398,-35.52243988172289,0 148.8461563887506,-35.52240662162207,0 148.8460535033135,-35.52237385861638,0 148.845950380364,-35.52234159386349,0 148.845847023546,-35.5223098285035,0 148.8457434365117,-35.52227856365885,0 148.8456396229213,-35.52224780043429,0 148.845535586443,-35.52221753991684,0 148.8454313307532,-35.52218778317577,0 148.8453268595356,-35.52215853126253,0 148.8452221764817,-35.52212978521076,0 148.8451172852907,-35.5221015460362,0 148.8450121896688,-35.5220738147367,0 148.8449068933295,-35.52204659229215,0 148.8448013999937,-35.52201987966446,0 148.844695713389,-35.52199367779752,0 148.8445898372497,-35.52196798761718,0 148.8444837753171,-35.52194281003123,0 148.8443775313389,-35.52191814592931,0 148.8442711090692,-35.52189399618293,0 148.8441645122686,-35.52187036164544,0 148.8440577447035,-35.52184724315197,0 148.8439508101469,-35.52182464151942,0 148.843843712377,-35.52180255754641,0 148.8437364551783,-35.5217809920133,0 148.8436290423408,-35.5217599456821,0 148.8435214776599,-35.5217394192965,0 148.8434137649365,-35.52171941358181,0 148.8433059079765,-35.52169992924492,0 148.8431979105912,-35.52168096697432,0 148.8430897765967,-35.52166252744006,0 148.8429815098139,-35.52164461129369,0 148.8428731140685,-35.52162721916829,0 148.8427645931905,-35.52161035167841,0 148.8426559510148,-35.52159400942008,0 148.8425471913802,-35.52157819297074,0 148.8424383181296,-35.52156290288929,0 148.8423293351102,-35.52154813971598,0 148.842220246173,-35.5215339039725,0 148.8421110551726,-35.52152019616187,0 148.8420017659672,-35.52150701676843,0 148.8418923824188,-35.52149436625791,0 148.8417829083924,-35.52148224507731,0 148.8416733477561,-35.52147065365494,0 148.8415637043816,-35.52145959240037,0 148.8414539821429,-35.52144906170445,0 148.8413441849172,-35.52143906193932,0 148.8412343165841,-35.52142959345829,0 148.841124381026,-35.52142065659594,0 148.8410143821274,-35.52141225166807,0 148.8409043237752,-35.52140437897165,0 148.8407942098582,-35.52139703878488,0 148.8406840442674,-35.52139023136711,0 148.8405738308956,-35.5213839569589,0 148.8404635736372,-35.52137821578195,0 148.840353276388,-35.52137300803913,0 148.8402429430456,-35.52136833391446,0 148.8401325775085,-35.52136419357309,0 148.8400221836766,-35.52136058716133,0 148.8399117654507,-35.5213575148066,0 148.8398013267324,-35.52135497661747,0 148.839690871424,-35.52135297268364,0 148.8395804034287,-35.5213515030759,0 148.8394699266497,-35.52135056784619,0 148.8393594449909,-35.52135016702756,0 148.839248962356,-35.52135030063416,0 148.8391384826491,-35.52135096866129,0 148.839028009774,-35.52135217108532,0 148.8389175476343,-35.52135390786377,0 148.8388071001331,-35.52135617893529,0 148.8386966711732,-35.5213589842196,0 148.8385862646567,-35.5213623236176,0 148.8384758844846,-35.52136619701127,0 148.8383655345575,-35.52137060426377,0 148.8382552187744,-35.52137554521934,0 148.8381449410335,-35.52138101970341,0 148.8380347052315,-35.52138702752251,0 148.8379245152635,-35.52139356846439,0 148.8378143750232,-35.52140064229791,0 148.8377042884023,-35.52140824877309,0 148.8375942592909,-35.52141638762119,0 148.8374842915768,-35.52142505855461,0 148.8373743891458,-35.52143426126694,0 148.8372645558813,-35.52144399543302,0 148.8371547956643,-35.52145426070888,0 148.8370451123732,-35.52146505673181,0 148.8369355098837,-35.52147638312031,0 148.8368259920687,-35.52148823947416,0 148.8367165627979,-35.52150062537444,0 148.8366072259381,-35.52151354038345,0 148.8364979853527,-35.52152698404487,0 148.8363888449018,-35.52154095588364,0 148.8362798084419,-35.52155545540607,0 148.8361708798258,-35.52157048209983,0 148.8360620629026,-35.52158603543392,0 148.8359533615173,-35.52160211485877,0 148.8358447795108,-35.52161871980623,0 148.8357363207201,-35.52163584968952,0 148.8356279889774,-35.52165350390338,0 148.8355197881109,-35.52167168182399,0 148.8354117219437,-35.52169038280903,0 148.8353037942943,-35.52170960619767,0 148.8351960089766,-35.52172935131068,0 148.8350883697989,-35.52174961745034,0 148.834980880565,-35.52177040390055,0 148.8348735450728,-35.52179170992681,0 148.8347663671152,-35.52181353477626,0 148.8346593504792,-35.52183587767774,0 148.8345524989464,-35.52185873784172,0 148.8344458162923,-35.52188211446045,0 148.8343393062867,-35.52190600670792,0 148.8342329726931,-35.52193041373987,0 148.8341268192688,-35.52195533469388,0 148.8340208497648,-35.52198076868937,0 148.8339150679256,-35.5220067148276,0 148.8338094774889,-35.52203317219178,0 148.8337040821859,-35.52206013984702,0 148.8335988857407,-35.52208761684042,0 148.8334938918705,-35.52211560220105,0 148.8333891042852,-35.52214409494005,0 148.8332845266875,-35.52217309405064,0 148.8331801627728,-35.52220259850812,0 148.8330760162287,-35.52223260726993,0 148.8329720907354,-35.52226311927571,0 148.832868389965,-35.5222941334473,0 148.8327649175818,-35.52232564868882,0 148.832661677242,-35.52235766388666,0 148.8325586725938,-35.52239017790956,0 148.8324559072767,-35.52242318960863,0 148.8323533849221,-35.52245669781739,0 148.8322511091525,-35.52249070135181,0 148.832149083582,-35.52252519901038,0 148.8320473118156,-35.52256018957411,0 148.8319457974494,-35.52259567180659,0 148.8318445440705,-35.52263164445406,0 148.8317435552568,-35.5226681062454,0 148.8316428345766,-35.52270505589224,0 148.831542385589,-35.52274249208894,0 148.8314422118433,-35.5227804135127,0 148.8313423168793,-35.52281881882353,0 148.8312427042267,-35.52285770666439,0 148.8311433774054,-35.52289707566116,0 148.8310443399251,-35.52293692442272,0 148.8309455952854,-35.52297725154101,0 148.8308471469754,-35.52301805559105,0 148.8307489984738,-35.52305933513103,0 148.8306511532487,-35.52310108870233,0 148.8305536147575,-35.52314331482956,0 148.8304563864468,-35.52318601202066,0 148.8303594717522,-35.5232291787669,0 148.830262874098,-35.52327281354299,0 148.8301665968977,-35.52331691480707,0 148.8300706435533,-35.52336148100081,0 148.8299750174552,-35.52340651054946,0 148.8298797219825,-35.52345200186188,0 148.8297847605024,-35.52349795333061,0 148.8296901363704,-35.52354436333198,0 148.8295958529302,-35.52359123022604,0 148.8295019135132,-35.52363855235676,0 148.8294083214387,-35.52368632805199,0 148.829315080014,-35.52373455562356,0 148.8292221925337,-35.52378323336734,0 148.8291296622801,-35.52383235956329,0 148.8290374925226,-35.52388193247553,0 148.8289456865182,-35.52393195035236,0 148.8288542475108,-35.52398241142641,0 148.8287631787315,-35.52403331391462,0 148.8286724833982,-35.52408465601832,0 148.8285821647156,-35.52413643592335,0 148.8284922258753,-35.52418865180003,0 148.8284026700551,-35.52424130180331,0 148.8283135004196,-35.52429438407278,0 148.8282247201196,-35.52434789673277,0 148.8281363322922,-35.52440183789239,0 148.8280483400606,-35.52445620564562,0 148.827960746534,-35.52451099807136,0 148.8278735548076,-35.52456621323349,0 148.8277867679623,-35.52462184918099,0 148.8277003890647,-35.52467790394793,0 148.8276144211671,-35.52473437555361,0 148.8275288673072,-35.52479126200258,0 148.827443730508,-35.52484856128475,0 148.8273590137779,-35.52490627137544,0 148.8272747201103,-35.52496439023543,0 148.8271908524838,-35.52502291581109,0 148.827107413862,-35.5250818460344,0 148.827024407193,-35.52514117882303,0 148.82694183541,-35.52520091208046,0 148.8268597014307,-35.52526104369599,0 148.8267780081572,-35.52532157154486,0 148.8266967584764,-35.52538249348828,0 148.826615955259,-35.52544380737358,0 148.8265356013604,-35.5255055110342,0 148.8264556996199,-35.52556760228984,0 148.8263762528608,-35.52563007894648,0 148.8262972638903,-35.52569293879648,0 148.8262187354997,-35.52575617961869,0 148.8261406704636,-35.52581979917846,0 148.8260630715407,-35.52588379522779,0 148.8259859414727,-35.52594816550535,0 148.8259092829852,-35.52601290773661,0 148.8258330987869,-35.52607801963388,0 148.8257573915697,-35.52614349889642,0 148.825682164009,-35.52620934321047,0 148.8256074187626,-35.52627555024945,0 148.825533158472,-35.52634211767388,0 148.825459385761,-35.52640904313161,0 148.8253861032364,-35.52647632425779,0 148.8253133134878,-35.52654395867503,0 148.8252410190871,-35.52661194399344,0 148.8251692225888,-35.52668027781075,0 148.82509792653,-35.52674895771237,0 148.82502713343,-35.52681798127147,0 148.8249568457901,-35.52688734604909,0 148.824887066094,-35.52695704959419,0 148.8248177968074,-35.52702708944379,0 148.824749040378,-35.52709746312301,0 148.8246807992353,-35.52716816814517,0 148.8246130757906,-35.52723920201191,0 148.8245458724369,-35.52731056221321,0 148.824479191549,-35.52738224622752,0 148.8244130354828,-35.52745425152191,0 148.8243474065762,-35.52752657555202,0 148.8242823071482,-35.52759921576227,0 148.8242177394989,-35.5276721695859,0 148.82415370591,-35.52774543444507,0 148.8240902086442,-35.52781900775093,0 148.8240272499449,-35.52789288690376,0 148.8239648320371,-35.52796706929302,0 148.8239029571262,-35.52804155229745,0 148.8238416273985,-35.52811633328518,0 148.8237808450212,-35.52819140961379,0 148.823720612142,-35.52826677863045,0 148.8236609308894,-35.52834243767197,0 148.823601803372,-35.52841838406492,0 148.8235432316793,-35.52849461512571,0 148.8234852178809,-35.52857112816069,0 148.8234277640266,-35.52864792046626,0 148.8233708721468,-35.52872498932894,0 148.8233145442515,-35.52880233202548,0 148.8232587823313,-35.52887994582294,0 148.8232035883564,-35.52895782797884,0 148.8231489642772,-35.52903597574118,0 148.8230949120238,-35.52911438634859,0 148.8230414335062,-35.5291930570304,0 148.822988530614,-35.52927198500677,0 148.8229362052166,-35.52935116748876,0 148.822884459163,-35.52943060167843,0 148.8228332942815,-35.52951028476895,0 148.8227827123801,-35.5295902139447,0 148.8227327152461,-35.52967038638136,0 148.8226833046463,-35.52975079924601,0 148.8226344823264,-35.52983144969724,0 148.8225862500118,-35.52991233488526,0 148.8225386094066,-35.52999345195195,0 148.8224915621943,-35.53007479803102,0 148.8224451100373,-35.53015637024808,0 148.822399254577,-35.53023816572077,0 148.8223539974338,-35.53032018155881,0 148.8223093402067,-35.53040241486415,0 148.8222652844738,-35.53048486273106,0 148.8222218317918,-35.53056752224622,0 148.822178983696,-35.53065039048882,0 148.8221367417006,-35.5307334645307,0 148.8220951072983,-35.53081674143642,0 148.82205408196,-35.53090021826335,0 148.8220136671355,-35.53098389206184,0 148.8219738642529,-35.53106775987523,0 148.8219346747186,-35.53115181874004,0 148.8218960999174,-35.53123606568602,0 148.8218581412123,-35.53132049773629,0 148.8218207999446,-35.5314051119074,0 148.8217840774337,-35.53148990520951,0 148.8217479749774,-35.53157487464641,0 148.8217124938512,-35.53166001721569,0 148.8216776353089,-35.53174532990881,0 148.8216434005822,-35.53183080971122,0 148.8216097908808,-35.53191645360247,0 148.8215768073925,-35.5320022585563,0 148.8215444512825,-35.53208822154079,0 148.8215127236942,-35.5321743395184,0 148.8214816257488,-35.53226060944612,0 148.821451158545,-35.53234702827559,0 148.8214213231595,-35.53243359295319,0 148.8213921206465,-35.5325203004201,0 148.8213635520379,-35.53260714761252,0 148.8213356183431,-35.53269413146165,0 148.8213083205492,-35.53278124889391,0 148.8212816596208,-35.53286849683099,0 148.8212556364999,-35.53295587218994,0 148.8212302521061,-35.53304337188334,0 148.8212055073364,-35.53313099281936,0 148.8211814030651,-35.5332187319019,0 148.8211579401438,-35.53330658603065,0 148.8211351194018,-35.53339455210129,0 148.8211129416454,-35.5334826270055,0 148.8210914076582,-35.53357080763113,0 148.8210705182012,-35.53365909086229,0 148.8210502740124,-35.53374747357947,0 148.8210306758073,-35.53383595265964,0 148.8210117242783,-35.53392452497638,0 148.820993420095,-35.53401318739996,0 148.8209757639044,-35.53410193679744,0 148.8209587563302,-35.53419077003288,0 148.8209423979734,-35.5342796839673,0 148.8209266894121,-35.53436867545892,0 148.8209116312012,-35.53445774136319,0 148.820897223873,-35.53454687853294,0 148.8208834679365,-35.5346360838185,0 148.8208703638777,-35.53472535406775,0 148.8208579121597,-35.53481468612633,0 148.8208461132225,-35.53490407683766,0 148.8208349674829,-35.53499352304307,0 148.8208244753349,-35.53508302158198,0 148.8208146371492,-35.53517256929193,0 148.8208054532734,-35.53526216300873,0 148.820796924032,-35.53535179956655,0 148.8207890497265,-35.53544147579806,0 148.820781830635,-35.53553118853453,0 148.8207752670126,-35.53562093460593,0 148.8207693590913,-35.53571071084107,0 148.8207641070798,-35.53580051406767,0 148.8207595111637,-35.53589034111251,0 148.8207555715054,-35.53598018880152,0 148.8207522882441,-35.53607005395993,0 148.8207496614959,-35.53615993341231,0 148.8207476913534,-35.53624982398275,0 148.8207463778865,-35.53633972249494,0 148.8207457211414,-35.5364296257723,0 148.8207457211414,-35.53651953063807,0 148.8207463778865,-35.53660943391542,0 148.8207476913534,-35.53669933242762,0 148.8207496614959,-35.53678922299806,0 148.8207522882441,-35.53687910245044,0 148.8207555715054,-35.53696896760884,0 148.8207595111637,-35.53705881529786,0 148.8207641070798,-35.5371486423427,0 148.8207693590913,-35.5372384455693,0 148.8207752670126,-35.53732822180444,0 148.820781830635,-35.53741796787584,0 148.8207890497265,-35.53750768061231,0 148.820796924032,-35.53759735684382,0 148.8208054532734,-35.53768699340164,0 148.8208146371492,-35.53777658711844,0 148.8208244753349,-35.53786613482838,0 148.8208349674829,-35.5379556333673,0 148.8208461132225,-35.53804507957272,0 148.8208579121597,-35.53813447028404,0 148.8208703638777,-35.53822380234261,0 148.8208834679365,-35.53831307259187,0 148.820897223873,-35.53840227787742,0 148.8209116312012,-35.53849141504718,0 148.8209266894121,-35.53858048095145,0 148.8209423979734,-35.53866947244307,0 148.8209587563302,-35.53875838637749,0 148.8209757639044,-35.53884721961293,0 148.820993420095,-35.53893596901041,0 148.8210117242783,-35.53902463143399,0 148.8210306758073,-35.53911320375072,0 148.8210502740124,-35.5392016828309,0 148.8210705182012,-35.53929006554808,0 148.8210914076582,-35.53937834877924,0 148.8211129416454,-35.53946652940487,0 148.8211351194018,-35.53955460430907,0 148.8211579401438,-35.53964257037971,0 148.8211814030651,-35.53973042450847,0 148.8212055073364,-35.53981816359101,0 148.8212302521061,-35.53990578452703,0 148.8212556364999,-35.53999328422042,0 148.8212816596208,-35.54008065957938,0 148.8213083205492,-35.54016790751646,0 148.8213356183431,-35.54025502494871,0 148.8213635520379,-35.54034200879785,0 148.8213921206465,-35.54042885599026,0 148.8214213231595,-35.54051556345718,0 148.821451158545,-35.54060212813477,0 148.8214816257488,-35.54068854696425,0 148.8215127236942,-35.54077481689197,0 148.8215444512825,-35.54086093486958,0 148.8215768073925,-35.54094689785406,0 148.8216097908808,-35.5410327028079,0 148.8216434005822,-35.54111834669915,0 148.8216776353089,-35.54120382650156,0 148.8217124938512,-35.54128913919467,0 148.8217479749774,-35.54137428176396,0 148.8217840774337,-35.54145925120086,0 148.8218207999446,-35.54154404450296,0 148.8218581412123,-35.54162865867408,0 148.8218960999174,-35.54171309072434,0 148.8219346747186,-35.54179733767032,0 148.8219738642529,-35.54188139653513,0 148.8220136671355,-35.54196526434853,0 148.82205408196,-35.54204893814701,0 148.8220951072983,-35.54213241497395,0 148.8221367417006,-35.54221569187967,0 148.822178983696,-35.54229876592155,0 148.8222218317918,-35.54238163416415,0 148.8222652844738,-35.54246429367931,0 148.8223093402067,-35.54254674154622,0 148.8223539974338,-35.54262897485156,0 148.822399254577,-35.5427109906896,0 148.8224451100373,-35.54279278616229,0 148.8224915621943,-35.54287435837936,0 148.8225386094066,-35.54295570445842,0 148.8225862500118,-35.54303682152511,0 148.8226344823264,-35.54311770671313,0 148.8226833046463,-35.54319835716436,0 148.8227327152461,-35.543278770029,0 148.8227827123801,-35.54335894246567,0 148.8228332942815,-35.54343887164141,0 148.822884459163,-35.54351855473194,0 148.8229362052166,-35.5435979889216,0 148.822988530614,-35.54367717140359,0 148.8230414335062,-35.54375609937997,0 148.8230949120238,-35.54383477006179,0 148.8231489642772,-35.54391318066919,0 148.8232035883564,-35.54399132843152,0 148.8232587823313,-35.54406921058742,0 148.8233145442515,-35.54414682438489,0 148.8233708721468,-35.54422416708143,0 148.8234277640266,-35.5443012359441,0 148.8234852178809,-35.54437802824967,0 148.8235432316793,-35.54445454128466,0 148.823601803372,-35.54453077234545,0 148.8236609308894,-35.54460671873839,0 148.823720612142,-35.54468237777991,0 148.8237808450212,-35.54475774679658,0 148.8238416273985,-35.54483282312518,0 148.8239029571262,-35.54490760411291,0 148.8239648320371,-35.54498208711735,0 148.8240272499449,-35.5450562695066,0 148.8240902086442,-35.54513014865944,0 148.82415370591,-35.5452037219653,0 148.8242177394989,-35.54527698682447,0 148.8242823071482,-35.54534994064809,0 148.8243474065762,-35.54542258085834,0 148.8244130354828,-35.54549490488846,0 148.824479191549,-35.54556691018284,0 148.8245458724369,-35.54563859419716,0 148.8246130757906,-35.54570995439846,0 148.8246807992353,-35.54578098826519,0 148.824749040378,-35.54585169328735,0 148.8248177968074,-35.54592206696658,0 148.824887066094,-35.54599210681617,0 148.8249568457901,-35.54606181036128,0 148.82502713343,-35.5461311751389,0 148.82509792653,-35.546200198698,0 148.8251692225888,-35.54626887859961,0 148.8252410190871,-35.54633721241692,0 148.8253133134878,-35.54640519773534,0 148.8253861032364,-35.54647283215257,0 148.825459385761,-35.54654011327875,0 148.825533158472,-35.54660703873648,0 148.8256074187626,-35.54667360616092,0 148.825682164009,-35.54673981319989,0 148.8257573915697,-35.54680565751396,0 148.8258330987869,-35.54687113677649,0 148.8259092829852,-35.54693624867375,0 148.8259859414727,-35.54700099090501,0 148.8260630715407,-35.54706536118258,0 148.8261406704636,-35.5471293572319,0 148.8262187354997,-35.54719297679168,0 148.8262972638903,-35.54725621761389,0 148.8263762528608,-35.54731907746389,0 148.8264556996199,-35.54738155412053,0 148.8265356013604,-35.54744364537616,0 148.826615955259,-35.54750534903679,0 148.8266967584764,-35.54756666292209,0 148.8267780081572,-35.54762758486551,0 148.8268597014307,-35.54768811271438,0 148.82694183541,-35.5477482443299,0 148.827024407193,-35.54780797758733,0 148.827107413862,-35.54786731037597,0 148.8271908524838,-35.54792624059927,0 148.8272747201103,-35.54798476617493,0 148.8273590137779,-35.54804288503493,0 148.827443730508,-35.54810059512562,0 148.8275288673072,-35.54815789440779,0 148.8276144211671,-35.54821478085676,0 148.8277003890647,-35.54827125246244,0 148.8277867679623,-35.54832730722938,0 148.8278735548076,-35.54838294317688,0 148.827960746534,-35.54843815833901,0 148.8280483400606,-35.54849295076475,0 148.8281363322922,-35.54854731851798,0 148.8282247201196,-35.5486012596776,0 148.8283135004196,-35.54865477233758,0 148.8284026700551,-35.54870785460706,0 148.8284922258753,-35.54876050461034,0 148.8285821647156,-35.54881272048702,0 148.8286724833982,-35.54886450039204,0 148.8287631787315,-35.54891584249575,0 148.8288542475108,-35.54896674498396,0 148.8289456865182,-35.549017206058,0 148.8290374925226,-35.54906722393484,0 148.8291296622801,-35.54911679684707,0 148.8292221925337,-35.54916592304303,0 148.829315080014,-35.5492146007868,0 148.8294083214387,-35.54926282835838,0 148.8295019135132,-35.54931060405361,0 148.8295958529302,-35.54935792618433,0 148.8296901363704,-35.54940479307839,0 148.8297847605024,-35.54945120307976,0 148.8298797219825,-35.54949715454849,0 148.8299750174552,-35.54954264586091,0 148.8300706435533,-35.54958767540955,0 148.8301665968977,-35.5496322416033,0 148.830262874098,-35.54967634286738,0 148.8303594717522,-35.54971997764346,0 148.8304563864468,-35.54976314438971,0 148.8305536147575,-35.54980584158081,0 148.8306511532487,-35.54984806770804,0 148.8307489984738,-35.54988982127934,0 148.8308471469754,-35.54993110081931,0 148.8309455952854,-35.54997190486936,0 148.8310443399251,-35.55001223198764,0 148.8311433774054,-35.55005208074921,0 148.8312427042267,-35.55009144974598,0 148.8313423168793,-35.55013033758684,0 148.8314422118433,-35.55016874289767,0 148.831542385589,-35.55020666432142,0 148.8316428345766,-35.55024410051813,0 148.8317435552568,-35.55028105016496,0 148.8318445440705,-35.55031751195631,0 148.8319457974494,-35.55035348460378,0 148.8320473118156,-35.55038896683626,0 148.832149083582,-35.55042395739999,0 148.8322511091525,-35.55045845505855,0 148.8323533849221,-35.55049245859298,0 148.8324559072767,-35.55052596680174,0 148.8325586725938,-35.5505589785008,0 148.832661677242,-35.55059149252371,0 148.8327649175818,-35.55062350772155,0 148.832868389965,-35.55065502296307,0 148.8329720907354,-35.55068603713466,0 148.8330760162287,-35.55071654914044,0 148.8331801627728,-35.55074655790225,0 148.8332845266875,-35.55077606235972,0 148.8333891042852,-35.55080506147031,0 148.8334938918705,-35.55083355420932,0 148.8335988857407,-35.55086153956995,0 148.8337040821859,-35.55088901656335,0 148.8338094774889,-35.55091598421859,0 148.8339150679256,-35.55094244158277,0 148.8340208497648,-35.550968387721,0 148.8341268192688,-35.55099382171649,0 148.8342329726931,-35.5510187426705,0 148.8343393062867,-35.55104314970244,0 148.8344458162923,-35.55106704194991,0 148.8345524989464,-35.55109041856865,0 148.8346593504792,-35.55111327873263,0 148.8347663671152,-35.5511356216341,0 148.8348735450728,-35.55115744648356,0 148.834980880565,-35.55117875250982,0 148.8350883697989,-35.55119953896003,0 148.8351960089766,-35.55121980509969,0 148.8353037942943,-35.55123955021269,0 148.8354117219437,-35.55125877360134,0 148.8355197881109,-35.55127747458638,0 148.8356279889774,-35.55129565250699,0 148.8357363207201,-35.55131330672084,0 148.8358447795108,-35.55133043660415,0 148.8359533615173,-35.55134704155159,0 148.8360620629026,-35.55136312097645,0 148.8361708798258,-35.55137867431054,0 148.8362798084419,-35.55139370100429,0 148.8363888449018,-35.55140820052672,0 148.8364979853527,-35.5514221723655,0 148.8366072259381,-35.55143561602691,0 148.8367165627979,-35.55144853103593,0 148.8368259920687,-35.55146091693621,0 148.8369355098837,-35.55147277329007,0 148.8370451123732,-35.55148409967856,0 148.8371547956643,-35.55149489570149,0 148.8372645558813,-35.55150516097735,0 148.8373743891458,-35.55151489514343,0 148.8374842915768,-35.55152409785576,0 148.8375942592909,-35.55153276878917,0 148.8377042884023,-35.55154090763727,0 148.8378143750232,-35.55154851411246,0 148.8379245152635,-35.55155558794598,0 148.8380347052315,-35.55156212888785,0 148.8381449410335,-35.55156813670696,0 148.8382552187744,-35.55157361119103,0 148.8383655345575,-35.5515785521466,0 148.8384758844846,-35.5515829593991,0 148.8385862646567,-35.55158683279277,0 148.8386966711732,-35.55159017219076,0 148.8388071001331,-35.55159297747508,0 148.8389175476343,-35.5515952485466,0 148.839028009774,-35.55159698532505,0 148.8391384826491,-35.55159818774908,0 148.839248962356,-35.55159885577621,0 148.8393594449909,-35.55159898938281,0 148.8394699266497,-35.55159858856418,0 148.8395804034287,-35.55159765333447,0 148.839690871424,-35.55159618372673,0 148.8398013267324,-35.55159417979289,0 148.8399117654507,-35.55159164160377,0 148.8400221836766,-35.55158856924905,0 148.8401325775085,-35.55158496283727,0 148.8402429430456,-35.55158082249591,0 148.840353276388,-35.55157614837123,0 148.8404635736372,-35.55157094062842,0 148.8405738308956,-35.55156519945147,0 148.8406840442674,-35.55155892504325,0 148.8407942098582,-35.55155211762549,0 148.8409043237752,-35.55154477743872,0 148.8410143821274,-35.55153690474231,0 148.841124381026,-35.55152849981442,0 148.8412343165841,-35.55151956295208,0 148.8413441849172,-35.55151009447105,0 148.8414539821429,-35.55150009470591,0 148.8415637043816,-35.55148956401,0 148.8416733477561,-35.55147850275543,0 148.8417829083924,-35.55146691133306,0 148.8418923824188,-35.55145479015246,0 148.8420017659672,-35.55144213964194,0 148.8421110551726,-35.5514289602485,0 148.842220246173,-35.55141525243786,0 148.8423293351102,-35.55140101669438,0 148.8424383181296,-35.55138625352109,0 148.8425471913802,-35.55137096343962,0 148.8426559510148,-35.55135514699029,0 148.8427645931905,-35.55133880473196,0 148.8428731140685,-35.55132193724208,0 148.8429815098139,-35.55130454511668,0 148.8430897765967,-35.55128662897031,0 148.8431979105912,-35.55126818943605,0 148.8433059079765,-35.55124922716545,0 148.8434137649365,-35.55122974282856,0 148.8435214776599,-35.55120973711387,0 148.8436290423408,-35.55118921072827,0 148.8437364551783,-35.55116816439708,0 148.843843712377,-35.55114659886396,0 148.8439508101469,-35.55112451489095,0 148.8440577447035,-35.55110191325839,0 148.8441645122686,-35.55107879476493,0 148.8442711090692,-35.55105516022743,0 148.8443775313389,-35.55103101048106,0 148.8444837753171,-35.55100634637914,0 148.8445898372497,-35.55098116879319,0 148.844695713389,-35.55095547861285,0 148.8448013999937,-35.55092927674591,0 148.8449068933295,-35.55090256411822,0 148.8450121896688,-35.55087534167367,0 148.8451172852907,-35.55084761037416,0 148.8452221764817,-35.55081937119961,0 148.8453268595356,-35.55079062514784,0 148.8454313307532,-35.5507613732346,0 148.845535586443,-35.55073161649353,0 148.8456396229213,-35.55070135597608,0 148.8457434365117,-35.55067059275152,0 148.845847023546,-35.55063932790686,0 148.845950380364,-35.55060756254688,0 148.8460535033135,-35.55057529779399,0 148.8461563887506,-35.5505425347883,0 148.8462590330398,-35.55050927468748,0 148.8463614325542,-35.55047551866679,0 148.8464635836755,-35.55044126791901,0 148.846565482794,-35.5504065236544,0 148.8466671263093,-35.55037128710065,0 148.8467685106296,-35.55033555950288,0 148.8468696321726,-35.5502993421235,0 148.846970487365,-35.55026263624228,0 148.8470710726432,-35.55022544315624,0 148.8471713844529,-35.55018776417958,0 148.8472714192496,-35.55014960064373,0 148.8473711734985,-35.55011095389717,0 148.8474706436747,-35.55007182530554,0 148.8475698262636,-35.55003221625142,0 148.8476687177604,-35.54999212813443,0 148.8477673146708,-35.54995156237108,0 148.8478656135108,-35.5499105203948,0 148.8479636108069,-35.54986900365578,0 148.8480613030966,-35.54982701362105,0 148.8481586869277,-35.54978455177434,0 148.8482557588591,-35.54974161961604,0 148.8483525154609,-35.54969821866317,0 148.8484489533141,-35.54965435044933,0 148.848545069011,-35.5496100165246,0 148.8486408591553,-35.54956521845553,0 148.8487363203623,-35.54951995782509,0 148.848831449259,-35.54947423623256,0 148.8489262424837,-35.54942805529353,0 148.8490206966869,-35.54938141663983,0 148.8491148085313,-35.54933432191942,0 148.8492085746912,-35.54928677279642,0 148.8493019918533,-35.549238770951,0 148.8493950567169,-35.54919031807931,0 148.8494877659934,-35.54914141589345,0 148.8495801164069,-35.54909206612138,0 148.8496721046941,-35.54904227050691,0 148.8497637276047,-35.54899203080956,0 148.8498549819011,-35.54894134880458,0 148.8499458643588,-35.54889022628281,0 148.8500363717665,-35.5488386650507,0 148.8501265009261,-35.54878666693018,0 148.8502162486527,-35.5487342337586,0 148.8503056117753,-35.54868136738872,0 148.8503945871361,-35.54862806968858,0 148.850483171591,-35.54857434254146,0 148.8505713620101,-35.54852018784585,0 148.8506591552769,-35.54846560751529,0 148.8507465482895,-35.5484106034784,0 148.8508335379595,-35.54835517767878,0 148.8509201212134,-35.5482993320749,0 148.8510062949916,-35.54824306864008,0 148.8510920562492,-35.5481863893624,0 148.8511774019557,-35.54812929624465,0 148.8512623290955,-35.54807179130422,0 148.8513468346676,-35.54801387657308,0 148.8514309156859,-35.54795555409765,0 148.8515145691796,-35.54789682593876,0 148.8515977921926,-35.54783769417162,0 148.8516805817843,-35.54777816088563,0 148.8517629350292,-35.54771822818443,0 148.8518448490174,-35.54765789818576,0 148.8519263208544,-35.5475971730214,0 148.8520073476614,-35.54753605483709,0 148.8520879265752,-35.54747454579245,0 148.8521680547487,-35.54741264806091,0 148.8522477293505,-35.54735036382967,0 148.8523269475652,-35.54728769529955,0 148.8524057065936,-35.54722464468496,0 148.8524840036528,-35.54716121421379,0 148.852561835976,-35.54709740612741,0 148.8526392008133,-35.54703322268048,0 148.8527160954306,-35.54696866614093,0 148.8527925171111,-35.54690373878988,0 148.8528684631542,-35.54683844292158,0 148.8529439308766,-35.54677278084326,0 148.8530189176113,-35.5467067548751,0 148.8530934207089,-35.54664036735016,0 148.8531674375366,-35.54657362061427,0 148.8532409654791,-35.54650651702593,0 148.8533140019383,-35.54643905895626,0 148.8533865443334,-35.54637124878893,0 148.8534585901011,-35.54630308892001,0 148.8535301366956,-35.54623458175795,0 148.8536011815889,-35.54616572972348,0 148.8536717222705,-35.54609653524949,0 148.8537417562478,-35.546027000781,0 148.8538112810462,-35.54595712877503,0 148.853880294209,-35.54588692170052,0 148.8539487932976,-35.54581638203827,0 148.8540167758916,-35.54574551228079,0 148.8540842395888,-35.54567431493231,0 148.8541511820053,-35.54560279250858,0 148.8542176007757,-35.5455309475369,0 148.8542834935531,-35.5454587825559,0 148.8543488580092,-35.54538630011557,0 148.8544136918341,-35.5453135027771,0 148.8544779927372,-35.54524039311278,0 148.8545417584463,-35.54516697370598,0 148.8546049867081,-35.54509324715099,0 148.8546676752885,-35.54501921605295,0 148.8547298219724,-35.54494488302778,0 148.8547914245638,-35.54487025070206,0 148.8548524808859,-35.54479532171293,0 148.8549129887814,-35.54472009870804,0 148.8549729461122,-35.54464458434541,0 148.8550323507596,-35.54456878129336,0 148.8550912006245,-35.54449269223041,0 148.8551494936276,-35.5444163198452,0 148.8552072277089,-35.54433966683635,0 148.8552644008285,-35.54426273591243,0 148.8553210109661,-35.54418552979181,0 148.8553770561214,-35.54410805120259,0 148.855432534314,-35.5440303028825,0 148.8554874435836,-35.5439522875788,0 148.8555417819899,-35.54387400804817,0 148.8555955476129,-35.54379546705665,0 148.8556487385527,-35.54371666737951,0 148.8557013529299,-35.54363761180115,0 148.8557533888852,-35.54355830311501,0 148.8558048445801,-35.54347874412351,0 148.8558557181962,-35.54339893763788,0 148.855906007936,-35.54331888647809,0 148.8559557120225,-35.54323859347279,0 148.8560048286993,-35.54315806145915,0 148.8560533562309,-35.54307729328278,0 148.8561012929025,-35.54299629179765,0 148.8561486370203,-35.54291505986598,0 148.8561953869115,-35.54283360035811,0 148.856241540924,-35.54275191615244,0 148.856287097427,-35.5426700101353,0 148.8563320548107,-35.54258788520087,0 148.8563764114867,-35.54250554425105,0 148.8564201658874,-35.54242299019539,0 148.8564633164669,-35.54234022595094,0 148.8565058617003,-35.54225725444222,0 148.8565478000845,-35.54217407860104,0 148.8565891301373,-35.54209070136645,0 148.8566298503985,-35.54200712568458,0 148.8566699594292,-35.54192335450864,0 148.8567094558122,-35.54183939079868,0 148.8567483381516,-35.54175523752158,0 148.8567866050739,-35.54167089765093,0 148.8568242552265,-35.54158637416691,0 148.8568612872794,-35.54150167005616,0 148.8568976999238,-35.54141678831175,0 148.8569334918732,-35.54133173193297,0 148.8569686618628,-35.54124650392533,0 148.8570032086499,-35.54116110730038,0 148.8570371310137,-35.54107554507562,0 148.8570704277556,-35.54098982027444,0 148.8571030976991,-35.54090393592593,0 148.8571351396898,-35.54081789506485,0 148.8571665525954,-35.54073170073147,0 148.857197335306,-35.54064535597149,0 148.8572274867337,-35.54055886383594,0 148.8572570058134,-35.54047222738102,0 148.8572858915018,-35.54038544966807,0 148.8573141427783,-35.54029853376339,0 148.8573417586446,-35.54021148273819,0 148.8573687381249,-35.54012429966843,0 148.8573950802659,-35.54003698763478,0 148.8574207841368,-35.53994954972239,0 148.8574458488292,-35.53986198902093,0 148.8574702734577,-35.53977430862438,0 148.857494057159,-35.53968651163094,0 148.8575171990928,-35.53959860114295,0 148.8575396984414,-35.53951058026674,0 148.8575615544097,-35.53942245211258,0 148.8575827662256,-35.53933421979447,0 148.8576033331393,-35.53924588643013,0 148.8576232544242,-35.53915745514086,0 148.8576425293764,-35.53906892905139,0 148.8576611573148,-35.53898031128982,0 148.8576791375812,-35.53889160498748,0 148.8576964695402,-35.53880281327883,0 148.8577131525794,-35.53871393930135,0 148.8577291861093,-35.53862498619544,0 148.8577445695633,-35.53853595710427,0 148.8577593023979,-35.53844685517369,0 148.8577733840925,-35.53835768355217,0 148.8577868141494,-35.53826844539061,0 148.8577995920943,-35.53817914384226,0 148.8578117174754,-35.5380897820626,0 148.8578231898645,-35.53800036320927,0 148.857834008856,-35.53791089044191,0 148.8578441740678,-35.53782136692207,0 148.8578536851406,-35.53773179581307,0 148.8578625417383,-35.53764218027994,0 148.857870743548,-35.53755252348926,0 148.8578782902798,-35.53746282860909,0 148.8578851816672,-35.53737309880884,0 148.8578914174666,-35.5372833372591,0 148.8578969974577,-35.53719354713164,0 148.8579019214432,-35.53710373159921,0 148.8579061892493,-35.53701389383546,0 148.857909800725,-35.53692403701486,0 148.8579127557428,-35.53683416431252,0 148.8579150541983,-35.53674427890408,0 148.8579166960102,-35.5366543839657,0 148.8579176811206,-35.53656448267385,0 
						</coordinates>
					</LinearRing>
				</outerBoundaryIs>
			</Polygon>
		</Placemark>
		<Placemark id="325">
			<name>Bendora Dam NFZ_0</name>
			<styleUrl>#328</styleUrl>
			<Polygon id="324">
				<outerBoundaryIs>
					<LinearRing id="326">
						<coordinates>
							148.8338636575087,-35.45351895554983,0 148.8326421352783,-35.4537723422834,0 148.8313981446619,-35.45393802925286,0 148.8301411571561,-35.45401475493602,0 148.8288807433428,-35.45400193514944,0 148.8276264999263,-35.4538996675021,0 148.8263879765681,-35.45370873065128,0 148.8251746030836,-35.45343057836614,0 148.8239956175572,-35.45306732844477,0 148.8228599959251,-35.45262174656929,0 148.8217763835682,-35.45209722522293,0 148.8207530294359,-35.45149775783064,0 148.8197977232056,-35.45082790832107,0 148.8189177359578,-35.45009277634295,0 148.8181197648205,-35.44929795840248,0 148.8174098820026,-35.44844950521856,0 148.8167934886072,-35.4475538756222,0 148.8162752735709,-35.44661788735273,0 148.8158591780465,-35.44564866512633,0 148.8155483654922,-35.44465358637376,0 148.815345197695,-35.44364022506134,0 148.8152512169092,-35.44261629402367,0 148.8152671342387,-35.44158958624795,0 148.8153928243518,-35.4405679155568,0 148.8156273265618,-35.43955905714183,0 148.8159688522639,-35.43857068840003,0 148.8164147986653,-35.43761033052314,0 148.8169617687035,-35.43668529128394,0 148.8176055969944,-35.43580260945406,0 148.8183413816133,-35.43496900127531,0 148.8191635214621,-35.43419080939051,0 148.8200657589375,-35.43347395462137,0 148.8210412275739,-35.43282389095877,0 148.8220825042978,-35.43224556410637,0 148.8231816658974,-35.43174337389171,0 148.824330349275,-35.43132114082905,0 148.8255198150308,-35.43098207708721,0 148.8267410138885,-35.43072876208188,0 148.8279846554681,-35.430563122877,0 148.8292412788784,-35.43048641954342,0 148.8305013246002,-35.43049923558552,0 148.8317552071137,-35.43060147350809,0 148.832993387723,-35.43079235555703,0 148.834206447027,-35.4310704296283,0 148.8353851564878,-35.43143358030029,0 148.8365205485569,-35.43187904490654,0 148.8376039848288,-35.43240343452697,0 148.8386272217044,-35.43300275973905,0 148.839582473069,-35.43367246093426,0 148.8404624695091,-35.43440744297026,0 148.8412605136175,-35.4352021138968,0 148.8419705309679,-35.43605042746192,0 148.8425871163699,-35.43694592907683,0 148.8431055750525,-35.43788180489089,0 148.8435219584599,-35.43885093360479,0 148.843833094387,-35.43984594062911,0 148.8440366112208,-35.44085925417697,0 148.8441309561021,-35.44188316286505,0 148.8441154068639,-35.44290987438525,0 148.843990077654,-35.44393157480116,0 148.8437559181928,-35.444940488018,0 148.8434147066711,-35.44592893497368,0 148.8429690363354,-35.44688939209994,0 148.8424222958602,-35.44781454860836,0 148.8417786436543,-35.44869736216415,0 148.8410429762922,-35.44953111252308,0 148.8402208913091,-35.45030945272227,0 148.8393186446414,-35.45102645743353,0 148.8383431030341,-35.45167666811007,0 148.8373016917775,-35.45225513458129,0 148.8362023381715,-35.4527574527774,0 148.8350534111474,-35.45317979829548,0 148.8338636575087,-35.45351895554983,0 
						</coordinates>
					</LinearRing>
				</outerBoundaryIs>
			</Polygon>
		</Placemark>
		<Placemark id="332">
			<name>Bendora Dam NFZ</name>
			<styleUrl>#335</styleUrl>
			<Polygon id="331">
				<extrude>1</extrude>
				<altitudeMode>absolute</altitudeMode>
				<outerBoundaryIs>
					<LinearRing id="333">
						<coordinates>
							148.8338636575087,-35.45351895554983,1798.32 148.8326421352783,-35.4537723422834,1798.32 148.8313981446619,-35.45393802925286,1798.32 148.8301411571561,-35.45401475493602,1798.32 148.8288807433428,-35.45400193514944,1798.32 148.8276264999263,-35.4538996675021,1798.32 148.8263879765681,-35.45370873065128,1798.32 148.8251746030836,-35.45343057836614,1798.32 148.8239956175572,-35.45306732844477,1798.32 148.8228599959251,-35.45262174656929,1798.32 148.8217763835682,-35.45209722522293,1798.32 148.8207530294359,-35.45149775783064,1798.32 148.8197977232056,-35.45082790832107,1798.32 148.8189177359578,-35.45009277634295,1798.32 148.8181197648205,-35.44929795840248,1798.32 148.8174098820026,-35.44844950521856,1798.32 148.8167934886072,-35.4475538756222,1798.32 148.8162752735709,-35.44661788735273,1798.32 148.8158591780465,-35.44564866512633,1798.32 148.8155483654922,-35.44465358637376,1798.32 148.815345197695,-35.44364022506134,1798.32 148.8152512169092,-35.44261629402367,1798.32 148.8152671342387,-35.44158958624795,1798.32 148.8153928243518,-35.4405679155568,1798.32 148.8156273265618,-35.43955905714183,1798.32 148.8159688522639,-35.43857068840003,1798.32 148.8164147986653,-35.43761033052314,1798.32 148.8169617687035,-35.43668529128394,1798.32 148.8176055969944,-35.43580260945406,1798.32 148.8183413816133,-35.43496900127531,1798.32 148.8191635214621,-35.43419080939051,1798.32 148.8200657589375,-35.43347395462137,1798.32 148.8210412275739,-35.43282389095877,1798.32 148.8220825042978,-35.43224556410637,1798.32 148.8231816658974,-35.43174337389171,1798.32 148.824330349275,-35.43132114082905,1798.32 148.8255198150308,-35.43098207708721,1798.32 148.8267410138885,-35.43072876208188,1798.32 148.8279846554681,-35.430563122877,1798.32 148.8292412788784,-35.43048641954342,1798.32 148.8305013246002,-35.43049923558552,1798.32 148.8317552071137,-35.43060147350809,1798.32 148.832993387723,-35.43079235555703,1798.32 148.834206447027,-35.4310704296283,1798.32 148.8353851564878,-35.43143358030029,1798.32 148.8365205485569,-35.43187904490654,1798.32 148.8376039848288,-35.43240343452697,1798.32 148.8386272217044,-35.43300275973905,1798.32 148.839582473069,-35.43367246093426,1798.32 148.8404624695091,-35.43440744297026,1798.32 148.8412605136175,-35.4352021138968,1798.32 148.8419705309679,-35.43605042746192,1798.32 148.8425871163699,-35.43694592907683,1798.32 148.8431055750525,-35.43788180489089,1798.32 148.8435219584599,-35.43885093360479,1798.32 148.843833094387,-35.43984594062911,1798.32 148.8440366112208,-35.44085925417697,1798.32 148.8441309561021,-35.44188316286505,1798.32 148.8441154068639,-35.44290987438525,1798.32 148.843990077654,-35.44393157480116,1798.32 148.8437559181928,-35.444940488018,1798.32 148.8434147066711,-35.44592893497368,1798.32 148.8429690363354,-35.44688939209994,1798.32 148.8424222958602,-35.44781454860836,1798.32 148.8417786436543,-35.44869736216415,1798.32 148.8410429762922,-35.44953111252308,1798.32 148.8402208913091,-35.45030945272227,1798.32 148.8393186446414,-35.45102645743353,1798.32 148.8383431030341,-35.45167666811007,1798.32 148.8373016917775,-35.45225513458129,1798.32 148.8362023381715,-35.4527574527774,1798.32 148.8350534111474,-35.45317979829548,1798.32 148.8338636575087,-35.45351895554983,1798.32 
						</coordinates>
					</LinearRing>
				</outerBoundaryIs>
			</Polygon>
		</Placemark>
		<Placemark id="339">
			<name>Bendora Dam NFZ_nfz_0</name>
			<styleUrl>#342</styleUrl>
			<Polygon id="338">
				<outerBoundaryIs>
					<LinearRing id="340">
						<coordinates>
							148.830452863675,-35.44240452493393,0 148.8304446066029,-35.44231690437076,0 148.8304200289255,-35.44223133755933,0 148.8303797067228,-35.44214983011317,0 148.8303245851129,-35.44207429249774,0 148.8302559560997,-35.44200649525072,0 148.830175428289,-35.44194802748212,0 148.8300848891846,-35.44190025962689,0 148.8299864609462,-35.44186431132305,0 148.8298824506485,-35.44184102516839,0 148.8297752962044,-35.44183094697063,0 148.8296675092236,-35.4418343129542,0 148.8295616161413,-35.44185104422327,0 148.8294600990018,-35.4418807486111,0 148.8293653372807,-35.441922729872,0 148.8292795521124,-35.44197600400081,0 148.8292047542286,-35.44203932229708,0 148.8291426968283,-35.44211120063363,0 148.8290948344843,-35.44218995424318,0 148.8290622890495,-35.44227373720786,0 148.8290458233612,-35.44236058572597,0 148.8290458233612,-35.44244846414188,0 148.8290622890495,-35.44253531266,0 148.8290948344843,-35.44261909562468,0 148.8291426968283,-35.44269784923421,0 148.8292047542286,-35.44276972757077,0 148.8292795521124,-35.44283304586705,0 148.8293653372807,-35.44288631999585,0 148.8294600990018,-35.44292830125676,0 148.8295616161413,-35.44295800564458,0 148.8296675092236,-35.44297473691365,0 148.8297752962044,-35.44297810289722,0 148.8298824506485,-35.44296802469947,0 148.8299864609462,-35.4429447385448,0 148.8300848891846,-35.44290879024096,0 148.830175428289,-35.44286102238573,0 148.8302559560997,-35.44280255461714,0 148.8303245851129,-35.44273475737012,0 148.8303797067228,-35.44265921975469,0 148.8304200289255,-35.44257771230853,0 148.8304446066029,-35.4424921454971,0 
						</coordinates>
					</LinearRing>
				</outerBoundaryIs>
			</Polygon>
		</Placemark>
		<Placemark id="346">
			<name>Bendora Dam NFZ_grb_0</name>
			<styleUrl>#349</styleUrl>
			<Polygon id="345">
				<outerBoundaryIs>
					<LinearRing id="347">
						<coordinates>
							148.8396744611593,-35.44240452493393,0 148.8396738473842,-35.44231459578959,0 148.8396720061348,-35.44222467776664,0 148.8396689376389,-35.44213478198508,0 148.8396646422759,-35.44204491956216,0 148.8396591205769,-35.44195510161104,0 148.8396523732249,-35.44186533923933,0 148.8396444010543,-35.44177564354779,0 148.839635205051,-35.44168602562894,0 148.8396247863523,-35.44159649656567,0 148.8396131462466,-35.44150706742989,0 148.8396002861734,-35.44141774928115,0 148.8395862077231,-35.44132855316527,0 148.8395709126368,-35.44123949011298,0 148.8395544028059,-35.44115057113856,0 148.8395366802723,-35.44106180723846,0 148.8395177472277,-35.44097320938996,0 148.8394976060133,-35.44088478854982,0 148.8394762591202,-35.44079655565289,0 148.8394537091883,-35.44070852161076,0 148.8394299590061,-35.44062069731047,0 148.8394050115109,-35.4405330936131,0 148.839378869788,-35.44044572135244,0 148.8393515370701,-35.44035859133368,0 148.8393230167375,-35.44027171433204,0 148.8392933123172,-35.44018510109144,0 148.8392624274828,-35.4400987623232,0 148.8392303660537,-35.44001270870469,0 148.839197131995,-35.439926950878,0 148.8391627294164,-35.43984149944866,0 148.8391271625728,-35.43975636498432,0 148.8390904358624,-35.43967155801339,0 148.8390525538272,-35.43958708902382,0 148.8390135211521,-35.43950296846173,0 148.8389733426641,-35.43941920673019,0 148.8389320233321,-35.43933581418784,0 148.8388895682659,-35.43925280114772,0 148.8388459827159,-35.43917017787589,0 148.8388012720722,-35.43908795459024,0 148.8387554418641,-35.43900614145919,0 148.8387084977594,-35.43892474860041,0 148.8386604455635,-35.43884378607964,0 148.8386112912191,-35.43876326390937,0 148.8385610408048,-35.43868319204762,0 148.8385097005352,-35.43860358039676,0 148.8384572767594,-35.43852443880223,0 148.8384037759605,-35.43844577705131,0 148.8383492047549,-35.43836760487199,0 148.8382935698912,-35.43828993193168,0 148.8382368782499,-35.43821276783608,0 148.8381791368418,-35.43813612212791,0 148.8381203528077,-35.43806000428582,0 148.8380605334175,-35.43798442372319,0 148.8379996860686,-35.43790938978693,0 148.8379378182862,-35.43783491175636,0 148.8378749377212,-35.43776099884204,0 148.8378110521501,-35.43768766018468,0 148.8377461694734,-35.43761490485392,0 148.837680297715,-35.4375427418473,0 148.8376134450213,-35.4374711800891,0 148.8375456196597,-35.43740022842923,0 148.8374768300181,-35.43732989564216,0 148.8374070846036,-35.43726019042584,0 148.8373363920415,-35.43719112140058,0 148.8372647610743,-35.43712269710804,0 148.8371922005604,-35.43705492601012,0 148.8371187194732,-35.43698781648798,0 148.8370443269001,-35.43692137684091,0 148.836969032041,-35.43685561528541,0 148.8368928442075,-35.4367905399541,0 148.8368157728216,-35.43672615889472,0 148.8367378274146,-35.43666248006917,0 148.836659017626,-35.43659951135251,0 148.8365793532019,-35.43653726053197,0 148.8364988439943,-35.436475735306,0 148.8364174999598,-35.43641494328332,0 148.8363353311578,-35.43635489198198,0 148.8362523477502,-35.43629558882842,0 148.8361685599994,-35.43623704115656,0 148.8360839782671,-35.43617925620688,0 148.8359986130136,-35.43612224112557,0 148.8359124747957,-35.43606600296356,0 148.8358255742662,-35.43601054867574,0 148.8357379221716,-35.43595588512005,0 148.835649529352,-35.43590201905664,0 148.8355604067386,-35.43584895714703,0 148.8354705653531,-35.4357967059533,0 148.8353800163061,-35.43574527193726,0 148.8352887707955,-35.43569466145966,0 148.8351968401056,-35.43564488077943,0 148.8351042356053,-35.43559593605285,0 148.8350109687467,-35.43554783333283,0 148.8349170510641,-35.43550057856815,0 148.8348224941722,-35.43545417760274,0 148.8347273097645,-35.43540863617492,0 148.8346315096124,-35.43536395991671,0 148.8345351055633,-35.43532015435316,0 148.8344381095393,-35.43527722490162,0 148.8343405335359,-35.43523517687112,0 148.83424238962,-35.43519401546164,0 148.8341436899289,-35.43515374576356,0 148.8340444466687,-35.43511437275696,0 148.8339446721126,-35.43507590131104,0 148.8338443785995,-35.43503833618349,0 148.8337435785326,-35.43500168201992,0 148.8336422843776,-35.4349659433533,0 148.8335405086614,-35.43493112460336,0 148.8334382639705,-35.43489723007609,0 148.8333355629493,-35.43486426396315,0 148.8332324182986,-35.43483223034141,0 148.8331288427742,-35.43480113317242,0 148.8330248491851,-35.43477097630191,0 148.8329204503919,-35.43474176345932,0 148.8328156593055,-35.43471349825736,0 148.8327104888852,-35.43468618419154,0 148.8326049521373,-35.43465982463974,0 148.8324990621134,-35.43463442286181,0 148.8323928319086,-35.43460998199913,0 148.8322862746603,-35.43458650507426,0 148.8321794035462,-35.43456399499058,0 148.8320722317829,-35.43454245453184,0 148.8319647726242,-35.43452188636193,0 148.8318570393593,-35.43450229302447,0 148.8317490453114,-35.43448367694253,0 148.831640803836,-35.43446604041835,0 148.831532328319,-35.43444938563299,0 148.8314236321756,-35.43443371464613,0 148.8313147288479,-35.43441902939578,0 148.8312056318039,-35.43440533169802,0 148.8310963545353,-35.43439262324682,0 148.8309869105564,-35.43438090561384,0 148.8308773134018,-35.43437018024816,0 148.8307675766253,-35.43436044847616,0 148.8306577137978,-35.43435171150137,0 148.8305477385059,-35.43434397040427,0 148.83043766435,-35.43433722614218,0 148.8303275049428,-35.43433147954917,0 148.8302172739075,-35.43432673133589,0 148.8301069848763,-35.43432298208956,0 148.8299966514883,-35.43432023227384,0 148.8298862873883,-35.43431848222878,0 148.8297759062249,-35.43431773217083,0 148.8296655216488,-35.43431798219272,0 148.8295551473109,-35.43431923226355,0 148.829444796861,-35.43432148222873,0 148.8293344839461,-35.43432473180999,0 148.8292242222084,-35.43432898060547,0 148.8291140252836,-35.43433422808974,0 148.8290039067998,-35.43434047361384,0 148.828893880375,-35.43434771640539,0 148.8287839596161,-35.43435595556871,0 148.8286741581167,-35.43436519008485,0 148.8285644894558,-35.43437541881181,0 148.828454967196,-35.43438664048461,0 148.8283456048817,-35.4343988537155,0 148.8282364160374,-35.43441205699408,0 148.8281274141666,-35.43442624868752,0 148.8280186127491,-35.43444142704077,0 148.8279100252403,-35.43445759017674,0 148.827801665069,-35.43447473609656,0 148.827693545636,-35.43449286267983,0 148.8275856803121,-35.43451196768486,0 148.827478082437,-35.43453204874898,0 148.827370765317,-35.43455310338878,0 148.8272637422239,-35.43457512900048,0 148.827157026393,-35.43459812286022,0 148.8270506310217,-35.43462208212436,0 148.8269445692678,-35.43464700382992,0 148.8268388542477,-35.43467288489487,0 148.8267334990349,-35.43469972211855,0 148.8266285166587,-35.43472751218204,0 148.826523920102,-35.43475625164859,0 148.8264197223001,-35.43478593696403,0 148.8263159361389,-35.43481656445724,0 148.8262125744535,-35.43484813034058,0 148.8261096500265,-35.43488063071032,0 148.8260071755863,-35.43491406154723,0 148.8259051638058,-35.43494841871695,0 148.8258036273006,-35.4349836979706,0 148.8257025786276,-35.43501989494525,0 148.8256020302833,-35.43505700516448,0 148.8255019947023,-35.43509502403894,0 148.8254024842558,-35.43513394686689,0 148.8253035112501,-35.43517376883483,0 148.8252050879251,-35.43521448501802,0 148.8251072264527,-35.43525609038118,0 148.825009938935,-35.43529857977902,0 148.8249132374037,-35.43534194795699,0 148.8248171338174,-35.43538618955178,0 148.8247216400613,-35.43543129909212,0 148.8246267679449,-35.43547727099941,0 148.8245325292008,-35.43552409958836,0 148.8244389354834,-35.43557177906777,0 148.8243459983673,-35.43562030354119,0 148.8242537293458,-35.43566966700769,0 148.8241621398297,-35.43571986336258,0 148.8240712411458,-35.43577088639814,0 148.8239810445352,-35.43582272980446,0 148.8238915611524,-35.43587538717014,0 148.8238028020638,-35.43592885198315,0 148.823714778246,-35.43598311763157,0 148.8236275005848,-35.43603817740448,0 148.8235409798735,-35.4360940244927,0 148.8234552268122,-35.43615065198975,0 148.8233702520057,-35.43620805289259,0 148.8232860659628,-35.43626622010255,0 148.8232026790945,-35.43632514642618,0 148.8231201017132,-35.43638482457618,0 148.8230383440311,-35.43644524717224,0 148.822957416159,-35.43650640674201,0 148.8228773281051,-35.43656829572198,0 148.8227980897738,-35.43663090645845,0 148.8227197109644,-35.43669423120848,0 148.8226422013698,-35.43675826214077,0 148.8225655705755,-35.43682299133675,0 148.8224898280583,-35.43688841079145,0 148.8224149831852,-35.43695451241457,0 148.8223410452121,-35.43702128803144,0 148.8222680232827,-35.43708872938402,0 148.8221959264276,-35.43715682813197,0 148.8221247635628,-35.43722557585362,0 148.8220545434891,-35.43729496404706,0 148.8219852748902,-35.43736498413116,0 148.8219169663327,-35.43743562744669,0 148.821849626264,-35.43750688525727,0 148.8217832630121,-35.4375787487506,0 148.8217178847839,-35.43765120903943,0 148.8216534996646,-35.43772425716271,0 148.8215901156167,-35.43779788408673,0 148.8215277404788,-35.43787208070615,0 148.8214663819647,-35.43794683784521,0 148.8214060476624,-35.43802214625882,0 148.8213467450335,-35.43809799663372,0 148.8212884814118,-35.43817437958963,0 148.8212312640025,-35.43825128568039,0 148.8211750998818,-35.43832870539515,0 148.8211199959954,-35.43840662915956,0 148.8210659591578,-35.43848504733691,0 148.8210129960517,-35.43856395022937,0 148.8209611132269,-35.43864332807915,0 148.8209103170997,-35.43872317106971,0 148.820860613952,-35.43880346932703,0 148.8208120099305,-35.43888421292073,0 148.820764511046,-35.43896539186543,0 148.8207181231725,-35.43904699612184,0 148.8206728520468,-35.4391290155981,0 148.8206287032675,-35.43921144015101,0 148.8205856822943,-35.43929425958725,0 148.8205437944477,-35.43937746366471,0 148.8205030449077,-35.43946104209367,0 148.8204634387139,-35.43954498453812,0 148.8204249807643,-35.43962928061705,0 148.8203876758148,-35.43971391990572,0 148.820351528479,-35.4397988919369,0 148.8203165432271,-35.43988418620228,0 148.8202827243856,-35.43996979215365,0 148.820250076137,-35.44005569920425,0 148.8202186025187,-35.44014189673013,0 148.8201883074231,-35.44022837407137,0 148.8201591945966,-35.44031512053348,0 148.8201312676397,-35.44040212538866,0 148.8201045300059,-35.44048937787718,0 148.8200789850019,-35.44057686720866,0 148.8200546357869,-35.44066458256344,0 148.8200314853719,-35.44075251309394,0 148.82000953662,-35.44084064792591,0 148.8199887922457,-35.44092897615989,0 148.8199692548142,-35.44101748687246,0 148.8199509267417,-35.44110616911767,0 148.8199338102949,-35.44119501192832,0 148.8199179075905,-35.44128400431738,0 148.8199032205951,-35.44137313527931,0 148.8198897511252,-35.44146239379144,0 148.8198775008463,-35.44155176881532,0 148.8198664712736,-35.44164124929809,0 148.819856663771,-35.44173082417386,0 148.8198480795513,-35.44182048236505,0 148.8198407196763,-35.44191021278378,0 148.819834585056,-35.44200000433326,0 148.8198296764491,-35.44208984590911,0 148.8198259944627,-35.44217972640077,0 148.8198235395521,-35.44226963469289,0 148.8198223120208,-35.44235955966666,0 148.8198223120208,-35.44244949020119,0 148.8198235395521,-35.44253941517496,0 148.8198259944627,-35.44262932346708,0 148.8198296764491,-35.44271920395875,0 148.819834585056,-35.4428090455346,0 148.8198407196763,-35.44289883708407,0 148.8198480795513,-35.44298856750281,0 148.819856663771,-35.44307822569399,0 148.8198664712736,-35.44316780056976,0 148.8198775008463,-35.44325728105253,0 148.8198897511252,-35.44334665607641,0 148.8199032205951,-35.44343591458854,0 148.8199179075905,-35.44352504555047,0 148.8199338102949,-35.44361403793953,0 148.8199509267417,-35.44370288075019,0 148.8199692548142,-35.44379156299539,0 148.8199887922457,-35.44388007370797,0 148.82000953662,-35.44396840194194,0 148.8200314853719,-35.44405653677391,0 148.8200546357869,-35.44414446730441,0 148.8200789850019,-35.4442321826592,0 148.8201045300059,-35.44431967199068,0 148.8201312676397,-35.4444069244792,0 148.8201591945966,-35.44449392933438,0 148.8201883074231,-35.44458067579648,0 148.8202186025187,-35.44466715313772,0 148.820250076137,-35.4447533506636,0 148.8202827243856,-35.44483925771421,0 148.8203165432271,-35.44492486366557,0 148.820351528479,-35.44501015793095,0 148.8203876758148,-35.44509512996213,0 148.8204249807643,-35.4451797692508,0 148.8204634387139,-35.44526406532973,0 148.8205030449077,-35.44534800777419,0 148.8205437944477,-35.44543158620314,0 148.8205856822943,-35.4455147902806,0 148.8206287032675,-35.44559760971685,0 148.8206728520468,-35.44568003426976,0 148.8207181231725,-35.44576205374602,0 148.820764511046,-35.44584365800242,0 148.8208120099305,-35.44592483694711,0 148.820860613952,-35.44600558054083,0 148.8209103170997,-35.44608587879814,0 148.8209611132269,-35.44616572178871,0 148.8210129960517,-35.44624509963848,0 148.8210659591578,-35.44632400253094,0 148.8211199959954,-35.4464024207083,0 148.8211750998818,-35.4464803444727,0 148.8212312640025,-35.44655776418747,0 148.8212884814118,-35.44663467027822,0 148.8213467450335,-35.44671105323413,0 148.8214060476624,-35.44678690360903,0 148.8214663819647,-35.44686221202264,0 148.8215277404788,-35.4469369691617,0 148.8215901156167,-35.44701116578113,0 148.8216534996646,-35.44708479270514,0 148.8217178847839,-35.44715784082842,0 148.8217832630121,-35.44723030111726,0 148.821849626264,-35.44730216461058,0 148.8219169663327,-35.44737342242117,0 148.8219852748902,-35.44744406573669,0 148.8220545434891,-35.4475140858208,0 148.8221247635628,-35.44758347401424,0 148.8221959264276,-35.44765222173589,0 148.8222680232827,-35.44772032048383,0 148.8223410452121,-35.44778776183642,0 148.8224149831852,-35.44785453745328,0 148.8224898280583,-35.44792063907641,0 148.8225655705755,-35.44798605853111,0 148.8226422013698,-35.44805078772708,0 148.8227197109644,-35.44811481865938,0 148.8227980897738,-35.44817814340939,0 148.8228773281051,-35.44824075414587,0 148.822957416159,-35.44830264312585,0 148.8230383440311,-35.44836380269562,0 148.8231201017132,-35.44842422529167,0 148.8232026790945,-35.44848390344168,0 148.8232860659628,-35.44854282976531,0 148.8233702520057,-35.44860099697527,0 148.8234552268122,-35.44865839787811,0 148.8235409798735,-35.44871502537515,0 148.8236275005848,-35.44877087246338,0 148.823714778246,-35.44882593223628,0 148.8238028020638,-35.44888019788471,0 148.8238915611524,-35.44893366269771,0 148.8239810445352,-35.4489863200634,0 148.8240712411458,-35.44903816346971,0 148.8241621398297,-35.44908918650528,0 148.8242537293458,-35.44913938286016,0 148.8243459983673,-35.44918874632666,0 148.8244389354834,-35.44923727080008,0 148.8245325292008,-35.4492849502795,0 148.8246267679449,-35.44933177886845,0 148.8247216400613,-35.44937775077573,0 148.8248171338174,-35.44942286031608,0 148.8249132374037,-35.44946710191087,0 148.825009938935,-35.44951047008883,0 148.8251072264527,-35.44955295948667,0 148.8252050879251,-35.44959456484983,0 148.8253035112501,-35.44963528103303,0 148.8254024842558,-35.44967510300096,0 148.8255019947023,-35.44971402582891,0 148.8256020302833,-35.44975204470337,0 148.8257025786276,-35.44978915492261,0 148.8258036273006,-35.44982535189725,0 148.8259051638058,-35.44986063115091,0 148.8260071755863,-35.44989498832063,0 148.8261096500265,-35.44992841915753,0 148.8262125744535,-35.44996091952728,0 148.8263159361389,-35.44999248541061,0 148.8264197223001,-35.45002311290382,0 148.826523920102,-35.45005279821927,0 148.8266285166587,-35.45008153768582,0 148.8267334990349,-35.4501093277493,0 148.8268388542477,-35.45013616497298,0 148.8269445692678,-35.45016204603793,0 148.8270506310217,-35.45018696774349,0 148.827157026393,-35.45021092700764,0 148.8272637422239,-35.45023392086737,0 148.827370765317,-35.45025594647907,0 148.827478082437,-35.45027700111887,0 148.8275856803121,-35.45029708218298,0 148.827693545636,-35.45031618718802,0 148.827801665069,-35.45033431377129,0 148.8279100252403,-35.45035145969111,0 148.8280186127491,-35.45036762282708,0 148.8281274141666,-35.45038280118033,0 148.8282364160374,-35.45039699287377,0 148.8283456048817,-35.45041019615235,0 148.828454967196,-35.45042240938324,0 148.8285644894558,-35.45043363105604,0 148.8286741581167,-35.450443859783,0 148.8287839596161,-35.45045309429915,0 148.828893880375,-35.45046133346246,0 148.8290039067998,-35.45046857625402,0 148.8291140252836,-35.45047482177812,0 148.8292242222084,-35.45048006926238,0 148.8293344839461,-35.45048431805787,0 148.829444796861,-35.45048756763913,0 148.8295551473109,-35.45048981760431,0 148.8296655216488,-35.45049106767513,0 148.8297759062249,-35.45049131769703,0 148.8298862873883,-35.45049056763907,0 148.8299966514883,-35.45048881759401,0 148.8301069848763,-35.45048606777829,0 148.8302172739075,-35.45048231853196,0 148.8303275049428,-35.45047757031868,0 148.83043766435,-35.45047182372567,0 148.8305477385059,-35.45046507946358,0 148.8306577137978,-35.45045733836648,0 148.8307675766253,-35.45044860139169,0 148.8308773134018,-35.4504388696197,0 148.8309869105564,-35.45042814425402,0 148.8310963545353,-35.45041642662103,0 148.8312056318039,-35.45040371816984,0 148.8313147288479,-35.45039002047208,0 148.8314236321756,-35.45037533522172,0 148.831532328319,-35.45035966423486,0 148.831640803836,-35.4503430094495,0 148.8317490453114,-35.45032537292532,0 148.8318570393593,-35.45030675684339,0 148.8319647726242,-35.45028716350593,0 148.8320722317829,-35.45026659533601,0 148.8321794035462,-35.45024505487728,0 148.8322862746603,-35.45022254479359,0 148.8323928319086,-35.45019906786872,0 148.8324990621134,-35.45017462700605,0 148.8326049521373,-35.45014922522812,0 148.8327104888852,-35.45012286567631,0 148.8328156593055,-35.4500955516105,0 148.8329204503919,-35.45006728640853,0 148.8330248491851,-35.45003807356595,0 148.8331288427742,-35.45000791669543,0 148.8332324182986,-35.44997681952644,0 148.8333355629493,-35.44994478590471,0 148.8334382639705,-35.44991181979177,0 148.8335405086614,-35.4498779252645,0 148.8336422843776,-35.44984310651456,0 148.8337435785326,-35.44980736784793,0 148.8338443785995,-35.44977071368437,0 148.8339446721126,-35.44973314855682,0 148.8340444466687,-35.4496946771109,0 148.8341436899289,-35.4496553041043,0 148.83424238962,-35.44961503440621,0 148.8343405335359,-35.44957387299674,0 148.8344381095393,-35.44953182496624,0 148.8345351055633,-35.4494888955147,0 148.8346315096124,-35.44944508995115,0 148.8347273097645,-35.44940041369293,0 148.8348224941722,-35.44935487226512,0 148.8349170510641,-35.4493084712997,0 148.8350109687467,-35.44926121653503,0 148.8351042356053,-35.44921311381501,0 148.8351968401056,-35.44916416908843,0 148.8352887707955,-35.44911438840819,0 148.8353800163061,-35.4490637779306,0 148.8354705653531,-35.44901234391455,0 148.8355604067386,-35.44896009272082,0 148.835649529352,-35.44890703081121,0 148.8357379221716,-35.4488531647478,0 148.8358255742662,-35.44879850119212,0 148.8359124747957,-35.4487430469043,0 148.8359986130136,-35.44868680874229,0 148.8360839782671,-35.44862979366097,0 148.8361685599994,-35.4485720087113,0 148.8362523477502,-35.44851346103943,0 148.8363353311578,-35.44845415788587,0 148.8364174999598,-35.44839410658453,0 148.8364988439943,-35.44833331456185,0 148.8365793532019,-35.44827178933588,0 148.836659017626,-35.44820953851534,0 148.8367378274146,-35.44814656979868,0 148.8368157728216,-35.44808289097313,0 148.8368928442075,-35.44801850991376,0 148.836969032041,-35.44795343458244,0 148.8370443269001,-35.44788767302694,0 148.8371187194732,-35.44782123337988,0 148.8371922005604,-35.44775412385773,0 148.8372647610743,-35.44768635275982,0 148.8373363920415,-35.44761792846727,0 148.8374070846036,-35.44754885944202,0 148.8374768300181,-35.44747915422569,0 148.8375456196597,-35.44740882143863,0 148.8376134450213,-35.44733786977876,0 148.837680297715,-35.44726630802055,0 148.8377461694734,-35.44719414501393,0 148.8378110521501,-35.44712138968318,0 148.8378749377212,-35.44704805102581,0 148.8379378182862,-35.44697413811149,0 148.8379996860686,-35.44689966008092,0 148.8380605334175,-35.44682462614466,0 148.8381203528077,-35.44674904558203,0 148.8381791368418,-35.44667292773995,0 148.8382368782499,-35.44659628203178,0 148.8382935698912,-35.44651911793617,0 148.8383492047549,-35.44644144499586,0 148.8384037759605,-35.44636327281654,0 148.8384572767594,-35.44628461106563,0 148.8385097005352,-35.4462054694711,0 148.8385610408048,-35.44612585782023,0 148.8386112912191,-35.44604578595849,0 148.8386604455635,-35.44596526378821,0 148.8387084977594,-35.44588430126744,0 148.8387554418641,-35.44580290840867,0 148.8388012720722,-35.44572109527761,0 148.8388459827159,-35.44563887199197,0 148.8388895682659,-35.44555624872014,0 148.8389320233321,-35.44547323568001,0 148.8389733426641,-35.44538984313767,0 148.8390135211521,-35.44530608140612,0 148.8390525538272,-35.44522196084404,0 148.8390904358624,-35.44513749185447,0 148.8391271625728,-35.44505268488354,0 148.8391627294164,-35.44496755041919,0 148.839197131995,-35.44488209898985,0 148.8392303660537,-35.44479634116317,0 148.8392624274828,-35.44471028754466,0 148.8392933123172,-35.44462394877642,0 148.8393230167375,-35.44453733553581,0 148.8393515370701,-35.44445045853417,0 148.839378869788,-35.44436332851541,0 148.8394050115109,-35.44427595625476,0 148.8394299590061,-35.44418835255738,0 148.8394537091883,-35.4441005282571,0 148.8394762591202,-35.44401249421497,0 148.8394976060133,-35.44392426131803,0 148.8395177472277,-35.4438358404779,0 148.8395366802723,-35.44374724262939,0 148.8395544028059,-35.4436584787293,0 148.8395709126368,-35.44356955975488,0 148.8395862077231,-35.44348049670258,0 148.8396002861734,-35.4433913005867,0 148.8396131462466,-35.44330198243797,0 148.8396247863523,-35.44321255330218,0 148.839635205051,-35.44312302423891,0 148.8396444010543,-35.44303340632006,0 148.8396523732249,-35.44294371062853,0 148.8396591205769,-35.44285394825681,0 148.8396646422759,-35.44276413030569,0 148.8396689376389,-35.44267426788277,0 148.8396720061348,-35.44258437210122,0 148.8396738473842,-35.44249445407826,0 
						</coordinates>
					</LinearRing>
				</outerBoundaryIs>
			</Polygon>
		</Placemark>
		<Placemark id="353">
			<name>Bendora Dam NFZ_dv_0</name>
			<styleUrl>#356</styleUrl>
			<Polygon id="352">
				<outerBoundaryIs>
					<LinearRing id="354">
						<coordinates>
							148.8482956857566,-35.44240452493393,0 148.8482953574474,-35.4423146180464,0 148.8482943725313,-35.44222471434177,0 148.8482927310433,-35.44213481700284,0 148.8482904330414,-35.44204492921217,0 148.8482874786069,-35.44195505415199,0 148.8482838678446,-35.44186519500408,0 148.8482796008822,-35.44177535494966,0 148.8482746778707,-35.44168553716925,0 148.8482690989845,-35.44159574484261,0 148.8482628644211,-35.44150598114859,0 148.8482559744012,-35.44141624926502,0 148.8482484291686,-35.44132655236862,0 148.8482402289906,-35.44123689363486,0 148.8482313741574,-35.44114727623784,0 148.8482218649825,-35.44105770335022,0 148.8482117018025,-35.4409681781431,0 148.8482008849774,-35.44087870378586,0 148.8481894148899,-35.44078928344609,0 148.8481772919461,-35.44069992028946,0 148.8481645165753,-35.44061061747965,0 148.8481510892298,-35.44052137817815,0 148.8481370103848,-35.44043220554426,0 148.8481222805387,-35.44034310273486,0 148.8481069002132,-35.44025407290442,0 148.8480908699526,-35.44016511920476,0 148.8480741903245,-35.44007624478508,0 148.8480568619194,-35.43998745279168,0 148.8480388853506,-35.43989874636804,0 148.8480202612547,-35.43981012865454,0 148.848000990291,-35.43972160278847,0 148.8479810731417,-35.43963317190381,0 148.847960510512,-35.43954483913124,0 148.8479393031297,-35.43945660759792,0 148.8479174517457,-35.43936848042745,0 148.8478949571335,-35.43928046073972,0 148.8478718200896,-35.43919255165083,0 148.8478480414329,-35.43910475627295,0 148.8478236220055,-35.43901707771425,0 148.8477985626716,-35.43892951907873,0 148.8477728643186,-35.43884208346618,0 148.8477465278561,-35.43875477397199,0 148.8477195542167,-35.43866759368712,0 148.847691944355,-35.43858054569795,0 148.8476636992487,-35.43849363308618,0 148.8476348198977,-35.4384068589287,0 148.8476053073243,-35.43832022629751,0 148.8475751625734,-35.4382337382596,0 148.8475443867121,-35.43814739787683,0 148.8475129808301,-35.43806120820587,0 148.847480946039,-35.43797517229799,0 148.8474482834731,-35.43788929319908,0 148.8474149942887,-35.43780357394945,0 148.8473810796643,-35.43771801758373,0 148.8473465408004,-35.43763262713083,0 148.84731137892,-35.43754740561374,0 148.8472755952677,-35.43746235604952,0 148.8472391911105,-35.4373774814491,0 148.8472021677371,-35.43729278481722,0 148.8471645264581,-35.43720826915235,0 148.8471262686063,-35.43712393744651,0 148.847087395536,-35.43703979268525,0 148.8470479086233,-35.43695583784748,0 148.8470078092663,-35.43687207590537,0 148.8469670988846,-35.4367885098243,0 148.8469257789193,-35.43670514256269,0 148.8468838508333,-35.43662197707192,0 148.8468413161109,-35.43653901629624,0 148.846798176258,-35.43645626317265,0 148.8467544328018,-35.43637372063079,0 148.8467100872909,-35.43629139159285,0 148.8466651412953,-35.43620927897346,0 148.8466195964061,-35.4361273856796,0 148.8465734542358,-35.43604571461046,0 148.8465267164178,-35.43596426865739,0 148.8464793846069,-35.43588305070375,0 148.8464314604785,-35.43580206362485,0 148.8463829457294,-35.4357213102878,0 148.8463338420772,-35.43564079355144,0 148.8462841512601,-35.43556051626626,0 148.8462338750373,-35.43548048127425,0 148.8461830151888,-35.43540069140883,0 148.846131573515,-35.43532114949473,0 148.8460795518372,-35.43524185834792,0 148.846026951997,-35.43516282077548,0 148.8459737758566,-35.43508403957551,0 148.8459200252985,-35.43500551753706,0 148.8458657022256,-35.43492725743995,0 148.8458108085611,-35.4348492620548,0 148.8457553462482,-35.4347715341428,0 148.8456993172506,-35.4346940764557,0 148.8456427235518,-35.43461689173566,0 148.8455855671554,-35.43453998271521,0 148.8455278500846,-35.43446335211709,0 148.845469574383,-35.4343870026542,0 148.8454107421135,-35.43431093702947,0 148.845351355359,-35.4342351579358,0 148.8452914162219,-35.43415966805595,0 148.8452309268242,-35.43408447006241,0 148.8451698893073,-35.43400956661737,0 148.8451083058321,-35.43393496037258,0 148.8450461785788,-35.43386065396925,0 148.8449835097468,-35.43378665003801,0 148.8449203015548,-35.43371295119876,0 148.8448565562405,-35.4336395600606,0 148.8447922760605,-35.43356647922175,0 148.8447274632906,-35.43349371126942,0 148.8446621202252,-35.43342125877977,0 148.8445962491777,-35.43334912431776,0 148.84452985248,-35.43327731043714,0 148.8444629324828,-35.43320581968026,0 148.8443954915551,-35.43313465457807,0 148.8443275320845,-35.43306381764994,0 148.844259056477,-35.4329933114037,0 148.8441900671566,-35.4329231383354,0 148.8441205665659,-35.43285330092932,0 148.8440505571652,-35.43278380165788,0 148.843980041433,-35.43271464298149,0 148.8439090218658,-35.43264582734853,0 148.8438375009779,-35.43257735719523,0 148.8437654813011,-35.43250923494558,0 148.8436929653853,-35.43244146301127,0 148.8436199557975,-35.43237404379155,0 148.8435464551225,-35.43230697967325,0 148.8434724659624,-35.43224027303057,0 148.8433979909366,-35.43217392622505,0 148.8433230326816,-35.43210794160557,0 148.8432475938512,-35.43204232150808,0 148.843171677116,-35.4319770682557,0 148.8430952851637,-35.43191218415854,0 148.8430184206987,-35.43184767151365,0 148.8429410864422,-35.4317835326049,0 148.842863285132,-35.43171976970298,0 148.8427850195224,-35.4316563850652,0 148.8427062923842,-35.43159338093556,0 148.8426271065045,-35.43153075954452,0 148.8425474646867,-35.43146852310903,0 148.8424673697503,-35.43140667383238,0 148.8423868245308,-35.43134521390418,0 148.8423058318797,-35.43128414550026,0 148.8422243946643,-35.43122347078257,0 148.8421425157677,-35.43116319189913,0 148.8420601980886,-35.43110331098394,0 148.8419774445411,-35.43104383015694,0 148.841894258055,-35.43098475152387,0 148.8418106415753,-35.43092607717623,0 148.8417265980622,-35.43086780919124,0 148.8416421304909,-35.43080994963172,0 148.8415572418519,-35.43075250054602,0 148.8414719351503,-35.43069546396797,0 148.8413862134062,-35.43063884191679,0 148.8413000796544,-35.43058263639702,0 148.8412135369442,-35.43052684939847,0 148.8411265883394,-35.43047148289612,0 148.8410392369182,-35.43041653885007,0 148.8409514857729,-35.43036201920545,0 148.8408633380103,-35.4303079258924,0 148.8407747967509,-35.43025426082593,0 148.8406858651292,-35.4302010259059,0 148.8405965462937,-35.43014822301696,0 148.8405068434064,-35.43009585402842,0 148.8404167596431,-35.43004392079429,0 148.8403262981928,-35.42999242515311,0 148.8402354622582,-35.42994136892793,0 148.840144255055,-35.42989075392629,0 148.8400526798122,-35.42984058194003,0 148.8399607397716,-35.42979085474538,0 148.8398684381883,-35.42974157410277,0 148.8397757783299,-35.42969274175687,0 148.8396827634767,-35.42964435943643,0 148.8395893969218,-35.42959642885431,0 148.8394956819703,-35.42954895170735,0 148.8394016219402,-35.42950192967636,0 148.8393072201613,-35.429455364426,0 148.8392124799757,-35.42940925760481,0 148.8391174047373,-35.42936361084506,0 148.8390219978121,-35.42931842576275,0 148.8389262625777,-35.42927370395753,0 148.8388302024232,-35.42922944701265,0 148.8387338207496,-35.42918565649492,0 148.8386371209687,-35.4291423339546,0 148.8385401065042,-35.42909948092542,0 148.8384427807904,-35.42905709892447,0 148.838345147273,-35.42901518945216,0 148.8382472094084,-35.42897375399219,0 148.8381489706638,-35.42893279401145,0 148.838050434517,-35.42889231096004,0 148.8379516044566,-35.42885230627113,0 148.8378524839812,-35.42881278136098,0 148.8377530765999,-35.42877373762887,0 148.8376533858321,-35.42873517645702,0 148.837553415207,-35.42869709921059,0 148.8374531682637,-35.4286595072376,0 148.8373526485512,-35.42862240186889,0 148.8372518596283,-35.42858578441805,0 148.8371508050629,-35.42854965618147,0 148.8370494884327,-35.42851401843812,0 148.8369479133244,-35.42847887244968,0 148.8368460833342,-35.4284442194604,0 148.8367440020669,-35.42841006069706,0 148.8366416731366,-35.42837639736896,0 148.8365391001658,-35.42834323066786,0 148.8364362867859,-35.42831056176793,0 148.8363332366367,-35.42827839182573,0 148.8362299533664,-35.42824672198014,0 148.8361264406315,-35.42821555335235,0 148.8360227020965,-35.42818488704578,0 148.835918741434,-35.42815472414611,0 148.8358145623245,-35.42812506572118,0 148.8357101684562,-35.42809591282094,0 148.8356055635247,-35.42806726647746,0 148.8355007512334,-35.42803912770491,0 148.8353957352928,-35.42801149749947,0 148.8352905194209,-35.42798437683929,0 148.8351851073423,-35.4279577666845,0 148.835079502789,-35.42793166797718,0 148.8349737094995,-35.42790608164127,0 148.8348677312193,-35.42788100858257,0 148.8347615717001,-35.42785644968875,0 148.8346552347003,-35.42783240582924,0 148.8345487239844,-35.42780887785523,0 148.8344420433231,-35.42778586659968,0 148.8343351964932,-35.42776337287723,0 148.8342281872773,-35.42774139748422,0 148.8341210194637,-35.42771994119861,0 148.8340136968465,-35.42769900478002,0 148.833906223225,-35.42767858896963,0 148.8337986024041,-35.42765869449021,0 148.8336908381939,-35.42763932204608,0 148.8335829344093,-35.42762047232305,0 148.8334748948706,-35.42760214598846,0 148.8333667234023,-35.42758434369109,0 148.8332584238342,-35.42756706606118,0 148.8331500000002,-35.42755031371041,0 148.8330414557388,-35.42753408723183,0 148.8329327948927,-35.42751838719991,0 148.8328240213087,-35.42750321417046,0 148.8327151388377,-35.42748856868064,0 148.8326061513343,-35.42747445124894,0 148.832497062657,-35.42746086237514,0 148.8323878766676,-35.42744780254032,0 148.8322785972318,-35.42743527220683,0 148.832169228218,-35.42742327181826,0 148.8320597734985,-35.42741180179946,0 148.8319502369479,-35.42740086255649,0 148.8318406224442,-35.42739045447663,0 148.831730933868,-35.42738057792835,0 148.8316211751024,-35.42737123326128,0 148.8315113500333,-35.42736242080628,0 148.8314014625486,-35.42735414087529,0 148.8312915165386,-35.42734639376147,0 148.8311815158957,-35.42733917973908,0 148.831071464514,-35.42733249906349,0 148.8309613662898,-35.42732635197123,0 148.8308512251206,-35.42732073867992,0 148.8307410449057,-35.42731565938828,0 148.8306308295459,-35.42731111427613,0 148.8305205829429,-35.42730710350438,0 148.8304103089997,-35.427303627215,0 148.8303000116202,-35.42730068553109,0 148.8301896947093,-35.42729827855676,0 148.8300793621723,-35.42729640637725,0 148.8299690179154,-35.42729506905882,0 148.8298586658449,-35.42729426664884,0 148.8297483098676,-35.42729399917568,0 148.8296379538903,-35.42729426664884,0 148.8295276018198,-35.42729506905882,0 148.8294172575629,-35.42729640637725,0 148.8293069250259,-35.42729827855676,0 148.829196608115,-35.42730068553109,0 148.8290863107355,-35.427303627215,0 148.8289760367923,-35.42730710350438,0 148.8288657901893,-35.42731111427613,0 148.8287555748294,-35.42731565938828,0 148.8286453946146,-35.42732073867992,0 148.8285352534454,-35.42732635197123,0 148.8284251552212,-35.42733249906349,0 148.8283151038395,-35.42733917973908,0 148.8282051031966,-35.42734639376147,0 148.8280951571866,-35.42735414087529,0 148.8279852697019,-35.42736242080628,0 148.8278754446328,-35.42737123326128,0 148.8277656858672,-35.42738057792835,0 148.827655997291,-35.42739045447663,0 148.8275463827873,-35.42740086255649,0 148.8274368462367,-35.42741180179946,0 148.8273273915171,-35.42742327181826,0 148.8272180225034,-35.42743527220683,0 148.8271087430676,-35.42744780254032,0 148.8269995570782,-35.42746086237514,0 148.8268904684009,-35.42747445124894,0 148.8267814808975,-35.42748856868064,0 148.8266725984265,-35.42750321417046,0 148.8265638248425,-35.42751838719991,0 148.8264551639964,-35.42753408723183,0 148.8263466197349,-35.42755031371041,0 148.826238195901,-35.42756706606118,0 148.8261298963328,-35.42758434369109,0 148.8260217248646,-35.42760214598846,0 148.8259136853258,-35.42762047232305,0 148.8258057815413,-35.42763932204608,0 148.8256980173311,-35.42765869449021,0 148.8255903965102,-35.42767858896963,0 148.8254829228888,-35.42769900478002,0 148.8253756002715,-35.42771994119861,0 148.8252684324579,-35.42774139748422,0 148.825161423242,-35.42776337287723,0 148.8250545764121,-35.42778586659968,0 148.8249478957508,-35.42780887785523,0 148.8248413850349,-35.42783240582924,0 148.8247350480351,-35.42785644968875,0 148.8246288885159,-35.42788100858257,0 148.8245229102357,-35.42790608164127,0 148.8244171169463,-35.42793166797718,0 148.8243115123929,-35.4279577666845,0 148.8242061003143,-35.42798437683929,0 148.8241008844423,-35.42801149749947,0 148.8239958685018,-35.42803912770491,0 148.8238910562105,-35.42806726647746,0 148.823786451279,-35.42809591282094,0 148.8236820574107,-35.42812506572118,0 148.8235778783012,-35.42815472414611,0 148.8234739176387,-35.42818488704578,0 148.8233701791038,-35.42821555335235,0 148.8232666663688,-35.42824672198014,0 148.8231633830985,-35.42827839182573,0 148.8230603329493,-35.42831056176793,0 148.8229575195694,-35.42834323066786,0 148.8228549465986,-35.42837639736896,0 148.8227526176683,-35.42841006069706,0 148.822650536401,-35.4284442194604,0 148.8225487064108,-35.42847887244968,0 148.8224471313025,-35.42851401843812,0 148.8223458146723,-35.42854965618147,0 148.8222447601069,-35.42858578441805,0 148.8221439711839,-35.42862240186889,0 148.8220434514715,-35.4286595072376,0 148.8219432045282,-35.42869709921059,0 148.8218432339031,-35.42873517645702,0 148.8217435431353,-35.42877373762887,0 148.821644135754,-35.42881278136098,0 148.8215450152786,-35.42885230627113,0 148.8214461852182,-35.42889231096004,0 148.8213476490714,-35.42893279401145,0 148.8212494103268,-35.42897375399219,0 148.8211514724622,-35.42901518945216,0 148.8210538389447,-35.42905709892447,0 148.820956513231,-35.42909948092542,0 148.8208594987665,-35.4291423339546,0 148.8207627989857,-35.42918565649492,0 148.820666417312,-35.42922944701265,0 148.8205703571575,-35.42927370395753,0 148.8204746219231,-35.42931842576275,0 148.8203792149979,-35.42936361084506,0 148.8202841397595,-35.42940925760481,0 148.8201893995739,-35.429455364426,0 148.820094997795,-35.42950192967636,0 148.8200009377649,-35.42954895170735,0 148.8199072228134,-35.42959642885431,0 148.8198138562585,-35.42964435943643,0 148.8197208414053,-35.42969274175687,0 148.8196281815468,-35.42974157410277,0 148.8195358799636,-35.42979085474538,0 148.819443939923,-35.42984058194003,0 148.8193523646802,-35.42989075392629,0 148.819261157477,-35.42994136892793,0 148.8191703215423,-35.42999242515311,0 148.8190798600921,-35.43004392079429,0 148.8189897763287,-35.43009585402842,0 148.8189000734415,-35.43014822301696,0 148.818810754606,-35.4302010259059,0 148.8187218229843,-35.43025426082593,0 148.8186332817249,-35.4303079258924,0 148.8185451339623,-35.43036201920545,0 148.818457382817,-35.43041653885007,0 148.8183700313958,-35.43047148289612,0 148.818283082791,-35.43052684939847,0 148.8181965400808,-35.43058263639702,0 148.818110406329,-35.43063884191679,0 148.8180246845849,-35.43069546396797,0 148.8179393778834,-35.43075250054602,0 148.8178544892443,-35.43080994963172,0 148.817770021673,-35.43086780919124,0 148.8176859781599,-35.43092607717623,0 148.8176023616801,-35.43098475152387,0 148.8175191751941,-35.43104383015694,0 148.8174364216466,-35.43110331098394,0 148.8173541039675,-35.43116319189913,0 148.8172722250709,-35.43122347078257,0 148.8171907878555,-35.43128414550026,0 148.8171097952044,-35.43134521390418,0 148.8170292499849,-35.43140667383238,0 148.8169491550485,-35.43146852310903,0 148.8168695132307,-35.43153075954452,0 148.816790327351,-35.43159338093556,0 148.8167116002129,-35.4316563850652,0 148.8166333346033,-35.43171976970298,0 148.816555533293,-35.4317835326049,0 148.8164781990365,-35.43184767151365,0 148.8164013345715,-35.43191218415854,0 148.8163249426192,-35.4319770682557,0 148.816249025884,-35.43204232150808,0 148.8161735870536,-35.43210794160557,0 148.8160986287986,-35.43217392622505,0 148.8160241537728,-35.43224027303057,0 148.8159501646127,-35.43230697967325,0 148.8158766639377,-35.43237404379155,0 148.8158036543499,-35.43244146301127,0 148.8157311384341,-35.43250923494558,0 148.8156591187573,-35.43257735719523,0 148.8155875978694,-35.43264582734853,0 148.8155165783022,-35.43271464298149,0 148.8154460625701,-35.43278380165788,0 148.8153760531694,-35.43285330092932,0 148.8153065525786,-35.4329231383354,0 148.8152375632582,-35.4329933114037,0 148.8151690876507,-35.43306381764994,0 148.8151011281801,-35.43313465457807,0 148.8150336872524,-35.43320581968026,0 148.8149667672552,-35.43327731043714,0 148.8149003705575,-35.43334912431776,0 148.81483449951,-35.43342125877977,0 148.8147691564446,-35.43349371126942,0 148.8147043436747,-35.43356647922175,0 148.8146400634947,-35.4336395600606,0 148.8145763181804,-35.43371295119876,0 148.8145131099884,-35.43378665003801,0 148.8144504411564,-35.43386065396925,0 148.8143883139031,-35.43393496037258,0 148.8143267304279,-35.43400956661737,0 148.814265692911,-35.43408447006241,0 148.8142052035133,-35.43415966805595,0 148.8141452643762,-35.4342351579358,0 148.8140858776217,-35.43431093702947,0 148.8140270453522,-35.4343870026542,0 148.8139687696506,-35.43446335211709,0 148.8139110525799,-35.43453998271521,0 148.8138538961834,-35.43461689173566,0 148.8137973024845,-35.4346940764557,0 148.813741273487,-35.4347715341428,0 148.8136858111742,-35.4348492620548,0 148.8136309175096,-35.43492725743995,0 148.8135765944367,-35.43500551753706,0 148.8135228438786,-35.43508403957551,0 148.8134696677382,-35.43516282077548,0 148.813417067898,-35.43524185834792,0 148.8133650462202,-35.43532114949473,0 148.8133136045464,-35.43540069140883,0 148.8132627446979,-35.43548048127425,0 148.8132124684751,-35.43556051626626,0 148.813162777658,-35.43564079355144,0 148.8131136740058,-35.4357213102878,0 148.8130651592567,-35.43580206362485,0 148.8130172351284,-35.43588305070375,0 148.8129699033174,-35.43596426865739,0 148.8129231654994,-35.43604571461046,0 148.8128770233291,-35.4361273856796,0 148.8128314784399,-35.43620927897346,0 148.8127865324443,-35.43629139159285,0 148.8127421869334,-35.43637372063079,0 148.8126984434772,-35.43645626317265,0 148.8126553036243,-35.43653901629624,0 148.8126127689019,-35.43662197707192,0 148.8125708408159,-35.43670514256269,0 148.8125295208506,-35.4367885098243,0 148.8124888104689,-35.43687207590537,0 148.8124487111119,-35.43695583784748,0 148.8124092241992,-35.43703979268525,0 148.8123703511289,-35.43712393744651,0 148.8123320932771,-35.43720826915235,0 148.8122944519981,-35.43729278481722,0 148.8122574286247,-35.4373774814491,0 148.8122210244674,-35.43746235604952,0 148.8121852408152,-35.43754740561374,0 148.8121500789348,-35.43763262713083,0 148.8121155400709,-35.43771801758373,0 148.8120816254465,-35.43780357394945,0 148.8120483362621,-35.43788929319908,0 148.8120156736962,-35.43797517229799,0 148.8119836389052,-35.43806120820587,0 148.8119522330231,-35.43814739787683,0 148.8119214571618,-35.4382337382596,0 148.8118913124109,-35.43832022629751,0 148.8118617998375,-35.4384068589287,0 148.8118329204865,-35.43849363308618,0 148.8118046753802,-35.43858054569795,0 148.8117770655186,-35.43866759368712,0 148.811750091879,-35.43875477397199,0 148.8117237554166,-35.43884208346618,0 148.8116980570636,-35.43892951907873,0 148.8116729977297,-35.43901707771425,0 148.8116485783023,-35.43910475627295,0 148.8116247996456,-35.43919255165083,0 148.8116016626017,-35.43928046073972,0 148.8115791679895,-35.43936848042745,0 148.8115573166055,-35.43945660759792,0 148.8115361092233,-35.43954483913124,0 148.8115155465935,-35.43963317190381,0 148.8114956294442,-35.43972160278847,0 148.8114763584805,-35.43981012865454,0 148.8114577343846,-35.43989874636804,0 148.8114397578159,-35.43998745279168,0 148.8114224294107,-35.44007624478508,0 148.8114057497826,-35.44016511920476,0 148.811389719522,-35.44025407290442,0 148.8113743391964,-35.44034310273486,0 148.8113596093504,-35.44043220554426,0 148.8113455305054,-35.44052137817815,0 148.8113321031599,-35.44061061747965,0 148.8113193277891,-35.44069992028946,0 148.8113072048453,-35.44078928344609,0 148.8112957347578,-35.44087870378586,0 148.8112849179327,-35.4409681781431,0 148.8112747547527,-35.44105770335022,0 148.8112652455778,-35.44114727623784,0 148.8112563907446,-35.44123689363486,0 148.8112481905666,-35.44132655236862,0 148.8112406453341,-35.44141624926502,0 148.8112337553141,-35.44150598114859,0 148.8112275207507,-35.44159574484261,0 148.8112219418645,-35.44168553716925,0 148.811217018853,-35.44177535494966,0 148.8112127518906,-35.44186519500408,0 148.8112091411283,-35.44195505415199,0 148.8112061866939,-35.44204492921217,0 148.8112038886919,-35.44213481700284,0 148.8112022472039,-35.44222471434177,0 148.8112012622878,-35.4423146180464,0 148.8112009339786,-35.44240452493393,0 148.8112012622878,-35.44249443182146,0 148.8112022472039,-35.44258433552609,0 148.8112038886919,-35.44267423286502,0 148.8112061866939,-35.44276412065569,0 148.8112091411283,-35.44285399571586,0 148.8112127518906,-35.44294385486377,0 148.811217018853,-35.4430336949182,0 148.8112219418645,-35.44312351269861,0 148.8112275207507,-35.44321330502525,0 148.8112337553141,-35.44330306871927,0 148.8112406453341,-35.44339280060283,0 148.8112481905666,-35.44348249749923,0 148.8112563907446,-35.443572156233,0 148.8112652455778,-35.44366177363002,0 148.8112747547527,-35.44375134651763,0 148.8112849179327,-35.44384087172475,0 148.8112957347578,-35.443930346082,0 148.8113072048453,-35.44401976642177,0 148.8113193277891,-35.44410912957839,0 148.8113321031599,-35.44419843238821,0 148.8113455305054,-35.4442876716897,0 148.8113596093504,-35.44437684432359,0 148.8113743391964,-35.44446594713299,0 148.811389719522,-35.44455497696344,0 148.8114057497826,-35.44464393066309,0 148.8114224294107,-35.44473280508278,0 148.8114397578159,-35.44482159707617,0 148.8114577343846,-35.44491030349982,0 148.8114763584805,-35.4449989212133,0 148.8114956294442,-35.44508744707939,0 148.8115155465935,-35.44517587796404,0 148.8115361092233,-35.44526421073662,0 148.8115573166055,-35.44535244226994,0 148.8115791679895,-35.44544056944041,0 148.8116016626017,-35.44552858912814,0 148.8116247996456,-35.44561649821703,0 148.8116485783023,-35.4457042935949,0 148.8116729977297,-35.4457919721536,0 148.8116980570636,-35.44587953078912,0 148.8117237554166,-35.44596696640168,0 148.811750091879,-35.44605427589587,0 148.8117770655186,-35.44614145618073,0 148.8118046753802,-35.44622850416989,0 148.8118329204865,-35.44631541678167,0 148.8118617998375,-35.44640219093915,0 148.8118913124109,-35.44648882357034,0 148.8119214571618,-35.44657531160826,0 148.8119522330231,-35.44666165199102,0 148.8119836389052,-35.44674784166199,0 148.8120156736962,-35.44683387756986,0 148.8120483362621,-35.44691975666877,0 148.8120816254465,-35.44700547591841,0 148.8121155400709,-35.44709103228413,0 148.8121500789348,-35.44717642273702,0 148.8121852408152,-35.44726164425411,0 148.8122210244674,-35.44734669381833,0 148.8122574286247,-35.44743156841876,0 148.8122944519981,-35.44751626505064,0 148.8123320932771,-35.4476007807155,0 148.8123703511289,-35.44768511242135,0 148.8124092241992,-35.44776925718261,0 148.8124487111119,-35.44785321202038,0 148.8124888104689,-35.44793697396248,0 148.8125295208506,-35.44802054004356,0 148.8125708408159,-35.44810390730517,0 148.8126127689019,-35.44818707279593,0 148.8126553036243,-35.44827003357161,0 148.8126984434772,-35.4483527866952,0 148.8127421869334,-35.44843532923706,0 148.8127865324443,-35.448517658275,0 148.8128314784399,-35.44859977089439,0 148.8128770233291,-35.44868166418825,0 148.8129231654994,-35.44876333525739,0 148.8129699033174,-35.44884478121046,0 148.8130172351284,-35.4489259991641,0 148.8130651592567,-35.44900698624301,0 148.8131136740058,-35.44908773958006,0 148.813162777658,-35.44916825631641,0 148.8132124684751,-35.4492485336016,0 148.8132627446979,-35.44932856859361,0 148.8133136045464,-35.44940835845902,0 148.8133650462202,-35.44948790037312,0 148.813417067898,-35.44956719151993,0 148.8134696677382,-35.44964622909237,0 148.8135228438786,-35.44972501029234,0 148.8135765944367,-35.4498035323308,0 148.8136309175096,-35.4498817924279,0 148.8136858111742,-35.44995978781305,0 148.813741273487,-35.45003751572505,0 148.8137973024845,-35.45011497341216,0 148.8138538961834,-35.45019215813219,0 148.8139110525799,-35.45026906715265,0 148.8139687696506,-35.45034569775076,0 148.8140270453522,-35.45042204721366,0 148.8140858776217,-35.45049811283838,0 148.8141452643762,-35.45057389193205,0 148.8142052035133,-35.45064938181191,0 148.814265692911,-35.45072457980545,0 148.8143267304279,-35.45079948325048,0 148.8143883139031,-35.45087408949528,0 148.8144504411564,-35.45094839589861,0 148.8145131099884,-35.45102239982984,0 148.8145763181804,-35.45109609866909,0 148.8146400634947,-35.45116948980726,0 148.8147043436747,-35.45124257064611,0 148.8147691564446,-35.45131533859843,0 148.81483449951,-35.45138779108809,0 148.8149003705575,-35.45145992555009,0 148.8149667672552,-35.45153173943071,0 148.8150336872524,-35.45160323018759,0 148.8151011281801,-35.45167439528979,0 148.8151690876507,-35.45174523221791,0 148.8152375632582,-35.45181573846416,0 148.8153065525786,-35.45188591153246,0 148.8153760531694,-35.45195574893853,0 148.8154460625701,-35.45202524820998,0 148.8155165783022,-35.45209440688636,0 148.8155875978694,-35.45216322251932,0 148.8156591187573,-35.45223169267263,0 148.8157311384341,-35.45229981492227,0 148.8158036543499,-35.45236758685659,0 148.8158766639377,-35.4524350060763,0 148.8159501646127,-35.4525020701946,0 148.8160241537728,-35.45256877683729,0 148.8160986287986,-35.4526351236428,0 148.8161735870536,-35.45270110826229,0 148.816249025884,-35.45276672835978,0 148.8163249426192,-35.45283198161216,0 148.8164013345715,-35.45289686570931,0 148.8164781990365,-35.4529613783542,0 148.816555533293,-35.45302551726295,0 148.8166333346033,-35.45308928016487,0 148.8167116002129,-35.45315266480264,0 148.816790327351,-35.45321566893229,0 148.8168695132307,-35.45327829032333,0 148.8169491550485,-35.45334052675883,0 148.8170292499849,-35.45340237603548,0 148.8171097952044,-35.45346383596367,0 148.8171907878555,-35.45352490436759,0 148.8172722250709,-35.45358557908528,0 148.8173541039675,-35.45364585796872,0 148.8174364216466,-35.45370573888391,0 148.8175191751941,-35.45376521971092,0 148.8176023616801,-35.45382429834399,0 148.8176859781599,-35.45388297269162,0 148.817770021673,-35.45394124067661,0 148.8178544892443,-35.45399910023613,0 148.8179393778834,-35.45405654932183,0 148.8180246845849,-35.45411358589988,0 148.818110406329,-35.45417020795107,0 148.8181965400808,-35.45422641347083,0 148.818283082791,-35.45428220046939,0 148.8183700313958,-35.45433756697174,0 148.818457382817,-35.45439251101779,0 148.8185451339623,-35.4544470306624,0 148.8186332817249,-35.45450112397545,0 148.8187218229843,-35.45455478904192,0 148.818810754606,-35.45460802396195,0 148.8189000734415,-35.4546608268509,0 148.8189897763287,-35.45471319583943,0 148.8190798600921,-35.45476512907356,0 148.8191703215423,-35.45481662471474,0 148.819261157477,-35.45486768093992,0 148.8193523646802,-35.45491829594157,0 148.819443939923,-35.45496846792783,0 148.8195358799636,-35.45501819512248,0 148.8196281815468,-35.45506747576508,0 148.8197208414053,-35.45511630811099,0 148.8198138562585,-35.45516469043142,0 148.8199072228134,-35.45521262101354,0 148.8200009377649,-35.4552600981605,0 148.820094997795,-35.4553071201915,0 148.8201893995739,-35.45535368544185,0 148.8202841397595,-35.45539979226304,0 148.8203792149979,-35.4554454390228,0 148.8204746219231,-35.4554906241051,0 148.8205703571575,-35.45553534591033,0 148.820666417312,-35.4555796028552,0 148.8207627989857,-35.45562339337294,0 148.8208594987665,-35.45566671591325,0 148.820956513231,-35.45570956894244,0 148.8210538389447,-35.45575195094339,0 148.8211514724622,-35.4557938604157,0 148.8212494103268,-35.45583529587567,0 148.8213476490714,-35.4558762558564,0 148.8214461852182,-35.45591673890782,0 148.8215450152786,-35.45595674359672,0 148.821644135754,-35.45599626850687,0 148.8217435431353,-35.45603531223899,0 148.8218432339031,-35.45607387341084,0 148.8219432045282,-35.45611195065727,0 148.8220434514715,-35.45614954263026,0 148.8221439711839,-35.45618664799897,0 148.8222447601069,-35.45622326544979,0 148.8223458146723,-35.45625939368639,0 148.8224471313025,-35.45629503142973,0 148.8225487064108,-35.45633017741817,0 148.822650536401,-35.45636483040745,0 148.8227526176683,-35.45639898917079,0 148.8228549465986,-35.4564326524989,0 148.8229575195694,-35.4564658192,0 148.8230603329493,-35.45649848809992,0 148.8231633830985,-35.45653065804213,0 148.8232666663688,-35.45656232788772,0 148.8233701791038,-35.45659349651551,0 148.8234739176387,-35.45662416282207,0 148.8235778783012,-35.45665432572174,0 148.8236820574107,-35.45668398414668,0 148.823786451279,-35.45671313704692,0 148.8238910562105,-35.45674178339039,0 148.8239958685018,-35.45676992216293,0 148.8241008844423,-35.45679755236839,0 148.8242061003143,-35.45682467302856,0 148.8243115123929,-35.45685128318335,0 148.8244171169463,-35.45687738189067,0 148.8245229102357,-35.45690296822659,0 148.8246288885159,-35.45692804128528,0 148.8247350480351,-35.4569526001791,0 148.8248413850349,-35.45697664403862,0 148.8249478957508,-35.45700017201263,0 148.8250545764121,-35.45702318326818,0 148.825161423242,-35.45704567699062,0 148.8252684324579,-35.45706765238364,0 148.8253756002715,-35.45708910866924,0 148.8254829228888,-35.45711004508784,0 148.8255903965102,-35.45713046089823,0 148.8256980173311,-35.45715035537764,0 148.8258057815413,-35.45716972782178,0 148.8259136853258,-35.45718857754481,0 148.8260217248646,-35.4572069038794,0 148.8261298963328,-35.45722470617677,0 148.826238195901,-35.45724198380668,0 148.8263466197349,-35.45725873615745,0 148.8264551639964,-35.45727496263603,0 148.8265638248425,-35.45729066266794,0 148.8266725984265,-35.45730583569739,0 148.8267814808975,-35.45732048118721,0 148.8268904684009,-35.45733459861891,0 148.8269995570782,-35.45734818749271,0 148.8271087430676,-35.45736124732753,0 148.8272180225034,-35.45737377766103,0 148.8273273915171,-35.4573857780496,0 148.8274368462367,-35.4573972480684,0 148.8275463827873,-35.45740818731137,0 148.827655997291,-35.45741859539122,0 148.8277656858672,-35.45742847193951,0 148.8278754446328,-35.45743781660657,0 148.8279852697019,-35.45744662906158,0 148.8280951571866,-35.45745490899256,0 148.8282051031966,-35.45746265610638,0 148.8283151038395,-35.45746987012878,0 148.8284251552212,-35.45747655080437,0 148.8285352534454,-35.45748269789662,0 148.8286453946146,-35.45748831118793,0 148.8287555748294,-35.45749339047957,0 148.8288657901893,-35.45749793559173,0 148.8289760367923,-35.45750194636348,0 148.8290863107355,-35.45750542265285,0 148.829196608115,-35.45750836433677,0 148.8293069250259,-35.45751077131109,0 148.8294172575629,-35.4575126434906,0 148.8295276018198,-35.45751398080903,0 148.8296379538903,-35.45751478321902,0 148.8297483098676,-35.45751505069217,0 148.8298586658449,-35.45751478321902,0 148.8299690179154,-35.45751398080903,0 148.8300793621723,-35.4575126434906,0 148.8301896947093,-35.45751077131109,0 148.8303000116202,-35.45750836433677,0 148.8304103089997,-35.45750542265285,0 148.8305205829429,-35.45750194636348,0 148.8306308295459,-35.45749793559173,0 148.8307410449057,-35.45749339047957,0 148.8308512251206,-35.45748831118793,0 148.8309613662898,-35.45748269789662,0 148.831071464514,-35.45747655080437,0 148.8311815158957,-35.45746987012878,0 148.8312915165386,-35.45746265610638,0 148.8314014625486,-35.45745490899256,0 148.8315113500333,-35.45744662906158,0 148.8316211751024,-35.45743781660657,0 148.831730933868,-35.45742847193951,0 148.8318406224442,-35.45741859539122,0 148.8319502369479,-35.45740818731137,0 148.8320597734985,-35.4573972480684,0 148.832169228218,-35.4573857780496,0 148.8322785972318,-35.45737377766103,0 148.8323878766676,-35.45736124732753,0 148.832497062657,-35.45734818749271,0 148.8326061513343,-35.45733459861891,0 148.8327151388377,-35.45732048118721,0 148.8328240213087,-35.45730583569739,0 148.8329327948927,-35.45729066266794,0 148.8330414557388,-35.45727496263603,0 148.8331500000002,-35.45725873615745,0 148.8332584238342,-35.45724198380668,0 148.8333667234023,-35.45722470617677,0 148.8334748948706,-35.4572069038794,0 148.8335829344093,-35.45718857754481,0 148.8336908381939,-35.45716972782178,0 148.8337986024041,-35.45715035537764,0 148.833906223225,-35.45713046089823,0 148.8340136968465,-35.45711004508784,0 148.8341210194637,-35.45708910866924,0 148.8342281872773,-35.45706765238364,0 148.8343351964932,-35.45704567699062,0 148.8344420433231,-35.45702318326818,0 148.8345487239844,-35.45700017201263,0 148.8346552347003,-35.45697664403862,0 148.8347615717001,-35.4569526001791,0 148.8348677312193,-35.45692804128528,0 148.8349737094995,-35.45690296822659,0 148.835079502789,-35.45687738189067,0 148.8351851073423,-35.45685128318335,0 148.8352905194209,-35.45682467302856,0 148.8353957352928,-35.45679755236839,0 148.8355007512334,-35.45676992216293,0 148.8356055635247,-35.45674178339039,0 148.8357101684562,-35.45671313704692,0 148.8358145623245,-35.45668398414668,0 148.835918741434,-35.45665432572174,0 148.8360227020965,-35.45662416282207,0 148.8361264406315,-35.45659349651551,0 148.8362299533664,-35.45656232788772,0 148.8363332366367,-35.45653065804213,0 148.8364362867859,-35.45649848809992,0 148.8365391001658,-35.4564658192,0 148.8366416731366,-35.4564326524989,0 148.8367440020669,-35.45639898917079,0 148.8368460833342,-35.45636483040745,0 148.8369479133244,-35.45633017741817,0 148.8370494884327,-35.45629503142973,0 148.8371508050629,-35.45625939368639,0 148.8372518596283,-35.45622326544979,0 148.8373526485512,-35.45618664799897,0 148.8374531682637,-35.45614954263026,0 148.837553415207,-35.45611195065727,0 148.8376533858321,-35.45607387341084,0 148.8377530765999,-35.45603531223899,0 148.8378524839812,-35.45599626850687,0 148.8379516044566,-35.45595674359672,0 148.838050434517,-35.45591673890782,0 148.8381489706638,-35.4558762558564,0 148.8382472094084,-35.45583529587567,0 148.838345147273,-35.4557938604157,0 148.8384427807904,-35.45575195094339,0 148.8385401065042,-35.45570956894244,0 148.8386371209687,-35.45566671591325,0 148.8387338207496,-35.45562339337294,0 148.8388302024232,-35.4555796028552,0 148.8389262625777,-35.45553534591033,0 148.8390219978121,-35.4554906241051,0 148.8391174047373,-35.4554454390228,0 148.8392124799757,-35.45539979226304,0 148.8393072201613,-35.45535368544185,0 148.8394016219402,-35.4553071201915,0 148.8394956819703,-35.4552600981605,0 148.8395893969218,-35.45521262101354,0 148.8396827634767,-35.45516469043142,0 148.8397757783299,-35.45511630811099,0 148.8398684381883,-35.45506747576508,0 148.8399607397716,-35.45501819512248,0 148.8400526798122,-35.45496846792783,0 148.840144255055,-35.45491829594157,0 148.8402354622582,-35.45486768093992,0 148.8403262981928,-35.45481662471474,0 148.8404167596431,-35.45476512907356,0 148.8405068434064,-35.45471319583943,0 148.8405965462937,-35.4546608268509,0 148.8406858651292,-35.45460802396195,0 148.8407747967509,-35.45455478904192,0 148.8408633380103,-35.45450112397545,0 148.8409514857729,-35.4544470306624,0 148.8410392369182,-35.45439251101779,0 148.8411265883394,-35.45433756697174,0 148.8412135369442,-35.45428220046939,0 148.8413000796544,-35.45422641347083,0 148.8413862134062,-35.45417020795107,0 148.8414719351503,-35.45411358589988,0 148.8415572418519,-35.45405654932183,0 148.8416421304909,-35.45399910023613,0 148.8417265980622,-35.45394124067661,0 148.8418106415753,-35.45388297269162,0 148.841894258055,-35.45382429834399,0 148.8419774445411,-35.45376521971092,0 148.8420601980886,-35.45370573888391,0 148.8421425157677,-35.45364585796872,0 148.8422243946643,-35.45358557908528,0 148.8423058318797,-35.45352490436759,0 148.8423868245308,-35.45346383596367,0 148.8424673697503,-35.45340237603548,0 148.8425474646867,-35.45334052675883,0 148.8426271065045,-35.45327829032333,0 148.8427062923842,-35.45321566893229,0 148.8427850195224,-35.45315266480264,0 148.842863285132,-35.45308928016487,0 148.8429410864422,-35.45302551726295,0 148.8430184206987,-35.4529613783542,0 148.8430952851637,-35.45289686570931,0 148.843171677116,-35.45283198161216,0 148.8432475938512,-35.45276672835978,0 148.8433230326816,-35.45270110826229,0 148.8433979909366,-35.4526351236428,0 148.8434724659624,-35.45256877683729,0 148.8435464551225,-35.4525020701946,0 148.8436199557975,-35.4524350060763,0 148.8436929653853,-35.45236758685659,0 148.8437654813011,-35.45229981492227,0 148.8438375009779,-35.45223169267263,0 148.8439090218658,-35.45216322251932,0 148.843980041433,-35.45209440688636,0 148.8440505571652,-35.45202524820998,0 148.8441205665659,-35.45195574893853,0 148.8441900671566,-35.45188591153246,0 148.844259056477,-35.45181573846416,0 148.8443275320845,-35.45174523221791,0 148.8443954915551,-35.45167439528979,0 148.8444629324828,-35.45160323018759,0 148.84452985248,-35.45153173943071,0 148.8445962491777,-35.45145992555009,0 148.8446621202252,-35.45138779108809,0 148.8447274632906,-35.45131533859843,0 148.8447922760605,-35.45124257064611,0 148.8448565562405,-35.45116948980726,0 148.8449203015548,-35.45109609866909,0 148.8449835097468,-35.45102239982984,0 148.8450461785788,-35.45094839589861,0 148.8451083058321,-35.45087408949528,0 148.8451698893073,-35.45079948325048,0 148.8452309268242,-35.45072457980545,0 148.8452914162219,-35.45064938181191,0 148.845351355359,-35.45057389193205,0 148.8454107421135,-35.45049811283838,0 148.845469574383,-35.45042204721366,0 148.8455278500846,-35.45034569775076,0 148.8455855671554,-35.45026906715265,0 148.8456427235518,-35.45019215813219,0 148.8456993172506,-35.45011497341216,0 148.8457553462482,-35.45003751572505,0 148.8458108085611,-35.44995978781305,0 148.8458657022256,-35.4498817924279,0 148.8459200252985,-35.4498035323308,0 148.8459737758566,-35.44972501029234,0 148.846026951997,-35.44964622909237,0 148.8460795518372,-35.44956719151993,0 148.846131573515,-35.44948790037312,0 148.8461830151888,-35.44940835845902,0 148.8462338750373,-35.44932856859361,0 148.8462841512601,-35.4492485336016,0 148.8463338420772,-35.44916825631641,0 148.8463829457294,-35.44908773958006,0 148.8464314604785,-35.44900698624301,0 148.8464793846069,-35.4489259991641,0 148.8465267164178,-35.44884478121046,0 148.8465734542358,-35.44876333525739,0 148.8466195964061,-35.44868166418825,0 148.8466651412953,-35.44859977089439,0 148.8467100872909,-35.448517658275,0 148.8467544328018,-35.44843532923706,0 148.846798176258,-35.4483527866952,0 148.8468413161109,-35.44827003357161,0 148.8468838508333,-35.44818707279593,0 148.8469257789193,-35.44810390730517,0 148.8469670988846,-35.44802054004356,0 148.8470078092663,-35.44793697396248,0 148.8470479086233,-35.44785321202038,0 148.847087395536,-35.44776925718261,0 148.8471262686063,-35.44768511242135,0 148.8471645264581,-35.4476007807155,0 148.8472021677371,-35.44751626505064,0 148.8472391911105,-35.44743156841876,0 148.8472755952677,-35.44734669381833,0 148.84731137892,-35.44726164425411,0 148.8473465408004,-35.44717642273702,0 148.8473810796643,-35.44709103228413,0 148.8474149942887,-35.44700547591841,0 148.8474482834731,-35.44691975666877,0 148.847480946039,-35.44683387756986,0 148.8475129808301,-35.44674784166199,0 148.8475443867121,-35.44666165199102,0 148.8475751625734,-35.44657531160826,0 148.8476053073243,-35.44648882357034,0 148.8476348198977,-35.44640219093915,0 148.8476636992487,-35.44631541678167,0 148.847691944355,-35.44622850416989,0 148.8477195542167,-35.44614145618073,0 148.8477465278561,-35.44605427589587,0 148.8477728643186,-35.44596696640168,0 148.8477985626716,-35.44587953078912,0 148.8478236220055,-35.4457919721536,0 148.8478480414329,-35.4457042935949,0 148.8478718200896,-35.44561649821703,0 148.8478949571335,-35.44552858912814,0 148.8479174517457,-35.44544056944041,0 148.8479393031297,-35.44535244226994,0 148.847960510512,-35.44526421073662,0 148.8479810731417,-35.44517587796404,0 148.848000990291,-35.44508744707939,0 148.8480202612547,-35.4449989212133,0 148.8480388853506,-35.44491030349982,0 148.8480568619194,-35.44482159707617,0 148.8480741903245,-35.44473280508278,0 148.8480908699526,-35.44464393066309,0 148.8481069002132,-35.44455497696344,0 148.8481222805387,-35.44446594713299,0 148.8481370103848,-35.44437684432359,0 148.8481510892298,-35.4442876716897,0 148.8481645165753,-35.44419843238821,0 148.8481772919461,-35.44410912957839,0 148.8481894148899,-35.44401976642177,0 148.8482008849774,-35.443930346082,0 148.8482117018025,-35.44384087172475,0 148.8482218649825,-35.44375134651763,0 148.8482313741574,-35.44366177363002,0 148.8482402289906,-35.443572156233,0 148.8482484291686,-35.44348249749923,0 148.8482559744012,-35.44339280060283,0 148.8482628644211,-35.44330306871927,0 148.8482690989845,-35.44321330502525,0 148.8482746778707,-35.44312351269861,0 148.8482796008822,-35.4430336949182,0 148.8482838678446,-35.44294385486377,0 148.8482874786069,-35.44285399571586,0 148.8482904330414,-35.44276412065569,0 148.8482927310433,-35.44267423286502,0 148.8482943725313,-35.44258433552609,0 148.8482953574474,-35.44249443182146,0 
						</coordinates>
					</LinearRing>
				</outerBoundaryIs>
			</Polygon>
		</Placemark>
		<Placemark id="360">
			<name>Bendora Dam NFZ 2_0</name>
			<styleUrl>#363</styleUrl>
			<Polygon id="359">
				<outerBoundaryIs>
					<LinearRing id="361">
						<coordinates>
							148.8171868797696,-35.45103875319577,0 148.8167456692919,-35.45016985204025,0 148.8163991096712,-35.44927293093095,0 148.8161498355514,-35.44835481679951,0 148.8159997408696,-35.44742249765281,0 148.8159499645384,-35.4464830693717,0 148.8160008818819,-35.44554368169582,0 148.8161521018851,-35.44461148380611,0 148.816402470277,-35.44369356991903,0 148.8167500784175,-35.44279692530663,0 148.817192277921,-35.44192837315294,0 148.8177257008989,-35.44109452265037,0 148.818346285667,-35.44030171873055,0 148.8190493077183,-35.43955599381139,0 148.8198294157243,-35.43886302192603,0 148.8206806722899,-35.43822807558217,0 148.8215965991484,-35.43765598567836,0 148.822570226457,-35.43715110478134,0 148.8235941458128,-35.43671727404233,0 148.8246605665902,-35.43635779400299,0 148.8257613751714,-35.43607539951177,0 148.8268881966192,-35.43587223894102,0 148.8280324583292,-35.4357498578612,0 148.8291854551748,-35.43570918729673,0 148.8303384156559,-35.43575053665141,0 148.8314825685481,-35.43587359135748,0 148.8326092095523,-35.43607741526587,0 148.8337097674345,-35.43636045775952,0 148.8347758691634,-35.43672056553616,0 148.8357994035451,-35.4371549989713,0 148.8367725828801,-35.43766045293759,0 148.83768800217,-35.43823308192329,0 148.83853869543,-35.43886852925946,0 148.8393181886758,-35.43956196023486,0 148.8400205491856,-35.44030809884767,0 148.8406404306606,-35.44110126791574,0 148.8411731139421,-35.44193543224134,0 148.8416145429709,-35.44280424450321,0 148.8419613557188,-35.44370109352791,0 148.8422109098505,-35.44461915457406,0 148.8423613029211,-35.44555144124772,0 148.8424113869513,-35.44649085865475,0 148.842360777268,-35.44743025738586,0 148.8422098555379,-35.44836248792424,0 148.8419597669694,-35.44928045506143,0 148.8416124117,-35.45017717190736,0 148.8411704304321,-35.45104581308325,0 148.8406371844233,-35.4518797666918,0 148.8400167299806,-35.45267268466851,0 148.8393137876512,-35.45341853112997,0 148.8385337063413,-35.45411162835001,0 148.8376824226349,-35.45474670001271,0 148.8367664156233,-35.45531891141177,0 148.8357926575846,-35.45582390628886,0 148.8347685608941,-35.45625784002954,0 148.8337019215654,-35.45661740896253,0 148.8326008598572,-35.45689987553831,0 148.8314737583974,-35.45710308919439,0 148.8303291982987,-35.45722550274725,0 148.829175893754,-35.45726618418582,0 148.8280226256128,-35.4572248237759,0 148.8268781744472,-35.45710173642114,0 148.8257512536199,-35.45689785926266,0 148.8246504428664,-35.45661474453548,0 148.823584122902,-35.45625454773663,0 148.8225604115512,-35.45582001119551,0 148.8215871018909,-35.45531444317231,0 148.820671602879,-35.45474169264431,0 148.8198208829229,-35.45410611997347,0 148.8190414168179,-35.45341256367923,0 148.8183391364614,-35.45266630357118,0 148.8177193857162,-35.45187302052305,0 148.8171868797696,-35.45103875319577,0 
						</coordinates>
					</LinearRing>
				</outerBoundaryIs>
			</Polygon>
		</Placemark>
		<Placemark id="374">
			<name>Bendora Dam NFZ 2_nfz_0</name>
			<styleUrl>#377</styleUrl>
			<Polygon id="373">
				<outerBoundaryIs>
					<LinearRing id="375">
						<coordinates>
							148.8295309397523,-35.44654967321038,0 148.8295196953115,-35.44646251819538,0 148.8294864534251,-35.44637917227276,0 148.8294326669231,-35.44630327805927,0 148.8293606865337,-35.44623815249621,0 148.8292736581454,-35.44618664188321,0 148.8291753853161,-35.44615099748123,0 148.8290701630404,-35.44613277712165,0 148.8289625900364,-35.44613277712165,0 148.8288573677606,-35.44615099748123,0 148.8287590949314,-35.44618664188321,0 148.828672066543,-35.44623815249621,0 148.8286000861536,-35.44630327805927,0 148.8285462996516,-35.44637917227276,0 148.8285130577652,-35.44646251819538,0 148.8285018133244,-35.44654967321038,0 148.8285130577652,-35.44663682822537,0 148.8285462996516,-35.44672017414799,0 148.8286000861536,-35.44679606836149,0 148.828672066543,-35.44686119392454,0 148.8287590949314,-35.44691270453755,0 148.8288573677606,-35.44694834893954,0 148.8289625900364,-35.4469665692991,0 148.8290701630404,-35.4469665692991,0 148.8291753853161,-35.44694834893954,0 148.8292736581454,-35.44691270453755,0 148.8293606865337,-35.44686119392454,0 148.8294326669231,-35.44679606836149,0 148.8294864534251,-35.44672017414799,0 148.8295196953115,-35.44663682822537,0 
						</coordinates>
					</LinearRing>
				</outerBoundaryIs>
			</Polygon>
		</Placemark>
		<Placemark id="381">
			<name>Bendora Dam NFZ 2_grb_0</name>
			<styleUrl>#384</styleUrl>
			<Polygon id="380">
				<outerBoundaryIs>
					<LinearRing id="382">
						<coordinates>
							148.8387530121477,-35.44654967321038,0 148.8387523882002,-35.44645987632745,0 148.8387505164376,-35.44637009095332,0 148.8387473971,-35.44628032859534,0 148.8387430305869,-35.44619060075789,0 148.8387374174581,-35.44610091894093,0 148.838730558433,-35.44601129463851,0 148.8387224543906,-35.44592173933734,0 148.8387131063697,-35.44583226451525,0 148.8387025155683,-35.44574288163979,0 148.8386906833438,-35.44565360216669,0 148.8386776112126,-35.44556443753846,0 148.8386633008502,-35.44547539918286,0 148.8386477540905,-35.4453864985115,0 148.8386309729263,-35.44529774691831,0 148.8386129595082,-35.44520915577815,0 148.8385937161449,-35.44512073644528,0 148.8385732453028,-35.44503250025195,0 148.8385515496054,-35.44494445850697,0 148.8385286318335,-35.44485662249418,0 148.8385044949242,-35.44476900347108,0 148.8384791419711,-35.44468161266735,0 148.8384525762236,-35.44459446128343,0 148.8384248010863,-35.44450756048907,0 148.8383958201192,-35.4444209214219,0 148.8383656370366,-35.444334555186,0 148.8383342557069,-35.44424847285051,0 148.838301680152,-35.44416268544816,0 148.838267914547,-35.44407720397386,0 148.8382329632196,-35.44399203938336,0 148.8381968306491,-35.44390720259177,0 148.8381595214665,-35.44382270447218,0 148.8381210404537,-35.4437385558543,0 148.8380813925424,-35.44365476752301,0 148.8380405828141,-35.44357135021704,0 148.8379986164993,-35.44348831462757,0 148.8379554989766,-35.44340567139684,0 148.837911235772,-35.44332343111682,0 148.8378658325586,-35.44324160432781,0 148.8378192951555,-35.44316020151716,0 148.8377716295271,-35.44307923311783,0 148.8377228417825,-35.44299870950714,0 148.8376729381746,-35.44291864100538,0 148.8376219250993,-35.44283903787455,0 148.8375698090946,-35.44275991031694,0 148.83751659684,-35.44268126847396,0 148.8374622951555,-35.44260312242471,0 148.8374069110006,-35.44252548218478,0 148.8373504514736,-35.44244835770493,0 148.8372929238106,-35.4423717588698,0 148.8372343353847,-35.44229569549668,0 148.8371746937049,-35.44222017733424,0 148.8371140064151,-35.44214521406123,0 148.8370522812933,-35.44207081528532,0 148.8369895262505,-35.44199699054183,0 148.8369257493297,-35.4419237492925,0 148.8368609587049,-35.44185110092429,0 148.8367951626799,-35.44177905474815,0 148.8367283696875,-35.44170761999791,0 148.8366605882882,-35.44163680582897,0 148.8365918271692,-35.44156662131722,0 148.8365220951433,-35.44149707545787,0 148.8364514011476,-35.44142817716424,0 148.8363797542426,-35.4413599352667,0 148.8363071636111,-35.44129235851143,0 148.8362336385565,-35.44122545555943,0 148.8361591885021,-35.44115923498529,0 148.83608382299,-35.44109370527617,0 148.8360075516792,-35.44102887483069,0 148.835930384345,-35.44096475195783,0 148.8358523308777,-35.44090134487589,0 148.835773401281,-35.44083866171143,0 148.8356936056707,-35.44077671049824,0 148.835612954274,-35.44071549917629,0 148.8355314574275,-35.44065503559072,0 148.8354491255763,-35.44059532749083,0 148.8353659692724,-35.44053638252913,0 148.8352819991735,-35.44047820826027,0 148.8351972260417,-35.44042081214017,0 148.8351116607418,-35.44036420152498,0 148.8350253142404,-35.44030838367021,0 148.8349381976041,-35.44025336572974,0 148.8348503219981,-35.44019915475494,0 148.834761698685,-35.44014575769376,0 148.8346723390232,-35.44009318138983,0 148.8345822544655,-35.44004143258157,0 148.8344914565576,-35.43999051790139,0 148.8343999569366,-35.43994044387475,0 148.8343077673294,-35.43989121691937,0 148.8342148995517,-35.43984284334444,0 148.8341213655057,-35.43979532934974,0 148.8340271771793,-35.43974868102492,0 148.833932346644,-35.43970290434863,0 148.8338368860539,-35.43965800518784,0 148.8337408076437,-35.43961398929706,0 148.8336441237271,-35.43957086231757,0 148.8335468466958,-35.43952862977675,0 148.8334489890172,-35.43948729708731,0 148.8333505632332,-35.43944686954666,0 148.8332515819585,-35.43940735233619,0 148.8331520578792,-35.43936875052063,0 148.8330520037506,-35.43933106904736,0 148.8329514323962,-35.43929431274584,0 148.8328503567058,-35.43925848632693,0 148.8327487896337,-35.43922359438232,0 148.8326467441971,-35.43918964138393,0 148.8325442334748,-35.43915663168335,0 148.8324412706051,-35.43912456951125,0 148.8323378687841,-35.4390934589769,0 148.8322340412644,-35.43906330406756,0 148.8321298013529,-35.43903410864804,0 148.8320251624097,-35.43900587646016,0 148.8319201378457,-35.4389786111223,0 148.8318147411214,-35.43895231612893,0 148.8317089857449,-35.43892699485012,0 148.8316028852705,-35.4389026505312,0 148.8314964532963,-35.43887928629223,0 148.8313897034634,-35.4388569051277,0 148.8312826494533,-35.43883550990609,0 148.8311753049864,-35.43881510336952,0 148.8310676838207,-35.43879568813338,0 148.8309597997495,-35.43877726668603,0 148.8308516665995,-35.43875984138845,0 148.8307432982298,-35.43874341447396,0 148.8306347085293,-35.4387279880479,0 148.8305259114154,-35.43871356408741,0 148.8304169208322,-35.43870014444111,0 148.8303077507483,-35.43868773082897,0 148.8301984151555,-35.43867632484195,0 148.8300889280669,-35.4386659279419,0 148.8299793035148,-35.43865654146133,0 148.8298695555492,-35.43864816660329,0 148.8297596982361,-35.43864080444111,0 148.8296497456552,-35.43863445591838,0 148.8295397118985,-35.43862912184874,0 148.8294296110687,-35.43862480291585,0 148.8293194572767,-35.43862149967323,0 148.8292092646404,-35.43861921254425,0 148.8290990472826,-35.43861794182204,0 148.8289888193293,-35.43861768766946,0 148.8288785949079,-35.43861845011907,0 148.8287683881452,-35.43862022907317,0 148.828658213166,-35.43862302430374,0 148.8285480840907,-35.43862683545256,0 148.8284380150341,-35.43863166203115,0 148.8283280201032,-35.43863750342092,0 148.8282181133953,-35.4386443588732,0 148.8281083089968,-35.43865222750937,0 148.8279986209807,-35.43866110832095,0 148.8278890634052,-35.43867100016973,0 148.8277796503116,-35.43868190178792,0 148.8276703957229,-35.43869381177831,0 148.8275613136418,-35.43870672861447,0 148.8274524180486,-35.4387206506409,0 148.8273437229001,-35.43873557607329,0 148.827235242127,-35.43875150299873,0 148.8271269896329,-35.43876842937594,0 148.8270189792918,-35.43878635303556,0 148.8269112249471,-35.43880527168039,0 148.8268037404088,-35.43882518288574,0 148.8266965394529,-35.43884608409969,0 148.8265896358187,-35.43886797264342,0 148.8264830432074,-35.43889084571161,0 148.8263767752807,-35.43891470037273,0 148.8262708456581,-35.43893953356944,0 148.8261652679163,-35.438965342119,0 148.8260600555866,-35.43899212271366,0 148.8259552221535,-35.4390198719211,0 148.8258507810529,-35.43904858618482,0 148.8257467456706,-35.43907826182468,0 148.8256431293402,-35.43910889503729,0 148.8255399453418,-35.43914048189656,0 148.8254372068998,-35.43917301835415,0 148.8253349271818,-35.43920650024005,0 148.8252331192964,-35.43924092326303,0 148.8251317962919,-35.43927628301128,0 148.8250309711542,-35.43931257495292,0 148.8249306568056,-35.43934979443659,0 148.8248308661029,-35.43938793669208,0 148.8247316118358,-35.43942699683087,0 148.8246329067251,-35.43946696984682,0 148.8245347634215,-35.43950785061681,0 148.8244371945034,-35.43954963390134,0 148.8243402124757,-35.43959231434527,0 148.8242438297682,-35.43963588647846,0 148.8241480587337,-35.4396803447165,0 148.8240529116467,-35.4397256833614,0 148.8239584007017,-35.43977189660232,0 148.8238645380118,-35.43981897851637,0 148.8237713356068,-35.43986692306929,0 148.8236788054319,-35.43991572411627,0 148.8235869593464,-35.43996537540273,0 148.8234958091216,-35.44001587056512,0 148.8234053664398,-35.44006720313172,0 148.8233156428926,-35.44011936652351,0 148.8232266499795,-35.44017235405497,0 148.8231383991061,-35.44022615893495,0 148.8230509015831,-35.44028077426756,0 148.8229641686248,-35.44033619305304,0 148.822878211347,-35.44039240818862,0 148.8227930407667,-35.44044941246952,0 148.8227086677996,-35.44050719858977,0 148.8226251032594,-35.44056575914324,0 148.8225423578562,-35.4406250866245,0 148.822460442195,-35.44068517342986,0 148.8223793667746,-35.4407460118583,0 148.8222991419858,-35.44080759411247,0 148.8222197781109,-35.44086991229968,0 148.8221412853213,-35.44093295843292,0 148.8220636736772,-35.4409967244319,0 148.8219869531256,-35.44106120212406,0 148.8219111334994,-35.44112638324561,0 148.8218362245161,-35.44119225944262,0 148.8217622357762,-35.44125882227208,0 148.8216891767627,-35.44132606320296,0 148.821617056839,-35.44139397361734,0 148.8215458852485,-35.44146254481149,0 148.8214756711128,-35.44153176799698,0 148.8214064234309,-35.44160163430184,0 148.821338151078,-35.44167213477165,0 148.8212708628042,-35.44174326037074,0 148.8212045672334,-35.44181500198327,0 148.8211392728624,-35.44188735041453,0 148.8210749880597,-35.44196029639195,0 148.8210117210643,-35.44203383056642,0 148.8209494799849,-35.44210794351347,0 148.8208882727985,-35.44218262573439,0 148.8208281073498,-35.44225786765755,0 148.8207689913498,-35.44233365963958,0 148.8207109323753,-35.4424099919666,0 148.8206539378672,-35.44248685485549,0 148.8205980151303,-35.44256423845512,0 148.8205431713319,-35.44264213284764,0 148.8204894135012,-35.4427205280497,0 148.8204367485278,-35.44279941401381,0 148.8203851831617,-35.44287878062954,0 148.8203347240117,-35.44295861772489,0 148.8202853775448,-35.44303891506753,0 148.8202371500857,-35.44311966236617,0 148.8201900478154,-35.44320084927184,0 148.8201440767706,-35.44328246537921,0 148.8200992428434,-35.44336450022799,0 148.8200555517797,-35.44344694330417,0 148.8200130091794,-35.44352978404144,0 148.8199716204948,-35.44361301182253,0 148.8199313910305,-35.44369661598056,0 148.8198923259426,-35.4437805858004,0 148.8198544302377,-35.44386491052008,0 148.8198177087729,-35.44394957933213,0 148.8197821662546,-35.44403458138498,0 148.8197478072379,-35.44411990578433,0 148.8197146361265,-35.44420554159461,0 148.8196826571719,-35.4442914778403,0 148.8196518744726,-35.44437770350739,0 148.8196222919737,-35.44446420754478,0 148.8195939134669,-35.44455097886568,0 148.8195667425893,-35.44463800634907,0 148.819540782823,-35.44472527884106,0 148.8195160374954,-35.44481278515639,0 148.8194925097779,-35.44490051407983,0 148.8194702026859,-35.44498845436758,0 148.8194491190783,-35.44507659474881,0 148.8194292616575,-35.445164923927,0 148.8194106329684,-35.44525343058146,0 148.8193932353985,-35.44534210336874,0 148.8193770711776,-35.4454309309241,0 148.8193621423774,-35.44551990186296,0 148.8193484509112,-35.44560900478236,0 148.8193359985339,-35.44569822826246,0 148.8193247868413,-35.44578756086791,0 148.8193148172704,-35.44587699114943,0 148.819306091099,-35.44596650764518,0 148.8192986094454,-35.44605609888229,0 148.8192923732685,-35.44614575337831,0 148.8192873833676,-35.44623545964268,0 148.8192836403823,-35.4463252061782,0 148.8192811447922,-35.44641498148253,0 148.8192798969172,-35.44650477404959,0 148.8192798969172,-35.44659457237117,0 148.8192811447922,-35.44668436493823,0 148.8192836403823,-35.44677414024255,0 148.8192873833676,-35.44686388677808,0 148.8192923732685,-35.44695359304244,0 148.8192986094454,-35.44704324753847,0 148.819306091099,-35.44713283877557,0 148.8193148172704,-35.44722235527133,0 148.8193247868413,-35.44731178555284,0 148.8193359985339,-35.4474011181583,0 148.8193484509112,-35.44749034163839,0 148.8193621423774,-35.4475794445578,0 148.8193770711776,-35.44766841549666,0 148.8193932353985,-35.44775724305202,0 148.8194106329684,-35.4478459158393,0 148.8194292616575,-35.44793442249375,0 148.8194491190783,-35.44802275167195,0 148.8194702026859,-35.44811089205318,0 148.8194925097779,-35.44819883234094,0 148.8195160374954,-35.44828656126436,0 148.819540782823,-35.44837406757969,0 148.8195667425893,-35.44846134007169,0 148.8195939134669,-35.44854836755508,0 148.8196222919737,-35.44863513887598,0 148.8196518744726,-35.44872164291337,0 148.8196826571719,-35.44880786858046,0 148.8197146361265,-35.44889380482615,0 148.8197478072379,-35.44897944063642,0 148.8197821662546,-35.44906476503578,0 148.8198177087729,-35.44914976708862,0 148.8198544302377,-35.44923443590067,0 148.8198923259426,-35.44931876062035,0 148.8199313910305,-35.4494027304402,0 148.8199716204948,-35.44948633459823,0 148.8200130091794,-35.44956956237932,0 148.8200555517797,-35.44965240311659,0 148.8200992428434,-35.44973484619276,0 148.8201440767706,-35.44981688104154,0 148.8201900478154,-35.44989849714892,0 148.8202371500857,-35.44997968405458,0 148.8202853775448,-35.45006043135322,0 148.8203347240117,-35.45014072869587,0 148.8203851831617,-35.45022056579121,0 148.8204367485278,-35.45029993240695,0 148.8204894135012,-35.45037881837105,0 148.8205431713319,-35.45045721357312,0 148.8205980151303,-35.45053510796564,0 148.8206539378672,-35.45061249156527,0 148.8207109323753,-35.45068935445416,0 148.8207689913498,-35.45076568678118,0 148.8208281073498,-35.4508414787632,0 148.8208882727985,-35.45091672068637,0 148.8209494799849,-35.45099140290728,0 148.8210117210643,-35.45106551585433,0 148.8210749880597,-35.45113905002881,0 148.8211392728624,-35.45121199600624,0 148.8212045672334,-35.45128434443748,0 148.8212708628042,-35.45135608605003,0 148.821338151078,-35.4514272116491,0 148.8214064234309,-35.45149771211891,0 148.8214756711128,-35.45156757842378,0 148.8215458852485,-35.45163680160927,0 148.821617056839,-35.45170537280342,0 148.8216891767627,-35.4517732832178,0 148.8217622357762,-35.45184052414868,0 148.8218362245161,-35.45190708697814,0 148.8219111334994,-35.45197296317515,0 148.8219869531256,-35.45203814429669,0 148.8220636736772,-35.45210262198885,0 148.8221412853213,-35.45216638798784,0 148.8222197781109,-35.45222943412108,0 148.8222991419858,-35.45229175230828,0 148.8223793667746,-35.45235333456245,0 148.822460442195,-35.45241417299089,0 148.8225423578562,-35.45247425979625,0 148.8226251032594,-35.45253358727752,0 148.8227086677996,-35.45259214783098,0 148.8227930407667,-35.45264993395124,0 148.822878211347,-35.45270693823213,0 148.8229641686248,-35.45276315336772,0 148.8230509015831,-35.45281857215319,0 148.8231383991061,-35.45287318748581,0 148.8232266499795,-35.45292699236579,0 148.8233156428926,-35.45297997989724,0 148.8234053664398,-35.45303214328904,0 148.8234958091216,-35.45308347585564,0 148.8235869593464,-35.45313397101803,0 148.8236788054319,-35.45318362230449,0 148.8237713356068,-35.45323242335147,0 148.8238645380118,-35.45328036790438,0 148.8239584007017,-35.45332744981843,0 148.8240529116467,-35.45337366305936,0 148.8241480587337,-35.45341900170426,0 148.8242438297682,-35.4534634599423,0 148.8243402124757,-35.45350703207549,0 148.8244371945034,-35.45354971251942,0 148.8245347634215,-35.45359149580395,0 148.8246329067251,-35.45363237657394,0 148.8247316118358,-35.45367234958989,0 148.8248308661029,-35.45371140972868,0 148.8249306568056,-35.45374955198416,0 148.8250309711542,-35.45378677146783,0 148.8251317962919,-35.45382306340947,0 148.8252331192964,-35.45385842315773,0 148.8253349271818,-35.45389284618071,0 148.8254372068998,-35.45392632806661,0 148.8255399453418,-35.4539588645242,0 148.8256431293402,-35.45399045138346,0 148.8257467456706,-35.45402108459608,0 148.8258507810529,-35.45405076023594,0 148.8259552221535,-35.45407947449966,0 148.8260600555866,-35.4541072237071,0 148.8261652679163,-35.45413400430176,0 148.8262708456581,-35.45415981285132,0 148.8263767752807,-35.45418464604803,0 148.8264830432074,-35.45420850070914,0 148.8265896358187,-35.45423137377733,0 148.8266965394529,-35.45425326232107,0 148.8268037404088,-35.45427416353502,0 148.8269112249471,-35.45429407474037,0 148.8270189792918,-35.4543129933852,0 148.8271269896329,-35.45433091704481,0 148.827235242127,-35.45434784342203,0 148.8273437229001,-35.45436377034746,0 148.8274524180486,-35.45437869577986,0 148.8275613136418,-35.45439261780628,0 148.8276703957229,-35.45440553464244,0 148.8277796503116,-35.45441744463284,0 148.8278890634052,-35.45442834625102,0 148.8279986209807,-35.4544382380998,0 148.8281083089968,-35.45444711891138,0 148.8282181133953,-35.45445498754755,0 148.8283280201032,-35.45446184299983,0 148.8284380150341,-35.45446768438961,0 148.8285480840907,-35.45447251096819,0 148.828658213166,-35.45447632211701,0 148.8287683881452,-35.45447911734759,0 148.8288785949079,-35.45448089630169,0 148.8289888193293,-35.4544816587513,0 148.8290990472826,-35.45448140459872,0 148.8292092646404,-35.4544801338765,0 148.8293194572767,-35.45447784674752,0 148.8294296110687,-35.4544745435049,0 148.8295397118985,-35.45447022457201,0 148.8296497456552,-35.45446489050237,0 148.8297596982361,-35.45445854197964,0 148.8298695555492,-35.45445117981747,0 148.8299793035148,-35.45444280495942,0 148.8300889280669,-35.45443341847886,0 148.8301984151555,-35.4544230215788,0 148.8303077507483,-35.45441161559179,0 148.8304169208322,-35.45439920197964,0 148.8305259114154,-35.45438578233335,0 148.8306347085293,-35.45437135837285,0 148.8307432982298,-35.4543559319468,0 148.8308516665995,-35.4543395050323,0 148.8309597997495,-35.45432207973472,0 148.8310676838207,-35.45430365828737,0 148.8311753049864,-35.45428424305123,0 148.8312826494533,-35.45426383651466,0 148.8313897034634,-35.45424244129305,0 148.8314964532963,-35.45422006012853,0 148.8316028852705,-35.45419669588956,0 148.8317089857449,-35.45417235157063,0 148.8318147411214,-35.45414703029184,0 148.8319201378457,-35.45412073529846,0 148.8320251624097,-35.4540934699606,0 148.8321298013529,-35.45406523777272,0 148.8322340412644,-35.4540360423532,0 148.8323378687841,-35.45400588744386,0 148.8324412706051,-35.4539747769095,0 148.8325442334748,-35.45394271473741,0 148.8326467441971,-35.45390970503683,0 148.8327487896337,-35.45387575203844,0 148.8328503567058,-35.45384086009383,0 148.8329514323962,-35.45380503367492,0 148.8330520037506,-35.45376827737339,0 148.8331520578792,-35.45373059590013,0 148.8332515819585,-35.45369199408456,0 148.8333505632332,-35.4536524768741,0 148.8334489890172,-35.45361204933344,0 148.8335468466958,-35.45357071664401,0 148.8336441237271,-35.45352848410319,0 148.8337408076437,-35.4534853571237,0 148.8338368860539,-35.45344134123291,0 148.833932346644,-35.45339644207213,0 148.8340271771793,-35.45335066539584,0 148.8341213655057,-35.45330401707101,0 148.8342148995517,-35.45325650307631,0 148.8343077673294,-35.45320812950138,0 148.8343999569366,-35.45315890254601,0 148.8344914565576,-35.45310882851937,0 148.8345822544655,-35.45305791383918,0 148.8346723390232,-35.45300616503093,0 148.834761698685,-35.45295358872699,0 148.8348503219981,-35.45290019166582,0 148.8349381976041,-35.45284598069102,0 148.8350253142404,-35.45279096275055,0 148.8351116607418,-35.45273514489578,0 148.8351972260417,-35.45267853428059,0 148.8352819991735,-35.45262113816048,0 148.8353659692724,-35.45256296389162,0 148.8354491255763,-35.45250401892992,0 148.8355314574275,-35.45244431083004,0 148.835612954274,-35.45238384724447,0 148.8356936056707,-35.45232263592252,0 148.835773401281,-35.45226068470932,0 148.8358523308777,-35.45219800154487,0 148.835930384345,-35.45213459446293,0 148.8360075516792,-35.45207047159006,0 148.83608382299,-35.45200564114458,0 148.8361591885021,-35.45194011143547,0 148.8362336385565,-35.45187389086133,0 148.8363071636111,-35.45180698790932,0 148.8363797542426,-35.45173941115406,0 148.8364514011476,-35.45167116925651,0 148.8365220951433,-35.45160227096289,0 148.8365918271692,-35.45153272510353,0 148.8366605882882,-35.45146254059178,0 148.8367283696875,-35.45139172642285,0 148.8367951626799,-35.4513202916726,0 148.8368609587049,-35.45124824549647,0 148.8369257493297,-35.45117559712826,0 148.8369895262505,-35.45110235587892,0 148.8370522812933,-35.45102853113544,0 148.8371140064151,-35.45095413235953,0 148.8371746937049,-35.45087916908652,0 148.8372343353847,-35.45080365092407,0 148.8372929238106,-35.45072758755095,0 148.8373504514736,-35.45065098871583,0 148.8374069110006,-35.45057386423598,0 148.8374622951555,-35.45049622399605,0 148.83751659684,-35.45041807794679,0 148.8375698090946,-35.45033943610381,0 148.8376219250993,-35.45026030854621,0 148.8376729381746,-35.45018070541537,0 148.8377228417825,-35.45010063691362,0 148.8377716295271,-35.45002011330293,0 148.8378192951555,-35.4499391449036,0 148.8378658325586,-35.44985774209295,0 148.837911235772,-35.44977591530394,0 148.8379554989766,-35.44969367502392,0 148.8379986164993,-35.44961103179319,0 148.8380405828141,-35.44952799620371,0 148.8380813925424,-35.44944457889775,0 148.8381210404537,-35.44936079056646,0 148.8381595214665,-35.44927664194857,0 148.8381968306491,-35.44919214382898,0 148.8382329632196,-35.44910730703739,0 148.838267914547,-35.44902214244689,0 148.838301680152,-35.4489366609726,0 148.8383342557069,-35.44885087357024,0 148.8383656370366,-35.44876479123475,0 148.8383958201192,-35.44867842499885,0 148.8384248010863,-35.44859178593169,0 148.8384525762236,-35.44850488513733,0 148.8384791419711,-35.44841773375341,0 148.8385044949242,-35.44833034294968,0 148.8385286318335,-35.44824272392658,0 148.8385515496054,-35.44815488791378,0 148.8385732453028,-35.4480668461688,0 148.8385937161449,-35.44797860997548,0 148.8386129595082,-35.4478901906426,0 148.8386309729263,-35.44780159950244,0 148.8386477540905,-35.44771284790926,0 148.8386633008502,-35.44762394723789,0 148.8386776112126,-35.4475349088823,0 148.8386906833438,-35.44744574425407,0 148.8387025155683,-35.44735646478097,0 148.8387131063697,-35.4472670819055,0 148.8387224543906,-35.44717760708342,0 148.838730558433,-35.44708805178225,0 148.8387374174581,-35.44699842747983,0 148.8387430305869,-35.44690874566287,0 148.8387473971,-35.44681901782541,0 148.8387505164376,-35.44672925546743,0 148.8387523882002,-35.44663947009331,0 
						</coordinates>
					</LinearRing>
				</outerBoundaryIs>
			</Polygon>
		</Placemark>
		<Placemark id="388">
			<name>Bendora Dam NFZ 2_dv_0</name>
			<styleUrl>#391</styleUrl>
			<Polygon id="387">
				<outerBoundaryIs>
					<LinearRing id="389">
						<coordinates>
							148.8473746807369,-35.44654967321038,0 148.8473743488972,-35.4464597507338,0 148.8473733533899,-35.44636983150806,0 148.8473716942511,-35.44627991878386,0 148.8473693715408,-35.44619001581167,0 148.8473663853429,-35.44610012584162,0 148.8473627357654,-35.44601025212337,0 148.8473584229401,-35.44592039790598,0 148.8473534470232,-35.44583056643781,0 148.8473478081943,-35.4457407609664,0 148.8473415066574,-35.44565098473834,0 148.8473345426403,-35.44556124099919,0 148.8473269163948,-35.44547153299331,0 148.8473186281965,-35.44538186396377,0 148.847309678345,-35.44529223715224,0 148.847300067164,-35.44520265579886,0 148.8472897950008,-35.44511312314212,0 148.8472788622269,-35.44502364241878,0 148.8472672692375,-35.44493421686366,0 148.8472550164516,-35.44484484970966,0 148.8472421043123,-35.44475554418752,0 148.8472285332863,-35.44466630352576,0 148.8472143038642,-35.44457713095058,0 148.8471994165605,-35.44448802968567,0 148.8471838719133,-35.44439900295217,0 148.8471676704846,-35.44431005396856,0 148.8471508128601,-35.44422118595045,0 148.8471332996493,-35.44413240211056,0 148.8471151314853,-35.44404370565855,0 148.8470963090248,-35.44395509980093,0 148.8470768329483,-35.44386658774092,0 148.84705670396,-35.44377817267837,0 148.8470359227875,-35.44368985780962,0 148.8470144901821,-35.44360164632737,0 148.8469924069186,-35.44351354142059,0 148.8469696737953,-35.44342554627442,0 148.8469462916341,-35.44333766406999,0 148.8469222612803,-35.44324989798439,0 148.8468975836026,-35.44316225119048,0 148.8468722594932,-35.44307472685683,0 148.8468462898675,-35.44298732814755,0 148.8468196756644,-35.44290005822226,0 148.8467924178461,-35.44281292023588,0 148.8467645173979,-35.44272591733857,0 148.8467359753284,-35.44263905267563,0 148.8467067926696,-35.44255232938733,0 148.8466769704764,-35.44246575060885,0 148.846646509827,-35.44237931947013,0 148.8466154118225,-35.44229303909579,0 148.8465836775871,-35.442206912605,0 148.8465513082682,-35.44212094311134,0 148.8465183050359,-35.44203513372274,0 148.8464846690833,-35.44194948754134,0 148.8464504016264,-35.44186400766337,0 148.846415503904,-35.44177869717905,0 148.8463799771778,-35.44169355917249,0 148.846343822732,-35.44160859672154,0 148.8463070418738,-35.44152381289771,0 148.8462696359327,-35.44143921076608,0 148.8462316062612,-35.44135479338514,0 148.8461929542339,-35.44127056380668,0 148.8461536812483,-35.44118652507574,0 148.846113788724,-35.44110268023044,0 148.8460732781034,-35.44101903230189,0 148.8460321508508,-35.44093558431409,0 148.8459904084532,-35.44085233928379,0 148.8459480524195,-35.44076930022045,0 148.845905084281,-35.44068647012602,0 148.845861505591,-35.44060385199496,0 148.8458173179251,-35.44052144881402,0 148.8457725228805,-35.44043926356218,0 148.8457271220768,-35.44035729921059,0 148.8456811171552,-35.44027555872235,0 148.8456345097789,-35.44019404505253,0 148.8455873016329,-35.44011276114793,0 148.8455394944237,-35.44003170994711,0 148.8454910898796,-35.43995089438019,0 148.8454420897506,-35.43987031736875,0 148.8453924958081,-35.43978998182579,0 148.8453423098449,-35.43970989065554,0 148.8452915336755,-35.43963004675342,0 148.8452401691353,-35.43955045300591,0 148.8451882180813,-35.43947111229041,0 148.8451356823916,-35.43939202747525,0 148.8450825639655,-35.43931320141943,0 148.8450288647232,-35.43923463697264,0 148.8449745866061,-35.43915633697508,0 148.8449197315764,-35.43907830425743,0 148.8448643016172,-35.43900054164067,0 148.8448082987323,-35.43892305193605,0 148.8447517249464,-35.43884583794493,0 148.8446945823047,-35.43876890245871,0 148.8446368728729,-35.43869224825871,0 148.8445785987374,-35.4386158781161,0 148.8445197620048,-35.43853979479177,0 148.8444603648022,-35.43846400103624,0 148.8444004092769,-35.43838849958958,0 148.8443398975963,-35.43831329318125,0 148.844278831948,-35.4382383845301,0 148.8442172145397,-35.43816377634417,0 148.8441550475989,-35.43808947132066,0 148.844092333373,-35.4380154721458,0 148.8440290741293,-35.43794178149478,0 148.8439652721546,-35.43786840203161,0 148.8439009297555,-35.43779533640907,0 148.8438360492581,-35.4377225872686,0 148.8437706330078,-35.43765015724018,0 148.8437046833697,-35.43757804894226,0 148.8436382027278,-35.43750626498166,0 148.8435711934854,-35.43743480795347,0 148.8435036580653,-35.43736368044097,0 148.8434355989087,-35.43729288501553,0 148.8433670184762,-35.4372224242365,0 148.843297919247,-35.43715230065114,0 148.8432283037193,-35.43708251679453,0 148.8431581744095,-35.43701307518945,0 148.8430875338532,-35.43694397834632,0 148.8430163846039,-35.43687522876308,0 148.8429447292339,-35.43680682892514,0 148.8428725703336,-35.43673878130525,0 148.8427999105117,-35.43667108836344,0 148.8427267523949,-35.43660375254689,0 148.8426530986279,-35.43653677628991,0 148.8425789518736,-35.43647016201376,0 148.8425043148123,-35.43640391212667,0 148.8424291901424,-35.43633802902367,0 148.8423535805797,-35.43627251508651,0 148.8422774888576,-35.43620737268363,0 148.8422009177269,-35.43614260417002,0 148.8421238699557,-35.43607821188714,0 148.8420463483296,-35.4360141981629,0 148.8419683556509,-35.43595056531147,0 148.8418898947393,-35.43588731563326,0 148.8418109684312,-35.43582445141485,0 148.8417315795799,-35.43576197492888,0 148.8416517310554,-35.43569988843395,0 148.8415714257444,-35.43563819417459,0 148.8414906665501,-35.43557689438114,0 148.8414094563919,-35.43551599126967,0 148.8413277982059,-35.4354554870419,0 148.8412456949439,-35.43539538388518,0 148.8411631495742,-35.4353356839723,0 148.8410801650809,-35.43527638946152,0 148.8409967444641,-35.43521750249641,0 148.8409128907394,-35.43515902520581,0 148.8408286069385,-35.43510095970379,0 148.8407438961081,-35.43504330808947,0 148.8406587613107,-35.43498607244706,0 148.8405732056242,-35.43492925484571,0 148.8404872321414,-35.43487285733945,0 148.8404008439704,-35.43481688196713,0 148.8403140442342,-35.43476133075237,0 148.8402268360709,-35.43470620570339,0 148.8401392226332,-35.43465150881306,0 148.8400512070882,-35.43459724205876,0 148.8399627926181,-35.43454340740229,0 148.839873982419,-35.43449000678988,0 148.8397847797016,-35.43443704215201,0 148.8396951876907,-35.43438451540345,0 148.8396052096251,-35.43433242844311,0 148.8395148487578,-35.43428078315401,0 148.8394241083554,-35.43422958140321,0 148.8393329916983,-35.43417882504172,0 148.8392415020805,-35.43412851590445,0 148.8391496428095,-35.43407865581018,0 148.839057417206,-35.43402924656138,0 148.8389648286043,-35.4339802899443,0 148.8388718803515,-35.43393178772879,0 148.8387785758079,-35.43388374166826,0 148.8386849183465,-35.43383615349966,0 148.8385909113532,-35.43378902494335,0 148.8384965582265,-35.43374235770312,0 148.8384018623774,-35.43369615346607,0 148.8383068272292,-35.43365041390251,0 148.8382114562177,-35.43360514066602,0 148.8381157527906,-35.43356033539329,0 148.8380197204078,-35.43351599970408,0 148.837923362541,-35.43347213520122,0 148.8378266826736,-35.43342874347045,0 148.8377296843007,-35.43338582608045,0 148.8376323709291,-35.43334338458276,0 148.8375347460767,-35.43330142051168,0 148.8374368132728,-35.4332599353843,0 148.8373385760578,-35.43321893070034,0 148.8372400379831,-35.43317840794219,0 148.8371412026111,-35.43313836857482,0 148.8370420735147,-35.43309881404569,0 148.8369426542777,-35.43305974578477,0 148.8368429484941,-35.43302116520442,0 148.8367429597685,-35.4329830736994,0 148.8366426917157,-35.43294547264677,0 148.8365421479605,-35.43290836340585,0 148.8364413321376,-35.43287174731821,0 148.8363402478917,-35.43283562570757,0 148.8362388988772,-35.43279999987977,0 148.8361372887579,-35.43276487112275,0 148.8360354212073,-35.43273024070645,0 148.8359332999079,-35.43269610988283,0 148.8358309285517,-35.43266247988574,0 148.8357283108395,-35.43262935193098,0 148.835625450481,-35.43259672721617,0 148.8355223511948,-35.43256460692073,0 148.8354190167082,-35.43253299220586,0 148.8353154507568,-35.43250188421449,0 148.8352116570846,-35.4324712840712,0 148.835107639444,-35.43244119288224,0 148.8350034015954,-35.43241161173546,0 148.834898947307,-35.43238254170024,0 148.8347942803552,-35.43235398382752,0 148.8346894045236,-35.4323259391497,0 148.8345843236038,-35.43229840868064,0 148.8344790413947,-35.43227139341561,0 148.8343735617022,-35.43224489433125,0 148.8342678883396,-35.43221891238554,0 148.8341620251272,-35.43219344851776,0 148.8340559758921,-35.43216850364847,0 148.833949744468,-35.43214407867946,0 148.8338433346956,-35.43212017449374,0 148.8337367504216,-35.43209679195547,0 148.8336299954991,-35.43207393190997,0 148.8335230737876,-35.43205159518366,0 148.8334159891525,-35.43202978258403,0 148.8333087454648,-35.43200849489967,0 148.8332013466018,-35.43198773290014,0 148.833093796446,-35.43196749733602,0 148.8329860988855,-35.43194778893884,0 148.8328782578138,-35.43192860842112,0 148.8327702771294,-35.43190995647625,0 148.832662160736,-35.43189183377851,0 148.8325539125422,-35.43187424098308,0 148.8324455364613,-35.43185717872595,0 148.8323370364112,-35.43184064762396,0 148.8322284163145,-35.43182464827473,0 148.8321196800978,-35.43180918125665,0 148.8320108316922,-35.43179424712889,0 148.8319018750326,-35.43177984643134,0 148.8317928140581,-35.43176597968459,0 148.8316836527113,-35.43175264738995,0 148.8315743949385,-35.43173985002941,0 148.8314650446897,-35.43172758806561,0 148.8313556059179,-35.43171586194183,0 148.8312460825796,-35.431704672082,0 148.8311364786341,-35.43169401889063,0 148.8310267980439,-35.43168390275287,0 148.830917044774,-35.43167432403443,0 148.8308072227921,-35.43166528308158,0 148.8306973360685,-35.43165678022117,0 148.8305873885758,-35.43164881576059,0 148.8304773842887,-35.43164138998777,0 148.8303673271841,-35.43163450317117,0 148.8302572212406,-35.43162815555975,0 148.8301470704388,-35.43162234738298,0 148.8300368787607,-35.43161707885085,0 148.82992665019,-35.43161235015381,0 148.8298163887115,-35.43160816146281,0 148.8297060983115,-35.43160451292929,0 148.829595782977,-35.43160140468514,0 148.8294854466961,-35.43159883684272,0 148.8293750934576,-35.43159680949488,0 148.829264727251,-35.43159532271491,0 148.8291543520662,-35.43159437655653,0 148.8290439718933,-35.43159397105399,0 148.8289335907229,-35.43159410622191,0 148.8288232125452,-35.43159478205542,0 148.8287128413508,-35.43159599853009,0 148.8286024811295,-35.43159775560194,0 148.8284921358712,-35.43160005320745,0 148.8283818095649,-35.43160289126356,0 148.8282715061992,-35.43160626966767,0 148.8281612297616,-35.43161018829763,0 148.8280509842389,-35.43161464701181,0 148.8279407736164,-35.43161964564897,0 148.8278306018786,-35.43162518402846,0 148.8277204730083,-35.43163126195002,0 148.8276103909868,-35.43163787919393,0 148.8275003597937,-35.43164503552097,0 148.8273903834068,-35.43165273067245,0 148.8272804658019,-35.43166096437015,0 148.8271706109528,-35.43166973631642,0 148.8270608228308,-35.43167904619413,0 148.8269511054049,-35.43168889366674,0 148.8268414626416,-35.43169927837823,0 148.8267318985046,-35.43171019995318,0 148.8266224169548,-35.43172165799677,0 148.8265130219501,-35.43173365209476,0 148.8264037174454,-35.43174618181355,0 148.8262945073921,-35.43175924670018,0 148.8261853957383,-35.43177284628233,0 148.8260763864287,-35.43178698006835,0 148.825967483404,-35.4318016475473,0 148.8258586906012,-35.4318168481889,0 148.8257500119533,-35.43183258144365,0 148.8256414513894,-35.43184884674277,0 148.8255330128339,-35.43186564349823,0 148.8254247002071,-35.4318829711028,0 148.8253165174246,-35.43190082893009,0 148.8252084683974,-35.43191921633449,0 148.8251005570317,-35.43193813265127,0 148.8249927872286,-35.43195757719658,0 148.8248851628841,-35.43197754926749,0 148.824777687889,-35.43199804814194,0 148.8246703661287,-35.43201907307891,0 148.824563201483,-35.43204062331828,0 148.8244561978262,-35.432062698081,0 148.8243493590264,-35.43208529656903,0 148.8242426889461,-35.4321084179654,0 148.8241361914416,-35.43213206143425,0 148.8240298703629,-35.4321562261208,0 148.8239237295537,-35.4321809111515,0 148.8238177728512,-35.43220611563393,0 148.8237120040857,-35.43223183865692,0 148.8236064270811,-35.43225807929053,0 148.823501045654,-35.43228483658615,0 148.8233958636142,-35.43231210957644,0 148.8232908847642,-35.43233989727545,0 148.823186112899,-35.4323681986786,0 148.8230815518064,-35.43239701276278,0 148.8229772052663,-35.43242633848631,0 148.8228730770512,-35.43245617478901,0 148.8227691709253,-35.43248652059226,0 148.8226654906449,-35.43251737479903,0 148.8225620399584,-35.43254873629386,0 148.8224588226056,-35.43258060394302,0 148.822355842318,-35.43261297659444,0 148.8222531028183,-35.43264585307779,0 148.8221506078209,-35.43267923220456,0 148.8220483610311,-35.43271311276801,0 148.8219463661452,-35.43274749354334,0 148.8218446268505,-35.43278237328762,0 148.821743146825,-35.4328177507399,0 148.8216419297374,-35.43285362462123,0 148.8215409792468,-35.43288999363472,0 148.8214402990028,-35.43292685646558,0 148.821339892645,-35.43296421178116,0 148.8212397638034,-35.43300205823102,0 148.8211399160976,-35.43304039444694,0 148.8210403531374,-35.43307921904302,0 148.8209410785221,-35.43311853061569,0 148.8208420958405,-35.43315832774378,0 148.8207434086712,-35.43319860898858,0 148.8206450205818,-35.43323937289384,0 148.8205469351291,-35.43328061798589,0 148.8204491558591,-35.43332234277367,0 148.8203516863066,-35.43336454574877,0 148.8202545299953,-35.43340722538548,0 148.8201576904376,-35.43345038014088,0 148.8200611711343,-35.43349400845484,0 148.8199649755747,-35.43353810875016,0 148.8198691072366,-35.43358267943255,0 148.8197735695855,-35.43362771889069,0 148.8196783660755,-35.43367322549636,0 148.8195835001482,-35.43371919760441,0 148.8194889752331,-35.43376563355289,0 148.8193947947475,-35.43381253166309,0 148.8193009620961,-35.43385989023955,0 148.8192074806711,-35.4339077075702,0 148.8191143538521,-35.43395598192637,0 148.8190215850057,-35.43400471156288,0 148.8189291774855,-35.43405389471807,0 148.8188371346324,-35.43410352961391,0 148.8187454597737,-35.43415361445601,0 148.8186541562236,-35.43420414743374,0 148.8185632272829,-35.43425512672026,0 148.8184726762389,-35.43430655047258,0 148.818382506365,-35.43435841683169,0 148.818292720921,-35.43441072392251,0 148.8182033231529,-35.43446346985408,0 148.8181143162924,-35.43451665271956,0 148.8180257035574,-35.43457027059629,0 148.8179374881512,-35.43462432154593,0 148.817849673263,-35.43467880361445,0 148.8177622620675,-35.43473371483224,0 148.8176752577246,-35.43478905321418,0 148.8175886633797,-35.43484481675971,0 148.8175024821633,-35.43490100345291,0 148.8174167171911,-35.43495761126252,0 148.8173313715635,-35.43501463814211,0 148.8172464483659,-35.43507208203005,0 148.8171619506683,-35.43512994084968,0 148.8170778815256,-35.43518821250932,0 148.8169942439769,-35.43524689490236,0 148.8169110410458,-35.43530598590733,0 148.8168282757404,-35.43536548338803,0 148.8167459510525,-35.43542538519352,0 148.8166640699585,-35.43548568915828,0 148.8165826354184,-35.43554639310221,0 148.8165016503762,-35.43560749483079,0 148.8164211177596,-35.4356689921351,0 148.81634104048,-35.43573088279192,0 148.8162614214323,-35.43579316456382,0 148.8161822634949,-35.43585583519921,0 148.8161035695294,-35.43591889243247,0 148.8160253423808,-35.43598233398398,0 148.815947584877,-35.43604615756023,0 148.8158702998291,-35.43611036085392,0 148.815793490031,-35.436174941544,0 148.8157171582597,-35.43623989729578,0 148.8156413072745,-35.43630522576101,0 148.8155659398176,-35.43637092457799,0 148.8154910586136,-35.43643699137159,0 148.8154166663697,-35.43650342375341,0 148.8153427657751,-35.43657021932182,0 148.8152693595015,-35.43663737566207,0 148.8151964502026,-35.43670489034634,0 148.8151240405143,-35.43677276093389,0 148.8150521330542,-35.43684098497111,0 148.8149807304219,-35.43690955999158,0 148.8149098351987,-35.43697848351623,0 148.8148394499476,-35.43704775305336,0 148.8147695772131,-35.43711736609879,0 148.8147002195212,-35.43718732013589,0 148.8146313793793,-35.43725761263573,0 148.814563059276,-35.43732824105712,0 148.8144952616813,-35.43739920284677,0 148.814427989046,-35.43747049543928,0 148.8143612438023,-35.43754211625733,0 148.8142950283631,-35.4376140627117,0 148.814229345122,-35.43768633220147,0 148.8141641964538,-35.43775892211394,0 148.8140995847136,-35.43783182982491,0 148.8140355122372,-35.43790505269865,0 148.8139719813408,-35.43797858808804,0 148.8139089943214,-35.43805243333469,0 148.8138465534559,-35.43812658576896,0 148.8137846610016,-35.43820104271015,0 148.8137233191961,-35.43827580146652,0 148.813662530257,-35.43835085933544,0 148.8136022963818,-35.43842621360346,0 148.8135426197482,-35.43850186154641,0 148.8134835025135,-35.4385778004295,0 148.8134249468148,-35.43865402750743,0 148.8133669547691,-35.43873054002449,0 148.8133095284728,-35.43880733521464,0 148.8132526700021,-35.43888441030161,0 148.8131963814123,-35.43896176249903,0 148.8131406647385,-35.43903938901051,0 148.8130855219949,-35.43911728702972,0 148.8130309551749,-35.43919545374056,0 148.8129769662512,-35.43927388631716,0 148.8129235571757,-35.4393525819241,0 148.8128707298791,-35.43943153771639,0 148.8128184862711,-35.43951075083967,0 148.8127668282406,-35.43959021843028,0 148.812715757655,-35.43966993761535,0 148.8126652763605,-35.4397499055129,0 148.8126153861822,-35.43983011923199,0 148.8125660889237,-35.43991057587277,0 148.8125173863671,-35.43999127252662,0 148.8124692802731,-35.44007220627623,0 148.8124217723808,-35.44015337419572,0 148.8123748644076,-35.44023477335077,0 148.8123285580494,-35.44031640079866,0 148.8122828549803,-35.44039825358848,0 148.8122377568523,-35.44048032876108,0 148.8121932652961,-35.44056262334935,0 148.8121493819198,-35.44064513437822,0 148.81210610831,-35.4407278588648,0 148.8120634460311,-35.44081079381845,0 148.8120213966254,-35.44089393624099,0 148.811979961613,-35.44097728312668,0 148.811939142492,-35.44106083146241,0 148.8118989407379,-35.44114457822778,0 148.8118593578041,-35.44122852039523,0 148.8118203951215,-35.44131265493012,0 148.8117820540989,-35.44139697879088,0 148.8117443361221,-35.44148148892906,0 148.8117072425548,-35.44156618228951,0 148.811670774738,-35.44165105581044,0 148.8116349339901,-35.44173610642353,0 148.8115997216067,-35.44182133105411,0 148.8115651388608,-35.44190672662115,0 148.8115311870026,-35.44199229003749,0 148.8114978672596,-35.44207801820988,0 148.8114651808362,-35.44216390803914,0 148.8114331289142,-35.44224995642023,0 148.8114017126524,-35.44233616024234,0 148.8113709331863,-35.44242251638911,0 148.8113407916287,-35.44250902173862,0 148.8113112890694,-35.44259567316358,0 148.8112824265749,-35.44268246753142,0 148.8112542051886,-35.4427694017044,0 148.8112266259306,-35.44285647253971,0 148.8111996897982,-35.44294367688961,0 148.811173397765,-35.44303101160156,0 148.8111477507815,-35.44311847351825,0 148.811122749775,-35.44320605947783,0 148.8110983956492,-35.44329376631394,0 148.8110746892845,-35.44338159085582,0 148.8110516315381,-35.44346952992851,0 148.8110292232435,-35.44355758035288,0 148.8110074652107,-35.44364573894578,0 148.8109863582263,-35.44373400252014,0 148.8109659030535,-35.44382236788511,0 148.8109461004316,-35.44391083184615,0 148.8109269510767,-35.44399939120516,0 148.8109084556808,-35.4440880427606,0 148.8108906149127,-35.44417678330755,0 148.8108734294174,-35.44426560963795,0 148.8108568998161,-35.44435451854059,0 148.8108410267065,-35.44444350680128,0 148.8108258106623,-35.44453257120295,0 148.8108112522336,-35.44462170852581,0 148.8107973519467,-35.4447109155474,0 148.8107841103042,-35.44480018904277,0 148.8107715277848,-35.44488952578456,0 148.8107596048432,-35.44497892254309,0 148.8107483419106,-35.44506837608655,0 148.8107377393942,-35.44515788318107,0 148.8107277976772,-35.44524744059083,0 148.810718517119,-35.44533704507821,0 148.8107098980552,-35.44542669340386,0 148.8107019407973,-35.44551638232687,0 148.810694645633,-35.44560610860486,0 148.810688012826,-35.44569586899408,0 148.8106820426162,-35.44578566024958,0 148.8106767352193,-35.44587547912525,0 148.8106720908272,-35.44596532237403,0 148.8106681096078,-35.44605518674794,0 148.8106647917051,-35.44614506899827,0 148.810662137239,-35.44623496587562,0 148.8106601463055,-35.44632487413011,0 148.8106588189764,-35.4464147905114,0 148.8106581552999,-35.44650471176891,0 148.8106581552999,-35.44659463465185,0 148.8106588189764,-35.44668455590935,0 148.8106601463055,-35.44677447229065,0 148.810662137239,-35.44686438054514,0 148.8106647917051,-35.44695427742249,0 148.8106681096078,-35.44704415967281,0 148.8106720908272,-35.44713402404673,0 148.8106767352193,-35.44722386729551,0 148.8106820426162,-35.44731368617119,0 148.810688012826,-35.44740347742668,0 148.810694645633,-35.4474932378159,0 148.8107019407973,-35.44758296409388,0 148.8107098980552,-35.44767265301689,0 148.810718517119,-35.44776230134254,0 148.8107277976772,-35.44785190582992,0 148.8107377393942,-35.44794146323968,0 148.8107483419106,-35.4480309703342,0 148.8107596048432,-35.44812042387767,0 148.8107715277848,-35.4482098206362,0 148.8107841103042,-35.44829915737798,0 148.8107973519467,-35.44838843087335,0 148.8108112522336,-35.44847763789495,0 148.8108258106623,-35.44856677521781,0 148.8108410267065,-35.44865583961948,0 148.8108568998161,-35.44874482788016,0 148.8108734294174,-35.4488337367828,0 148.8108906149127,-35.4489225631132,0 148.8109084556808,-35.44901130366016,0 148.8109269510767,-35.44909995521559,0 148.8109461004316,-35.44918851457461,0 148.8109659030535,-35.44927697853564,0 148.8109863582263,-35.44936534390062,0 148.8110074652107,-35.44945360747497,0 148.8110292232435,-35.44954176606787,0 148.8110516315381,-35.44962981649225,0 148.8110746892845,-35.44971775556493,0 148.8110983956492,-35.44980558010682,0 148.811122749775,-35.44989328694292,0 148.8111477507815,-35.4499808729025,0 148.811173397765,-35.45006833481919,0 148.8111996897982,-35.45015566953114,0 148.8112266259306,-35.45024287388105,0 148.8112542051886,-35.45032994471636,0 148.8112824265749,-35.45041687888934,0 148.8113112890694,-35.45050367325717,0 148.8113407916287,-35.45059032468214,0 148.8113709331863,-35.45067683003165,0 148.8114017126524,-35.45076318617841,0 148.8114331289142,-35.45084939000053,0 148.8114651808362,-35.45093543838161,0 148.8114978672596,-35.45102132821087,0 148.8115311870026,-35.45110705638326,0 148.8115651388608,-35.45119261979961,0 148.8115997216067,-35.45127801536665,0 148.8116349339901,-35.45136323999722,0 148.811670774738,-35.45144829061032,0 148.8117072425548,-35.45153316413124,0 148.8117443361221,-35.45161785749169,0 148.8117820540989,-35.45170236762988,0 148.8118203951215,-35.45178669149063,0 148.8118593578041,-35.45187082602553,0 148.8118989407379,-35.45195476819298,0 148.811939142492,-35.45203851495835,0 148.811979961613,-35.45212206329408,0 148.8120213966254,-35.45220541017977,0 148.8120634460311,-35.4522885526023,0 148.81210610831,-35.45237148755596,0 148.8121493819198,-35.45245421204253,0 148.8121932652961,-35.4525367230714,0 148.8122377568523,-35.45261901765968,0 148.8122828549803,-35.45270109283229,0 148.8123285580494,-35.45278294562209,0 148.8123748644076,-35.45286457306999,0 148.8124217723808,-35.45294597222504,0 148.8124692802731,-35.45302714014453,0 148.8125173863671,-35.45310807389414,0 148.8125660889237,-35.45318877054799,0 148.8126153861822,-35.45326922718876,0 148.8126652763605,-35.45334944090785,0 148.812715757655,-35.45342940880541,0 148.8127668282406,-35.45350912799047,0 148.8128184862711,-35.45358859558108,0 148.8128707298791,-35.45366780870437,0 148.8129235571757,-35.45374676449666,0 148.8129769662512,-35.45382546010359,0 148.8130309551749,-35.4539038926802,0 148.8130855219949,-35.45398205939104,0 148.8131406647385,-35.45405995741025,0 148.8131963814123,-35.45413758392172,0 148.8132526700021,-35.45421493611914,0 148.8133095284728,-35.45429201120611,0 148.8133669547691,-35.45436880639626,0 148.8134249468148,-35.45444531891332,0 148.8134835025135,-35.45452154599126,0 148.8135426197482,-35.45459748487435,0 148.8136022963818,-35.45467313281729,0 148.813662530257,-35.45474848708531,0 148.8137233191961,-35.45482354495423,0 148.8137846610016,-35.45489830371061,0 148.8138465534559,-35.45497276065179,0 148.8139089943214,-35.45504691308606,0 148.8139719813408,-35.45512075833271,0 148.8140355122372,-35.45519429372211,0 148.8140995847136,-35.45526751659585,0 148.8141641964538,-35.45534042430682,0 148.814229345122,-35.4554130142193,0 148.8142950283631,-35.45548528370905,0 148.8143612438023,-35.45555723016343,0 148.814427989046,-35.45562885098148,0 148.8144952616813,-35.45570014357398,0 148.814563059276,-35.45577110536363,0 148.8146313793793,-35.45584173378504,0 148.8147002195212,-35.45591202628487,0 148.8147695772131,-35.45598198032197,0 148.8148394499476,-35.4560515933674,0 148.8149098351987,-35.45612086290453,0 148.8149807304219,-35.45618978642918,0 148.8150521330542,-35.45625836144965,0 148.8151240405143,-35.45632658548686,0 148.8151964502026,-35.45639445607441,0 148.8152693595015,-35.4564619707587,0 148.8153427657751,-35.45652912709894,0 148.8154166663697,-35.45659592266735,0 148.8154910586136,-35.45666235504917,0 148.8155659398176,-35.45672842184277,0 148.8156413072745,-35.45679412065974,0 148.8157171582597,-35.45685944912498,0 148.815793490031,-35.45692440487676,0 148.8158702998291,-35.45698898556683,0 148.815947584877,-35.45705318886052,0 148.8160253423808,-35.45711701243678,0 148.8161035695294,-35.45718045398829,0 148.8161822634949,-35.45724351122154,0 148.8162614214323,-35.45730618185694,0 148.81634104048,-35.45736846362883,0 148.8164211177596,-35.45743035428566,0 148.8165016503762,-35.45749185158996,0 148.8165826354184,-35.45755295331855,0 148.8166640699585,-35.45761365726248,0 148.8167459510525,-35.45767396122724,0 148.8168282757404,-35.45773386303272,0 148.8169110410458,-35.45779336051342,0 148.8169942439769,-35.4578524515184,0 148.8170778815256,-35.45791113391143,0 148.8171619506683,-35.45796940557108,0 148.8172464483659,-35.45802726439071,0 148.8173313715635,-35.45808470827865,0 148.8174167171911,-35.45814173515824,0 148.8175024821633,-35.45819834296785,0 148.8175886633797,-35.45825452966104,0 148.8176752577246,-35.45831029320657,0 148.8177622620675,-35.45836563158852,0 148.817849673263,-35.45842054280632,0 148.8179374881512,-35.45847502487483,0 148.8180257035574,-35.45852907582447,0 148.8181143162924,-35.4585826937012,0 148.8182033231529,-35.45863587656667,0 148.818292720921,-35.45868862249824,0 148.818382506365,-35.45874092958907,0 148.8184726762389,-35.45879279594817,0 148.8185632272829,-35.4588442197005,0 148.8186541562236,-35.45889519898702,0 148.8187454597737,-35.45894573196475,0 148.8188371346324,-35.45899581680685,0 148.8189291774855,-35.45904545170269,0 148.8190215850057,-35.45909463485788,0 148.8191143538521,-35.45914336449438,0 148.8192074806711,-35.45919163885056,0 148.8193009620961,-35.4592394561812,0 148.8193947947475,-35.45928681475766,0 148.8194889752331,-35.45933371286786,0 148.8195835001482,-35.45938014881634,0 148.8196783660755,-35.4594261209244,0 148.8197735695855,-35.45947162753006,0 148.8198691072366,-35.45951666698821,0 148.8199649755747,-35.45956123767059,0 148.8200611711343,-35.45960533796591,0 148.8201576904376,-35.45964896627988,0 148.8202545299953,-35.45969212103527,0 148.8203516863066,-35.45973480067199,0 148.8204491558591,-35.45977700364708,0 148.8205469351291,-35.45981872843487,0 148.8206450205818,-35.45985997352692,0 148.8207434086712,-35.45990073743218,0 148.8208420958405,-35.45994101867697,0 148.8209410785221,-35.45998081580507,0 148.8210403531374,-35.46002012737774,0 148.8211399160976,-35.46005895197381,0 148.8212397638034,-35.46009728818974,0 148.821339892645,-35.46013513463959,0 148.8214402990028,-35.46017248995518,0 148.8215409792468,-35.46020935278603,0 148.8216419297374,-35.46024572179952,0 148.821743146825,-35.46028159568085,0 148.8218446268505,-35.46031697313314,0 148.8219463661452,-35.46035185287742,0 148.8220483610311,-35.46038623365275,0 148.8221506078209,-35.4604201142162,0 148.8222531028183,-35.46045349334296,0 148.822355842318,-35.46048636982631,0 148.8224588226056,-35.46051874247773,0 148.8225620399584,-35.46055061012689,0 148.8226654906449,-35.46058197162173,0 148.8227691709253,-35.46061282582849,0 148.8228730770512,-35.46064317163174,0 148.8229772052663,-35.46067300793445,0 148.8230815518064,-35.46070233365797,0 148.823186112899,-35.46073114774215,0 148.8232908847642,-35.46075944914531,0 148.8233958636142,-35.46078723684432,0 148.823501045654,-35.46081450983461,0 148.8236064270811,-35.46084126713022,0 148.8237120040857,-35.46086750776384,0 148.8238177728512,-35.46089323078682,0 148.8239237295537,-35.46091843526926,0 148.8240298703629,-35.46094312029995,0 148.8241361914416,-35.46096728498651,0 148.8242426889461,-35.46099092845535,0 148.8243493590264,-35.46101404985173,0 148.8244561978262,-35.46103664833976,0 148.824563201483,-35.46105872310248,0 148.8246703661287,-35.46108027334186,0 148.824777687889,-35.46110129827881,0 148.8248851628841,-35.46112179715328,0 148.8249927872286,-35.46114176922417,0 148.8251005570317,-35.46116121376949,0 148.8252084683974,-35.46118013008627,0 148.8253165174246,-35.46119851749066,0 148.8254247002071,-35.46121637531795,0 148.8255330128339,-35.46123370292253,0 148.8256414513894,-35.46125049967799,0 148.8257500119533,-35.4612667649771,0 148.8258586906012,-35.46128249823185,0 148.825967483404,-35.46129769887346,0 148.8260763864287,-35.46131236635241,0 148.8261853957383,-35.46132650013843,0 148.8262945073921,-35.46134009972057,0 148.8264037174454,-35.4613531646072,0 148.8265130219501,-35.46136569432599,0 148.8266224169548,-35.46137768842399,0 148.8267318985046,-35.46138914646757,0 148.8268414626416,-35.46140006804252,0 148.8269511054049,-35.46141045275402,0 148.8270608228308,-35.46142030022662,0 148.8271706109528,-35.46142961010434,0 148.8272804658019,-35.46143838205061,0 148.8273903834068,-35.46144661574831,0 148.8275003597937,-35.46145431089978,0 148.8276103909868,-35.46146146722683,0 148.8277204730083,-35.46146808447074,0 148.8278306018786,-35.4614741623923,0 148.8279407736164,-35.46147970077178,0 148.8280509842389,-35.46148469940896,0 148.8281612297616,-35.46148915812313,0 148.8282715061992,-35.46149307675309,0 148.8283818095649,-35.4614964551572,0 148.8284921358712,-35.4614992932133,0 148.8286024811295,-35.46150159081881,0 148.8287128413508,-35.46150334789066,0 148.8288232125452,-35.46150456436533,0 148.8289335907229,-35.46150524019885,0 148.8290439718933,-35.46150537536677,0 148.8291543520662,-35.46150496986422,0 148.829264727251,-35.46150402370585,0 148.8293750934576,-35.46150253692587,0 148.8294854466961,-35.46150050957803,0 148.829595782977,-35.46149794173562,0 148.8297060983115,-35.46149483349146,0 148.8298163887115,-35.46149118495794,0 148.82992665019,-35.46148699626695,0 148.8300368787607,-35.46148226756991,0 148.8301470704388,-35.46147699903777,0 148.8302572212406,-35.461471190861,0 148.8303673271841,-35.46146484324958,0 148.8304773842887,-35.46145795643298,0 148.8305873885758,-35.46145053066017,0 148.8306973360685,-35.46144256619959,0 148.8308072227921,-35.46143406333918,0 148.830917044774,-35.46142502238634,0 148.8310267980439,-35.46141544366789,0 148.8311364786341,-35.46140532753012,0 148.8312460825796,-35.46139467433876,0 148.8313556059179,-35.46138348447893,0 148.8314650446897,-35.46137175835514,0 148.8315743949385,-35.46135949639135,0 148.8316836527113,-35.46134669903081,0 148.8317928140581,-35.46133336673616,0 148.8319018750326,-35.46131949998941,0 148.8320108316922,-35.46130509929186,0 148.8321196800978,-35.4612901651641,0 148.8322284163145,-35.46127469814602,0 148.8323370364112,-35.4612586987968,0 148.8324455364613,-35.46124216769481,0 148.8325539125422,-35.46122510543768,0 148.832662160736,-35.46120751264225,0 148.8327702771294,-35.46118938994451,0 148.8328782578138,-35.46117073799963,0 148.8329860988855,-35.46115155748191,0 148.833093796446,-35.46113184908474,0 148.8332013466018,-35.46111161352062,0 148.8333087454648,-35.46109085152109,0 148.8334159891525,-35.46106956383672,0 148.8335230737876,-35.4610477512371,0 148.8336299954991,-35.46102541451079,0 148.8337367504216,-35.46100255446528,0 148.8338433346956,-35.46097917192701,0 148.833949744468,-35.46095526774129,0 148.8340559758921,-35.46093084277229,0 148.8341620251272,-35.460905897903,0 148.8342678883396,-35.46088043403522,0 148.8343735617022,-35.46085445208951,0 148.8344790413947,-35.46082795300514,0 148.8345843236038,-35.46080093774012,0 148.8346894045236,-35.46077340727106,0 148.8347942803552,-35.46074536259324,0 148.834898947307,-35.46071680472052,0 148.8350034015954,-35.46068773468529,0 148.835107639444,-35.46065815353851,0 148.8352116570846,-35.46062806234956,0 148.8353154507568,-35.46059746220627,0 148.8354190167082,-35.46056635421489,0 148.8355223511948,-35.46053473950003,0 148.835625450481,-35.46050261920458,0 148.8357283108395,-35.46046999448978,0 148.8358309285517,-35.46043686653501,0 148.8359332999079,-35.46040323653794,0 148.8360354212073,-35.46036910571431,0 148.8361372887579,-35.460334475298,0 148.8362388988772,-35.46029934654099,0 148.8363402478917,-35.46026372071319,0 148.8364413321376,-35.46022759910255,0 148.8365421479605,-35.4601909830149,0 148.8366426917157,-35.46015387377399,0 148.8367429597685,-35.46011627272135,0 148.8368429484941,-35.46007818121633,0 148.8369426542777,-35.46003960063599,0 148.8370420735147,-35.46000053237507,0 148.8371412026111,-35.45996097784594,0 148.8372400379831,-35.45992093847856,0 148.8373385760578,-35.45988041572041,0 148.8374368132728,-35.45983941103646,0 148.8375347460767,-35.45979792590907,0 148.8376323709291,-35.459755961838,0 148.8377296843007,-35.4597135203403,0 148.8378266826736,-35.45967060295031,0 148.837923362541,-35.45962721121954,0 148.8380197204078,-35.45958334671668,0 148.8381157527906,-35.45953901102747,0 148.8382114562177,-35.45949420575474,0 148.8383068272292,-35.45944893251825,0 148.8384018623774,-35.4594031929547,0 148.8384965582265,-35.45935698871763,0 148.8385909113532,-35.4593103214774,0 148.8386849183465,-35.4592631929211,0 148.8387785758079,-35.45921560475249,0 148.8388718803515,-35.45916755869197,0 148.8389648286043,-35.45911905647645,0 148.839057417206,-35.45907009985937,0 148.8391496428095,-35.45902069061058,0 148.8392415020805,-35.4589708305163,0 148.8393329916983,-35.45892052137904,0 148.8394241083554,-35.45886976501755,0 148.8395148487578,-35.45881856326675,0 148.8396052096251,-35.45876691797765,0 148.8396951876907,-35.4587148310173,0 148.8397847797016,-35.45866230426875,0 148.839873982419,-35.45860933963088,0 148.8399627926181,-35.45855593901846,0 148.8400512070882,-35.458502104362,0 148.8401392226332,-35.45844783760769,0 148.8402268360709,-35.45839314071736,0 148.8403140442342,-35.4583380156684,0 148.8404008439704,-35.45828246445362,0 148.8404872321414,-35.45822648908131,0 148.8405732056242,-35.45817009157505,0 148.8406587613107,-35.45811327397369,0 148.8407438961081,-35.45805603833129,0 148.8408286069385,-35.45799838671697,0 148.8409128907394,-35.45794032121494,0 148.8409967444641,-35.45788184392435,0 148.8410801650809,-35.45782295695923,0 148.8411631495742,-35.45776366244845,0 148.8412456949439,-35.45770396253558,0 148.8413277982059,-35.45764385937886,0 148.8414094563919,-35.45758335515109,0 148.8414906665501,-35.45752245203962,0 148.8415714257444,-35.45746115224616,0 148.8416517310554,-35.4573994579868,0 148.8417315795799,-35.45733737149188,0 148.8418109684312,-35.4572748950059,0 148.8418898947393,-35.4572120307875,0 148.8419683556509,-35.45714878110929,0 148.8420463483296,-35.45708514825785,0 148.8421238699557,-35.45702113453361,0 148.8422009177269,-35.45695674225074,0 148.8422774888576,-35.45689197373713,0 148.8423535805797,-35.45682683133425,0 148.8424291901424,-35.4567613173971,0 148.8425043148123,-35.45669543429408,0 148.8425789518736,-35.45662918440699,0 148.8426530986279,-35.45656257013085,0 148.8427267523949,-35.45649559387387,0 148.8427999105117,-35.45642825805732,0 148.8428725703336,-35.4563605651155,0 148.8429447292339,-35.45629251749561,0 148.8430163846039,-35.45622411765768,0 148.8430875338532,-35.45615536807443,0 148.8431581744095,-35.45608627123131,0 148.8432283037193,-35.45601682962622,0 148.843297919247,-35.45594704576961,0 148.8433670184762,-35.45587692218425,0 148.8434355989087,-35.45580646140522,0 148.8435036580653,-35.45573566597979,0 148.8435711934854,-35.45566453846729,0 148.8436382027278,-35.4555930814391,0 148.8437046833697,-35.45552129747851,0 148.8437706330078,-35.45544918918058,0 148.8438360492581,-35.45537675915215,0 148.8439009297555,-35.45530401001168,0 148.8439652721546,-35.45523094438914,0 148.8440290741293,-35.45515756492598,0 148.844092333373,-35.45508387427495,0 148.8441550475989,-35.4550098751001,0 148.8442172145397,-35.45493557007659,0 148.844278831948,-35.45486096189066,0 148.8443398975963,-35.4547860532395,0 148.8444004092769,-35.45471084683118,0 148.8444603648022,-35.45463534538452,0 148.8445197620048,-35.45455955162899,0 148.8445785987374,-35.45448346830465,0 148.8446368728729,-35.45440709816204,0 148.8446945823047,-35.45433044396204,0 148.8447517249464,-35.45425350847582,0 148.8448082987323,-35.4541762944847,0 148.8448643016172,-35.45409880478008,0 148.8449197315764,-35.45402104216333,0 148.8449745866061,-35.45394300944567,0 148.8450288647232,-35.45386470944813,0 148.8450825639655,-35.45378614500132,0 148.8451356823916,-35.4537073189455,0 148.8451882180813,-35.45362823413034,0 148.8452401691353,-35.45354889341485,0 148.8452915336755,-35.45346929966734,0 148.8453423098449,-35.45338945576522,0 148.8453924958081,-35.45330936459496,0 148.8454420897506,-35.453229029052,0 148.8454910898796,-35.45314845204057,0 148.8455394944237,-35.45306763647364,0 148.8455873016329,-35.45298658527282,0 148.8456345097789,-35.45290530136823,0 148.8456811171552,-35.45282378769841,0 148.8457271220768,-35.45274204721017,0 148.8457725228805,-35.45266008285858,0 148.8458173179251,-35.45257789760674,0 148.845861505591,-35.4524954944258,0 148.845905084281,-35.45241287629473,0 148.8459480524195,-35.45233004620031,0 148.8459904084532,-35.45224700713696,0 148.8460321508508,-35.45216376210667,0 148.8460732781034,-35.45208031411887,0 148.846113788724,-35.45199666619031,0 148.8461536812483,-35.45191282134501,0 148.8461929542339,-35.45182878261408,0 148.8462316062612,-35.45174455303562,0 148.8462696359327,-35.45166013565467,0 148.8463070418738,-35.45157553352304,0 148.846343822732,-35.45149074969922,0 148.8463799771778,-35.45140578724827,0 148.846415503904,-35.4513206492417,0 148.8464504016264,-35.45123533875739,0 148.8464846690833,-35.45114985887941,0 148.8465183050359,-35.45106421269801,0 148.8465513082682,-35.45097840330942,0 148.8465836775871,-35.45089243381575,0 148.8466154118225,-35.45080630732496,0 148.846646509827,-35.45072002695063,0 148.8466769704764,-35.45063359581191,0 148.8467067926696,-35.45054701703342,0 148.8467359753284,-35.45046029374512,0 148.8467645173979,-35.45037342908218,0 148.8467924178461,-35.45028642618487,0 148.8468196756644,-35.4501992881985,0 148.8468462898675,-35.4501120182732,0 148.8468722594932,-35.45002461956393,0 148.8468975836026,-35.44993709523028,0 148.8469222612803,-35.44984944843637,0 148.8469462916341,-35.44976168235077,0 148.8469696737953,-35.44967380014634,0 148.8469924069186,-35.44958580500017,0 148.8470144901821,-35.44949770009339,0 148.8470359227875,-35.44940948861114,0 148.84705670396,-35.44932117374238,0 148.8470768329483,-35.44923275867983,0 148.8470963090248,-35.44914424661982,0 148.8471151314853,-35.4490556407622,0 148.8471332996493,-35.44896694431019,0 148.8471508128601,-35.4488781604703,0 148.8471676704846,-35.44878929245219,0 148.8471838719133,-35.44870034346858,0 148.8471994165605,-35.44861131673509,0 148.8472143038642,-35.44852221547018,0 148.8472285332863,-35.44843304289499,0 148.8472421043123,-35.44834380223323,0 148.8472550164516,-35.44825449671109,0 148.8472672692375,-35.44816512955709,0 148.8472788622269,-35.44807570400198,0 148.8472897950008,-35.44798622327863,0 148.847300067164,-35.4478966906219,0 148.847309678345,-35.44780710926852,0 148.8473186281965,-35.44771748245699,0 148.8473269163948,-35.44762781342745,0 148.8473345426403,-35.44753810542156,0 148.8473415066574,-35.44744836168241,0 148.8473478081943,-35.44735858545436,0 148.8473534470232,-35.44726877998295,0 148.8473584229401,-35.44717894851478,0 148.8473627357654,-35.44708909429738,0 148.8473663853429,-35.44699922057913,0 148.8473693715408,-35.44690933060909,0 148.8473716942511,-35.4468194276369,0 148.8473733533899,-35.4467295149127,0 148.8473743488972,-35.44663959568695,0 
						</coordinates>
					</LinearRing>
				</outerBoundaryIs>
			</Polygon>
		</Placemark>
		<Placemark id="395">
			<name>Bull&amp;apos;s Head Tower NFZ_0</name>
			<styleUrl>#398</styleUrl>
			<Polygon id="394">
				<outerBoundaryIs>
					<LinearRing id="396">
						<coordinates>
							148.8263774483734,-35.38255861109926,0 148.8266560151769,-35.38347046363109,0 148.8268360493528,-35.38439864035738,0 148.8269161774019,-35.38533607773343,0 148.8268957860334,-35.38627564149306,0 148.8267750269381,-35.38721018093845,0 148.8265548157402,-35.38813258336289,0 148.8262368251328,-35.38903582819176,0 148.8258234722468,-35.38991304042958,0 148.8253179003447,-35.39075754300581,0 148.8247239549784,-35.39156290762053,0 148.8240461547869,-35.39232300370176,0 148.8232896571576,-35.39303204510117,0 148.822460219008,-35.39368463417148,0 148.8215641529866,-35.39427580288873,0 148.8206082794269,-35.39480105070535,0 148.8195998744176,-35.39525637884452,0 148.8185466143879,-35.39563832077349,0 148.8174565176281,-35.39594396862282,0 148.8163378831953,-35.39617099534924,0 148.8151992276674,-35.39631767247264,0 148.8140492202337,-35.39638288325112,0 148.8128966166149,-35.39636613119355,0 148.8117501923224,-35.3962675438441,0 148.8106186757638,-35.39608787181006,0 148.8095106817108,-35.3958284830402,0 148.8084346456369,-35.39549135239751,0 148.8073987594281,-35.39507904660632,0 148.8064109089578,-35.39459470468881,0 148.8054786140068,-35.39404201404097,0 148.8046089709813,-35.39342518233096,0 148.8038085988737,-35.39274890543483,0 148.8030835888729,-35.39201833165517,0 148.8024394580105,-35.39123902249593,0 148.8018811071951,-35.39041691029371,0 148.8014127839538,-35.38955825302875,0 148.8010380501623,-35.38866958666131,0 148.8007597550082,-35.38775767535667,0 148.8005800133913,-35.3868294599793,0 148.8005001899215,-35.38589200524821,0 148.8005208886352,-35.384952445957,0 148.8006419485028,-35.38401793266765,0 148.8008624447615,-35.38309557729217,0 148.8011806960567,-35.3821923989756,0 148.8015942773366,-35.38131527069248,0 148.8021000383991,-35.38047086696243,0 148.8026941279448,-35.379665613082,0 148.8033720229539,-35.37890563625854,0 148.8041285631579,-35.37819671901681,0 148.8049579903458,-35.37754425523161,0 148.805853992202,-35.37695320912017,0 148.8068097503429,-35.37642807750476,0 148.8078179921865,-35.37597285563146,0 148.8088710462615,-35.37559100680424,0 148.8099609005351,-35.37528543606363,0 148.8110792633184,-35.37505846811002,0 148.8122176262873,-35.37491182963774,0 148.8133673291417,-35.37484663621427,0 148.8145196254154,-35.37486338380345,0 148.8156657489355,-35.37496194499685,0 148.8167969804334,-35.37514156998191,0 148.8179047137986,-35.37540089223948,0 148.8189805214784,-35.37573793892745,0 148.820016218527,-35.37615014587244,0 148.8210039248177,-35.37663437705567,0 148.8219361249513,-35.37718694844573,0 148.8228057254021,-35.37780365599806,0 148.8236061084714,-35.37847980760908,0 148.8243311826373,-35.37921025878295,0 148.8249754289185,-35.37998945174097,0 148.8255339428997,-35.38081145767731,0 148.8260024720958,-35.38167002184053,0 148.8263774483734,-35.38255861109926,0 
						</coordinates>
					</LinearRing>
				</outerBoundaryIs>
			</Polygon>
		</Placemark>
		<Placemark id="402">
			<name>Bull&amp;apos;s Head Tower NFZ</name>
			<styleUrl>#405</styleUrl>
			<Polygon id="401">
				<extrude>1</extrude>
				<altitudeMode>absolute</altitudeMode>
				<outerBoundaryIs>
					<LinearRing id="403">
						<coordinates>
							148.8263774483734,-35.38255861109926,1493.52 148.8266560151769,-35.38347046363109,1493.52 148.8268360493528,-35.38439864035738,1493.52 148.8269161774019,-35.38533607773343,1493.52 148.8268957860334,-35.38627564149306,1493.52 148.8267750269381,-35.38721018093845,1493.52 148.8265548157402,-35.38813258336289,1493.52 148.8262368251328,-35.38903582819176,1493.52 148.8258234722468,-35.38991304042958,1493.52 148.8253179003447,-35.39075754300581,1493.52 148.8247239549784,-35.39156290762053,1493.52 148.8240461547869,-35.39232300370176,1493.52 148.8232896571576,-35.39303204510117,1493.52 148.822460219008,-35.39368463417148,1493.52 148.8215641529866,-35.39427580288873,1493.52 148.8206082794269,-35.39480105070535,1493.52 148.8195998744176,-35.39525637884452,1493.52 148.8185466143879,-35.39563832077349,1493.52 148.8174565176281,-35.39594396862282,1493.52 148.8163378831953,-35.39617099534924,1493.52 148.8151992276674,-35.39631767247264,1493.52 148.8140492202337,-35.39638288325112,1493.52 148.8128966166149,-35.39636613119355,1493.52 148.8117501923224,-35.3962675438441,1493.52 148.8106186757638,-35.39608787181006,1493.52 148.8095106817108,-35.3958284830402,1493.52 148.8084346456369,-35.39549135239751,1493.52 148.8073987594281,-35.39507904660632,1493.52 148.8064109089578,-35.39459470468881,1493.52 148.8054786140068,-35.39404201404097,1493.52 148.8046089709813,-35.39342518233096,1493.52 148.8038085988737,-35.39274890543483,1493.52 148.8030835888729,-35.39201833165517,1493.52 148.8024394580105,-35.39123902249593,1493.52 148.8018811071951,-35.39041691029371,1493.52 148.8014127839538,-35.38955825302875,1493.52 148.8010380501623,-35.38866958666131,1493.52 148.8007597550082,-35.38775767535667,1493.52 148.8005800133913,-35.3868294599793,1493.52 148.8005001899215,-35.38589200524821,1493.52 148.8005208886352,-35.384952445957,1493.52 148.8006419485028,-35.38401793266765,1493.52 148.8008624447615,-35.38309557729217,1493.52 148.8011806960567,-35.3821923989756,1493.52 148.8015942773366,-35.38131527069248,1493.52 148.8021000383991,-35.38047086696243,1493.52 148.8026941279448,-35.379665613082,1493.52 148.8033720229539,-35.37890563625854,1493.52 148.8041285631579,-35.37819671901681,1493.52 148.8049579903458,-35.37754425523161,1493.52 148.805853992202,-35.37695320912017,1493.52 148.8068097503429,-35.37642807750476,1493.52 148.8078179921865,-35.37597285563146,1493.52 148.8088710462615,-35.37559100680424,1493.52 148.8099609005351,-35.37528543606363,1493.52 148.8110792633184,-35.37505846811002,1493.52 148.8122176262873,-35.37491182963774,1493.52 148.8133673291417,-35.37484663621427,1493.52 148.8145196254154,-35.37486338380345,1493.52 148.8156657489355,-35.37496194499685,1493.52 148.8167969804334,-35.37514156998191,1493.52 148.8179047137986,-35.37540089223948,1493.52 148.8189805214784,-35.37573793892745,1493.52 148.820016218527,-35.37615014587244,1493.52 148.8210039248177,-35.37663437705567,1493.52 148.8219361249513,-35.37718694844573,1493.52 148.8228057254021,-35.37780365599806,1493.52 148.8236061084714,-35.37847980760908,1493.52 148.8243311826373,-35.37921025878295,1493.52 148.8249754289185,-35.37998945174097,1493.52 148.8255339428997,-35.38081145767731,1493.52 148.8260024720958,-35.38167002184053,1493.52 148.8263774483734,-35.38255861109926,1493.52 
						</coordinates>
					</LinearRing>
				</outerBoundaryIs>
			</Polygon>
		</Placemark>
		<Placemark id="409">
			<name>Bull&amp;apos;s Head Tower NFZ_nfz_0</name>
			<styleUrl>#412</styleUrl>
			<Polygon id="408">
				<outerBoundaryIs>
					<LinearRing id="410">
						<coordinates>
							148.8146626440558,-35.38557254048145,0 148.8146550447417,-35.38548394041108,0 148.8146323947113,-35.3853970648403,0 148.8145951348218,-35.38531360470327,0 148.8145439902945,-35.38523518445663,0 148.8144799565995,-35.38516333046127,0 148.8144042800797,-35.3850994412735,0 148.8143184336926,-35.38504476042365,0 148.8142240883405,-35.3850003522123,0 148.8141230803483,-35.38496708099475,0 148.8140173757216,-35.38494559435741,0 148.8139090318809,-35.38493631051323,0 148.8138001576157,-35.38493941016168,0 148.8136928720397,-35.38495483297163,0 148.8135892633447,-35.38498227875563,0 148.8134913481561,-35.3850212133127,0 148.8134010322815,-35.38507087882599,0 148.8133200736169,-35.38513030861278,0 148.8132500479304,-35.38519834593986,0 148.8131923181925,-35.38527366653805,0 148.8131480080469,-35.38535480437758,0 148.81311797994,-35.3854401802027,0 148.8131028183348,-35.38552813227009,0 148.8131028183348,-35.38561694869281,0 148.81311797994,-35.3857049007602,0 148.8131480080469,-35.38579027658533,0 148.8131923181925,-35.38587141442486,0 148.8132500479304,-35.38594673502305,0 148.8133200736169,-35.38601477235012,0 148.8134010322815,-35.3860742021369,0 148.8134913481561,-35.3861238676502,0 148.8135892633447,-35.38616280220727,0 148.8136928720397,-35.38619024799127,0 148.8138001576157,-35.38620567080122,0 148.8139090318809,-35.38620877044967,0 148.8140173757216,-35.38619948660549,0 148.8141230803483,-35.38617799996815,0 148.8142240883405,-35.38614472875059,0 148.8143184336926,-35.38610032053924,0 148.8144042800797,-35.3860456396894,0 148.8144799565995,-35.38598175050163,0 148.8145439902945,-35.38590989650627,0 148.8145951348218,-35.38583147625963,0 148.8146323947113,-35.3857480161226,0 148.8146550447417,-35.38566114055182,0 
						</coordinates>
					</LinearRing>
				</outerBoundaryIs>
			</Polygon>
		</Placemark>
		<Placemark id="416">
			<name>Bull&amp;apos;s Head Tower NFZ_grb_0</name>
			<styleUrl>#419</styleUrl>
			<Polygon id="415">
				<outerBoundaryIs>
					<LinearRing id="417">
						<coordinates>
							148.822237813581,-35.38557254048145,0 148.8222370856174,-35.38548261891312,0 148.8222349018532,-35.38539271301241,0 148.8222312626691,-35.38530283844425,0 148.822226168699,-35.38521301086806,0 148.8222196208306,-35.38512324593511,0 148.8222116202048,-35.38503355928574,0 148.8222021682154,-35.38494396654666,0 148.8221912665095,-35.38485448332819,0 148.8221789169864,-35.3847651252216,0 148.822165121798,-35.38467590779634,0 148.8221498833478,-35.38458684659737,0 148.822133204291,-35.38449795714239,0 148.8221150875336,-35.38440925491923,0 148.8220955362323,-35.38432075538305,0 148.8220745537936,-35.38423247395372,0 148.8220521438734,-35.3841444260131,0 148.8220283103763,-35.38405662690236,0 148.8220030574551,-35.38396909191934,0 148.8219763895097,-35.38388183631584,0 148.8219483111866,-35.38379487529497,0 148.8219188273781,-35.38370822400853,0 148.8218879432214,-35.38362189755437,0 148.8218556640976,-35.38353591097371,0 148.821821995631,-35.38345027924855,0 148.8217869436877,-35.38336501729909,0 148.8217505143752,-35.3832801399811,0 148.8217127140407,-35.38319566208329,0 148.8216735492705,-35.38311159832482,0 148.8216330268886,-35.3830279633527,0 148.8215911539553,-35.38294477173917,0 148.8215479377665,-35.38286203797929,0 148.821503385852,-35.38277977648828,0 148.8214575059745,-35.38269800159914,0 148.8214103061278,-35.38261672756004,0 148.8213617945359,-35.38253596853189,0 148.8213119796513,-35.38245573858589,0 148.8212608701537,-35.38237605170102,0 148.821208474948,-35.38229692176166,0 148.8211548031636,-35.38221836255516,0 148.8210998641519,-35.3821403877694,0 148.8210436674855,-35.38206301099045,0 148.8209862229557,-35.38198624570018,0 148.8209275405715,-35.3819101052739,0 148.8208676305577,-35.3818346029781,0 148.8208065033526,-35.38175975196802,0 148.8207441696069,-35.38168556528546,0 148.8206806401815,-35.38161205585646,0 148.8206159261454,-35.38153923648905,0 148.8205500387742,-35.38146711987103,0 148.8204829895479,-35.38139571856777,0 148.820414790149,-35.38132504501999,0 148.8203454524602,-35.38125511154161,0 148.8202749885628,-35.38118593031762,0 148.8202034107342,-35.3811175134019,0 148.8201307314458,-35.3810498727152,0 148.820056963361,-35.38098302004301,0 148.8199821193329,-35.3809169670335,0 148.8199062124021,-35.38085172519554,0 148.8198292557944,-35.38078730589665,0 148.8197512629185,-35.38072372036102,0 148.8196722473635,-35.38066097966759,0 148.8195922228968,-35.3805990947481,0 148.8195112034617,-35.38053807638514,0 148.8194292031747,-35.38047793521038,0 148.8193462363233,-35.38041868170259,0 148.8192623173633,-35.38036032618592,0 148.8191774609164,-35.38030287882805,0 148.8190916817679,-35.38024634963838,0 148.8190049948636,-35.3801907484664,0 148.8189174153074,-35.38013608499985,0 148.818828958359,-35.38008236876312,0 148.8187396394308,-35.38002960911555,0 148.8186494740855,-35.37997781524981,0 148.8185584780331,-35.37992699619026,0 148.8184666671285,-35.37987716079148,0 148.8183740573685,-35.3798283177366,0 148.8182806648892,-35.37978047553588,0 148.8181865059629,-35.37973364252519,0 148.8180915969956,-35.37968782686454,0 148.8179959545238,-35.37964303653671,0 148.8178995952121,-35.37959927934581,0 148.8178025358498,-35.37955656291596,0 148.817704793348,-35.37951489468992,0 148.8176063847372,-35.37947428192781,0 148.8175073271638,-35.37943473170588,0 148.8174076378871,-35.37939625091521,0 148.8173073342768,-35.37935884626059,0 148.8172064338094,-35.37932252425926,0 148.8171049540655,-35.37928729123986,0 148.8170029127265,-35.37925315334125,0 148.8169003275719,-35.37922011651153,0 148.8167972164755,-35.37918818650691,0 148.8166935974034,-35.37915736889077,0 148.8165894884096,-35.37912766903268,0 148.8164849076338,-35.37909909210742,0 148.8163798732977,-35.37907164309416,0 148.8162744037022,-35.37904532677552,0 148.816168517224,-35.37902014773676,0 148.8160622323124,-35.37899611036499,0 148.8159555674861,-35.37897321884842,0 148.81584854133,-35.37895147717556,0 148.815741172492,-35.37893088913464,0 148.8156334796797,-35.37891145831283,0 148.8155254816571,-35.3788931880957,0 148.8154171972415,-35.37887608166658,0 148.8153086452999,-35.37886014200605,0 148.8151998447461,-35.37884537189137,0 148.8150908145372,-35.37883177389606,0 148.8149815736701,-35.37881935038936,0 148.8148721411787,-35.37880810353592,0 148.81476253613,-35.37879803529535,0 148.8146527776215,-35.3787891474219,0 148.8145428847768,-35.37878144146416,0 148.8144328767436,-35.37877491876481,0 148.8143227726891,-35.37876958046033,0 148.8142125917975,-35.37876542748084,0 148.8141023532663,-35.37876246054996,0 148.8139920763033,-35.37876068018463,0 148.8138817801226,-35.37876008669505,0 148.813771483942,-35.37876068018463,0 148.813661206979,-35.37876246054996,0 148.8135509684478,-35.37876542748084,0 148.8134407875563,-35.37876958046033,0 148.8133306835017,-35.37877491876481,0 148.8132206754684,-35.37878144146416,0 148.8131107826238,-35.3787891474219,0 148.8130010241152,-35.37879803529535,0 148.8128914190666,-35.37880810353592,0 148.8127819865752,-35.37881935038936,0 148.8126727457081,-35.37883177389606,0 148.8125637154992,-35.37884537189137,0 148.8124549149454,-35.37886014200605,0 148.8123463630038,-35.37887608166658,0 148.8122380785882,-35.3788931880957,0 148.8121300805656,-35.37891145831283,0 148.8120223877533,-35.37893088913464,0 148.8119150189153,-35.37895147717556,0 148.8118079927592,-35.37897321884842,0 148.8117013279329,-35.37899611036499,0 148.8115950430213,-35.37902014773676,0 148.8114891565431,-35.37904532677552,0 148.8113836869476,-35.37907164309416,0 148.8112786526115,-35.37909909210742,0 148.8111740718357,-35.37912766903268,0 148.8110699628419,-35.37915736889077,0 148.8109663437697,-35.37918818650691,0 148.8108632326734,-35.37922011651153,0 148.8107606475187,-35.37925315334125,0 148.8106586061798,-35.37928729123986,0 148.8105571264358,-35.37932252425926,0 148.8104562259685,-35.37935884626059,0 148.8103559223582,-35.37939625091521,0 148.8102562330815,-35.37943473170588,0 148.8101571755081,-35.37947428192781,0 148.8100587668973,-35.37951489468992,0 148.8099610243955,-35.37955656291596,0 148.8098639650332,-35.37959927934581,0 148.8097676057214,-35.37964303653671,0 148.8096719632497,-35.37968782686454,0 148.8095770542824,-35.37973364252519,0 148.8094828953561,-35.37978047553588,0 148.8093895028767,-35.3798283177366,0 148.8092968931168,-35.37987716079148,0 148.8092050822122,-35.37992699619026,0 148.8091140861598,-35.37997781524981,0 148.8090239208145,-35.38002960911555,0 148.8089346018863,-35.38008236876312,0 148.8088461449379,-35.38013608499985,0 148.8087585653817,-35.3801907484664,0 148.8086718784774,-35.38024634963838,0 148.8085860993288,-35.38030287882805,0 148.808501242882,-35.38036032618592,0 148.808417323922,-35.38041868170259,0 148.8083343570706,-35.38047793521038,0 148.8082523567836,-35.38053807638514,0 148.8081713373485,-35.3805990947481,0 148.8080913128818,-35.38066097966759,0 148.8080122973268,-35.38072372036102,0 148.8079343044508,-35.38078730589665,0 148.8078573478431,-35.38085172519554,0 148.8077814409124,-35.3809169670335,0 148.8077065968843,-35.38098302004301,0 148.8076328287995,-35.3810498727152,0 148.8075601495111,-35.3811175134019,0 148.8074885716825,-35.38118593031762,0 148.8074181077851,-35.38125511154161,0 148.8073487700963,-35.38132504501999,0 148.8072805706974,-35.38139571856777,0 148.8072135214711,-35.38146711987103,0 148.8071476340999,-35.38153923648905,0 148.8070829200638,-35.38161205585646,0 148.8070193906383,-35.38168556528546,0 148.8069570568927,-35.38175975196802,0 148.8068959296876,-35.3818346029781,0 148.8068360196737,-35.3819101052739,0 148.8067773372896,-35.38198624570018,0 148.8067198927598,-35.38206301099045,0 148.8066636960934,-35.3821403877694,0 148.8066087570817,-35.38221836255516,0 148.8065550852972,-35.38229692176166,0 148.8065026900916,-35.38237605170102,0 148.8064515805939,-35.38245573858589,0 148.8064017657094,-35.38253596853189,0 148.8063532541175,-35.38261672756004,0 148.8063060542708,-35.38269800159914,0 148.8062601743933,-35.38277977648828,0 148.8062156224788,-35.38286203797929,0 148.80617240629,-35.38294477173917,0 148.8061305333567,-35.3830279633527,0 148.8060900109747,-35.38311159832482,0 148.8060508462046,-35.38319566208329,0 148.8060130458701,-35.3832801399811,0 148.8059766165576,-35.38336501729909,0 148.8059415646143,-35.38345027924855,0 148.8059078961477,-35.38353591097371,0 148.8058756170239,-35.38362189755437,0 148.8058447328672,-35.38370822400853,0 148.8058152490587,-35.38379487529497,0 148.8057871707356,-35.38388183631584,0 148.8057605027902,-35.38396909191934,0 148.8057352498689,-35.38405662690236,0 148.8057114163719,-35.3841444260131,0 148.8056890064517,-35.38423247395372,0 148.805668024013,-35.38432075538305,0 148.8056484727117,-35.38440925491923,0 148.8056303559543,-35.38449795714239,0 148.8056136768975,-35.38458684659737,0 148.8055984384473,-35.38467590779634,0 148.8055846432589,-35.3847651252216,0 148.8055722937358,-35.38485448332819,0 148.8055613920299,-35.38494396654666,0 148.8055519400405,-35.38503355928574,0 148.8055439394147,-35.38512324593511,0 148.8055373915462,-35.38521301086806,0 148.8055322975762,-35.38530283844425,0 148.8055286583921,-35.38539271301241,0 148.8055264746279,-35.38548261891312,0 148.8055257466643,-35.38557254048145,0 148.8055264746279,-35.38566246204979,0 148.8055286583921,-35.38575236795049,0 148.8055322975762,-35.38584224251865,0 148.8055373915462,-35.38593207009484,0 148.8055439394147,-35.38602183502778,0 148.8055519400405,-35.38611152167715,0 148.8055613920299,-35.38620111441624,0 148.8055722937358,-35.38629059763471,0 148.8055846432589,-35.3863799557413,0 148.8055984384473,-35.38646917316656,0 148.8056136768975,-35.38655823436554,0 148.8056303559543,-35.38664712382051,0 148.8056484727117,-35.38673582604367,0 148.805668024013,-35.38682432557985,0 148.8056890064517,-35.38691260700918,0 148.8057114163719,-35.3870006549498,0 148.8057352498689,-35.38708845406053,0 148.8057605027902,-35.38717598904356,0 148.8057871707356,-35.38726324464706,0 148.8058152490587,-35.38735020566794,0 148.8058447328672,-35.38743685695437,0 148.8058756170239,-35.38752318340853,0 148.8059078961477,-35.3876091699892,0 148.8059415646143,-35.38769480171435,0 148.8059766165576,-35.38778006366381,0 148.8060130458701,-35.38786494098181,0 148.8060508462046,-35.38794941887961,0 148.8060900109747,-35.38803348263807,0 148.8061305333567,-35.38811711761021,0 148.80617240629,-35.38820030922373,0 148.8062156224788,-35.38828304298362,0 148.8062601743933,-35.38836530447462,0 148.8063060542708,-35.38844707936376,0 148.8063532541175,-35.38852835340286,0 148.8064017657094,-35.38860911243101,0 148.8064515805939,-35.38868934237701,0 148.8065026900916,-35.38876902926188,0 148.8065550852972,-35.38884815920123,0 148.8066087570817,-35.38892671840774,0 148.8066636960934,-35.3890046931935,0 148.8067198927598,-35.38908206997245,0 148.8067773372896,-35.38915883526273,0 148.8068360196737,-35.38923497568899,0 148.8068959296876,-35.3893104779848,0 148.8069570568927,-35.38938532899488,0 148.8070193906383,-35.38945951567744,0 148.8070829200638,-35.38953302510645,0 148.8071476340999,-35.38960584447386,0 148.8072135214711,-35.38967796109187,0 148.8072805706974,-35.38974936239513,0 148.8073487700963,-35.38982003594291,0 148.8074181077851,-35.38988996942128,0 148.8074885716825,-35.38995915064528,0 148.8075601495111,-35.390027567561,0 148.8076328287995,-35.39009520824769,0 148.8077065968843,-35.39016206091989,0 148.8077814409124,-35.3902281139294,0 148.8078573478431,-35.39029335576735,0 148.8079343044508,-35.39035777506625,0 148.8080122973268,-35.39042136060188,0 148.8080913128818,-35.39048410129531,0 148.8081713373485,-35.3905459862148,0 148.8082523567836,-35.39060700457775,0 148.8083343570706,-35.39066714575252,0 148.808417323922,-35.3907263992603,0 148.808501242882,-35.39078475477697,0 148.8085860993288,-35.39084220213486,0 148.8086718784774,-35.39089873132452,0 148.8087585653817,-35.39095433249651,0 148.8088461449379,-35.39100899596305,0 148.8089346018863,-35.39106271219978,0 148.8090239208145,-35.39111547184735,0 148.8091140861598,-35.39116726571309,0 148.8092050822122,-35.39121808477263,0 148.8092968931168,-35.39126792017142,0 148.8093895028767,-35.39131676322629,0 148.8094828953561,-35.39136460542701,0 148.8095770542824,-35.39141143843771,0 148.8096719632497,-35.39145725409836,0 148.8097676057214,-35.39150204442619,0 148.8098639650332,-35.39154580161708,0 148.8099610243955,-35.39158851804694,0 148.8100587668973,-35.39163018627298,0 148.8101571755081,-35.39167079903509,0 148.8102562330815,-35.39171034925702,0 148.8103559223582,-35.39174883004768,0 148.8104562259685,-35.39178623470231,0 148.8105571264358,-35.39182255670364,0 148.8106586061798,-35.39185778972305,0 148.8107606475187,-35.39189192762165,0 148.8108632326734,-35.39192496445137,0 148.8109663437697,-35.39195689445599,0 148.8110699628419,-35.39198771207213,0 148.8111740718357,-35.39201741193023,0 148.8112786526115,-35.39204598885547,0 148.8113836869476,-35.39207343786874,0 148.8114891565431,-35.39209975418738,0 148.8115950430213,-35.39212493322614,0 148.8117013279329,-35.39214897059791,0 148.8118079927592,-35.39217186211449,0 148.8119150189153,-35.39219360378733,0 148.8120223877533,-35.39221419182826,0 148.8121300805656,-35.39223362265007,0 148.8122380785882,-35.39225189286721,0 148.8123463630038,-35.39226899929632,0 148.8124549149454,-35.39228493895686,0 148.8125637154992,-35.39229970907152,0 148.8126727457081,-35.39231330706684,0 148.8127819865752,-35.39232573057354,0 148.8128914190666,-35.39233697742698,0 148.8130010241152,-35.39234704566756,0 148.8131107826238,-35.392355933541,0 148.8132206754684,-35.39236363949873,0 148.8133306835017,-35.39237016219808,0 148.8134407875563,-35.39237550050257,0 148.8135509684478,-35.39237965348205,0 148.813661206979,-35.39238262041294,0 148.813771483942,-35.39238440077827,0 148.8138817801226,-35.39238499426786,0 148.8139920763033,-35.39238440077827,0 148.8141023532663,-35.39238262041294,0 148.8142125917975,-35.39237965348205,0 148.8143227726891,-35.39237550050257,0 148.8144328767436,-35.39237016219808,0 148.8145428847768,-35.39236363949873,0 148.8146527776215,-35.392355933541,0 148.81476253613,-35.39234704566756,0 148.8148721411787,-35.39233697742698,0 148.8149815736701,-35.39232573057354,0 148.8150908145372,-35.39231330706684,0 148.8151998447461,-35.39229970907152,0 148.8153086452999,-35.39228493895686,0 148.8154171972415,-35.39226899929632,0 148.8155254816571,-35.39225189286721,0 148.8156334796797,-35.39223362265007,0 148.815741172492,-35.39221419182826,0 148.81584854133,-35.39219360378733,0 148.8159555674861,-35.39217186211449,0 148.8160622323124,-35.39214897059791,0 148.816168517224,-35.39212493322614,0 148.8162744037022,-35.39209975418738,0 148.8163798732977,-35.39207343786874,0 148.8164849076338,-35.39204598885547,0 148.8165894884096,-35.39201741193023,0 148.8166935974034,-35.39198771207213,0 148.8167972164755,-35.39195689445599,0 148.8169003275719,-35.39192496445137,0 148.8170029127265,-35.39189192762165,0 148.8171049540655,-35.39185778972305,0 148.8172064338094,-35.39182255670364,0 148.8173073342768,-35.39178623470231,0 148.8174076378871,-35.39174883004768,0 148.8175073271638,-35.39171034925702,0 148.8176063847372,-35.39167079903509,0 148.817704793348,-35.39163018627298,0 148.8178025358498,-35.39158851804694,0 148.8178995952121,-35.39154580161708,0 148.8179959545238,-35.39150204442619,0 148.8180915969956,-35.39145725409836,0 148.8181865059629,-35.39141143843771,0 148.8182806648892,-35.39136460542701,0 148.8183740573685,-35.39131676322629,0 148.8184666671285,-35.39126792017142,0 148.8185584780331,-35.39121808477263,0 148.8186494740855,-35.39116726571309,0 148.8187396394308,-35.39111547184735,0 148.818828958359,-35.39106271219978,0 148.8189174153074,-35.39100899596305,0 148.8190049948636,-35.39095433249651,0 148.8190916817679,-35.39089873132452,0 148.8191774609164,-35.39084220213486,0 148.8192623173633,-35.39078475477697,0 148.8193462363233,-35.3907263992603,0 148.8194292031747,-35.39066714575252,0 148.8195112034617,-35.39060700457775,0 148.8195922228968,-35.3905459862148,0 148.8196722473635,-35.39048410129531,0 148.8197512629185,-35.39042136060188,0 148.8198292557944,-35.39035777506625,0 148.8199062124021,-35.39029335576735,0 148.8199821193329,-35.3902281139294,0 148.820056963361,-35.39016206091989,0 148.8201307314458,-35.39009520824769,0 148.8202034107342,-35.390027567561,0 148.8202749885628,-35.38995915064528,0 148.8203454524602,-35.38988996942128,0 148.820414790149,-35.38982003594291,0 148.8204829895479,-35.38974936239513,0 148.8205500387742,-35.38967796109187,0 148.8206159261454,-35.38960584447386,0 148.8206806401815,-35.38953302510645,0 148.8207441696069,-35.38945951567744,0 148.8208065033526,-35.38938532899488,0 148.8208676305577,-35.3893104779848,0 148.8209275405715,-35.38923497568899,0 148.8209862229557,-35.38915883526273,0 148.8210436674855,-35.38908206997245,0 148.8210998641519,-35.3890046931935,0 148.8211548031636,-35.38892671840774,0 148.821208474948,-35.38884815920123,0 148.8212608701537,-35.38876902926188,0 148.8213119796513,-35.38868934237701,0 148.8213617945359,-35.38860911243101,0 148.8214103061278,-35.38852835340286,0 148.8214575059745,-35.38844707936376,0 148.821503385852,-35.38836530447462,0 148.8215479377665,-35.38828304298362,0 148.8215911539553,-35.38820030922373,0 148.8216330268886,-35.38811711761021,0 148.8216735492705,-35.38803348263807,0 148.8217127140407,-35.38794941887961,0 148.8217505143752,-35.38786494098181,0 148.8217869436877,-35.38778006366381,0 148.821821995631,-35.38769480171435,0 148.8218556640976,-35.3876091699892,0 148.8218879432214,-35.38752318340853,0 148.8219188273781,-35.38743685695437,0 148.8219483111866,-35.38735020566794,0 148.8219763895097,-35.38726324464706,0 148.8220030574551,-35.38717598904356,0 148.8220283103763,-35.38708845406053,0 148.8220521438734,-35.3870006549498,0 148.8220745537936,-35.38691260700918,0 148.8220955362323,-35.38682432557985,0 148.8221150875336,-35.38673582604367,0 148.822133204291,-35.38664712382051,0 148.8221498833478,-35.38655823436554,0 148.822165121798,-35.38646917316656,0 148.8221789169864,-35.3863799557413,0 148.8221912665095,-35.38629059763471,0 148.8222021682154,-35.38620111441624,0 148.8222116202048,-35.38611152167715,0 148.8222196208306,-35.38602183502778,0 148.822226168699,-35.38593207009484,0 148.8222312626691,-35.38584224251865,0 148.8222349018532,-35.38575236795049,0 148.8222370856174,-35.38566246204979,0 
						</coordinates>
					</LinearRing>
				</outerBoundaryIs>
			</Polygon>
		</Placemark>
		<Placemark id="423">
			<name>Bull&amp;apos;s Head Tower NFZ_dv_0</name>
			<styleUrl>#426</styleUrl>
			<Polygon id="422">
				<outerBoundaryIs>
					<LinearRing id="424">
						<coordinates>
							148.8308529599879,-35.38557254048145,0 148.830852601737,-35.3854826392225,0 148.8308515269993,-35.38539274175906,0 148.8308497358204,-35.38530285188649,0 148.8308472282758,-35.38521297339985,0 148.8308440044714,-35.38512311009367,0 148.8308400645432,-35.38503326576187,0 148.8308354086576,-35.38494344419757,0 148.8308300370112,-35.38485364919293,0 148.8308239498308,-35.38476388453897,0 148.8308171473733,-35.38467415402544,0 148.830809629926,-35.38458446144066,0 148.8308013978062,-35.38449481057133,0 148.8307924513614,-35.38440520520239,0 148.8307827909695,-35.38431564911689,0 148.8307724170381,-35.38422614609574,0 148.8307613300054,-35.38413669991768,0 148.8307495303394,-35.38404731435899,0 148.8307370185382,-35.38395799319343,0 148.8307237951301,-35.38386874019201,0 148.8307098606733,-35.38377955912289,0 148.8306952157562,-35.38369045375119,0 148.8306798609971,-35.38360142783883,0 148.8306637970441,-35.38351248514434,0 148.8306470245756,-35.3834236294228,0 148.8306295442996,-35.38333486442558,0 148.830611356954,-35.38324619390021,0 148.8305924633069,-35.38315762159026,0 148.8305728641558,-35.38306915123515,0 148.8305525603281,-35.38298078656997,0 148.8305315526811,-35.38289253132538,0 148.8305098421017,-35.3828043892274,0 148.8304874295065,-35.38271636399727,0 148.8304643158417,-35.38262845935131,0 148.8304405020832,-35.38254067900075,0 148.8304159892363,-35.38245302665155,0 148.8303907783359,-35.3823655060043,0 148.8303648704464,-35.38227812075399,0 148.8303382666617,-35.38219087458994,0 148.8303109681048,-35.38210377119556,0 148.8302829759283,-35.38201681424824,0 148.830254291314,-35.3819300074192,0 148.830224915473,-35.38184335437332,0 148.8301948496454,-35.38175685876897,0 148.8301640951005,-35.38167052425789,0 148.8301326531368,-35.38158435448502,0 148.8301005250817,-35.38149835308833,0 148.8300677122917,-35.3814125236987,0 148.8300342161521,-35.38132686993973,0 148.8300000380769,-35.38124139542763,0 148.8299651795092,-35.381156103771,0 148.8299296419207,-35.38107099857076,0 148.8298934268117,-35.38098608341996,0 148.8298565357111,-35.38090136190358,0 148.8298189701765,-35.38081683759847,0 148.8297807317939,-35.38073251407315,0 148.8297418221775,-35.38064839488764,0 148.8297022429701,-35.38056448359335,0 148.8296619958428,-35.3804807837329,0 148.8296210824947,-35.38039729884001,0 148.829579504653,-35.38031403243929,0 148.8295372640732,-35.38023098804615,0 148.8294943625386,-35.38014816916662,0 148.8294508018604,-35.38006557929721,0 148.8294065838778,-35.37998322192477,0 148.8293617104576,-35.3799011005263,0 148.8293161834942,-35.37981921856888,0 148.8292700049097,-35.37973757950945,0 148.8292231766538,-35.37965618679472,0 148.8291757007035,-35.379575043861,0 148.8291275790631,-35.379494154134,0 148.8290788137644,-35.37941352102882,0 148.829029406866,-35.37933314794968,0 148.8289793604539,-35.37925303828982,0 148.828928676641,-35.37917319543138,0 148.8288773575671,-35.37909362274522,0 148.8288254053988,-35.3790143235908,0 148.8287728223296,-35.37893530131603,0 148.8287196105792,-35.37885655925713,0 148.8286657723944,-35.37877810073849,0 148.8286113100481,-35.37869992907252,0 148.8285562258396,-35.37862204755955,0 148.8285005220945,-35.37854445948763,0 148.8284442011645,-35.37846716813243,0 148.8283872654275,-35.37839017675708,0 148.8283297172872,-35.37831348861209,0 148.8282715591732,-35.3782371069351,0 148.8282127935408,-35.37816103495088,0 148.8281534228712,-35.37808527587108,0 148.8280934496707,-35.37800983289414,0 148.8280328764715,-35.37793470920519,0 148.8279717058309,-35.37785990797585,0 148.8279099403313,-35.37778543236412,0 148.8278475825805,-35.37771128551428,0 148.8277846352112,-35.37763747055672,0 148.8277211008808,-35.37756399060781,0 148.8276569822717,-35.37749084876977,0 148.827592282091,-35.37741804813057,0 148.8275270030702,-35.37734559176376,0 148.8274611479652,-35.37727348272835,0 148.8273947195565,-35.37720172406869,0 148.8273277206485,-35.37713031881435,0 148.8272601540699,-35.37705926997998,0 148.8271920226731,-35.37698858056514,0 148.8271233293347,-35.37691825355427,0 148.8270540769548,-35.37684829191649,0 148.8269842684572,-35.37677869860548,0 148.8269139067889,-35.37670947655938,0 148.8268429949208,-35.37664062870068,0 148.8267715358464,-35.37657215793603,0 148.8266995325829,-35.37650406715618,0 148.82662698817,-35.37643635923585,0 148.8265539056704,-35.37636903703356,0 148.8264802881697,-35.37630210339159,0 148.826406138776,-35.37623556113579,0 148.8263314606195,-35.37616941307548,0 148.8262562568532,-35.37610366200336,0 148.8261805306522,-35.37603831069535,0 148.8261042852133,-35.3759733619105,0 148.8260275237558,-35.37590881839087,0 148.8259502495202,-35.37584468286141,0 148.8258724657691,-35.37578095802982,0 148.8257941757863,-35.37571764658651,0 148.8257153828773,-35.37565475120439,0 148.8256360903684,-35.37559227453882,0 148.8255563016074,-35.37553021922751,0 148.8254760199628,-35.37546858789035,0 148.825395248824,-35.37540738312931,0 148.825313991601,-35.37534660752841,0 148.8252322517246,-35.37528626365351,0 148.8251500326455,-35.37522635405224,0 148.825067337835,-35.37516688125393,0 148.8249841707843,-35.37510784776943,0 148.8249005350048,-35.37504925609105,0 148.8248164340272,-35.37499110869248,0 148.8247318714024,-35.37493340802862,0 148.8246468507004,-35.37487615653552,0 148.8245613755107,-35.37481935663027,0 148.824475449442,-35.37476301071088,0 148.8243890761218,-35.37470712115621,0 148.8243022591969,-35.37465169032585,0 148.8242150023325,-35.37459672056001,0 148.8241273092125,-35.37454221417945,0 148.8240391835392,-35.37448817348536,0 148.823950629033,-35.37443460075928,0 148.8238616494328,-35.37438149826296,0 148.8237722484951,-35.37432886823834,0 148.8236824299943,-35.37427671290739,0 148.8235921977224,-35.37422503447203,0 148.8235015554889,-35.37417383511408,0 148.8234105071207,-35.37412311699509,0 148.8233190564615,-35.37407288225633,0 148.8232272073725,-35.37402313301865,0 148.8231349637313,-35.37397387138238,0 148.8230423294324,-35.3739250994273,0 148.8229493083866,-35.3738768192125,0 148.8228559045212,-35.37382903277631,0 148.8227621217796,-35.3737817421362,0 148.8226679641212,-35.37373494928874,0 148.8225734355211,-35.37368865620946,0 148.8224785399703,-35.37364286485278,0 148.8223832814752,-35.37359757715198,0 148.8222876640574,-35.37355279501902,0 148.8221916917538,-35.37350852034456,0 148.8220953686161,-35.37346475499783,0 148.8219986987111,-35.37342150082655,0 148.8219016861201,-35.37337875965682,0 148.8218043349387,-35.37333653329316,0 148.8217066492771,-35.37329482351829,0 148.8216086332593,-35.37325363209316,0 148.8215102910236,-35.3732129607568,0 148.8214116267217,-35.37317281122632,0 148.8213126445192,-35.37313318519679,0 148.821213348595,-35.37309408434114,0 148.8211137431412,-35.37305551031018,0 148.821013832363,-35.37301746473245,0 148.8209136204786,-35.3729799492142,0 148.8208131117188,-35.37294296533927,0 148.8207123103268,-35.37290651466908,0 148.8206112205585,-35.37287059874254,0 148.8205098466817,-35.37283521907596,0 148.8204081929763,-35.37280037716303,0 148.820306263734,-35.37276607447474,0 148.820204063258,-35.3727323124593,0 148.8201015958633,-35.37269909254209,0 148.8199988658757,-35.37266641612563,0 148.8198958776326,-35.37263428458947,0 148.8197926354817,-35.37260269929016,0 148.8196891437821,-35.3725716615612,0 148.8195854069029,-35.37254117271294,0 148.8194814292237,-35.37251123403261,0 148.8193772151344,-35.37248184678418,0 148.8192727690348,-35.37245301220833,0 148.8191680953344,-35.37242473152241,0 148.8190631984524,-35.37239700592043,0 148.8189580828175,-35.37236983657289,0 148.8188527528675,-35.37234322462687,0 148.8187472130493,-35.37231717120589,0 148.8186414678187,-35.3722916774099,0 148.81853552164,-35.37226674431519,0 148.8184293789863,-35.37224237297443,0 148.8183230443386,-35.37221856441653,0 148.8182165221864,-35.37219531964666,0 148.8181098170268,-35.37217263964619,0 148.8180029333649,-35.37215052537265,0 148.817895875713,-35.37212897775967,0 148.8177886485911,-35.37210799771695,0 148.8176812565261,-35.37208758613025,0 148.8175737040521,-35.37206774386132,0 148.8174659957096,-35.37204847174788,0 148.8173581360461,-35.37202977060358,0 148.8172501296152,-35.37201164121794,0 148.8171419809769,-35.37199408435637,0 148.8170336946969,-35.37197710076011,0 148.8169252753472,-35.37196069114616,0 148.8168167275049,-35.37194485620734,0 148.8167080557528,-35.37192959661217,0 148.8165992646789,-35.37191491300489,0 148.8164903588763,-35.37190080600542,0 148.8163813429427,-35.37188727620934,0 148.8162722214807,-35.37187432418788,0 148.8161629990974,-35.37186195048783,0 148.8160536804038,-35.3718501556316,0 148.8159442700154,-35.37183894011716,0 148.8158347725512,-35.37182830441803,0 148.8157251926341,-35.3718182489832,0 148.8156155348906,-35.37180877423723,0 148.81550580395,-35.37179988058011,0 148.8153960044452,-35.37179156838733,0 148.8152861410118,-35.37178383800982,0 148.815176218288,-35.37177668977395,0 148.8150662409147,-35.3717701239815,0 148.8149562135349,-35.37176414090967,0 148.8148461407939,-35.37175874081106,0 148.8147360273389,-35.37175392391367,0 148.8146258778186,-35.37174969042083,0 148.8145156968834,-35.37174604051131,0 148.814405489185,-35.37174297433918,0 148.8142952593764,-35.3717404920339,0 148.8141850121111,-35.37173859370027,0 148.8140747520438,-35.37173727941843,0 148.8139644838294,-35.37173654924387,0 148.8138542121234,-35.37173640320741,0 148.8137439415813,-35.37173684131524,0 148.8136336768585,-35.37173786354883,0 148.8135234226104,-35.37173946986504,0 148.8134131834916,-35.37174166019606,0 148.8133029641565,-35.3717444344494,0 148.8131927692581,-35.37174779250795,0 148.813082603449,-35.37175173422993,0 148.8129724713801,-35.37175625944892,0 148.8128623777011,-35.37176136797388,0 148.8127523270599,-35.37176705958914,0 148.8126423241029,-35.37177333405439,0 148.8125323734741,-35.37178019110475,0 148.8124224798156,-35.37178763045069,0 148.8123126477668,-35.37179565177817,0 148.8122028819649,-35.37180425474852,0 148.8120931870439,-35.37181343899854,0 148.8119835676351,-35.37182320414047,0 148.8118740283664,-35.37183354976204,0 148.8117645738625,-35.37184447542649,0 148.8116552087443,-35.37185598067254,0 148.8115459376291,-35.37186806501445,0 148.8114367651303,-35.37188072794203,0 148.811327695857,-35.37189396892069,0 148.8112187344139,-35.37190778739139,0 148.8111098854012,-35.37192218277072,0 148.8110011534144,-35.37193715445097,0 148.810892543044,-35.37195270180001,0 148.8107840588754,-35.37196882416148,0 148.8106757054888,-35.37198552085469,0 148.8105674874586,-35.37200279117475,0 148.8104594093536,-35.37202063439252,0 148.8103514757368,-35.37203904975468,0 148.810243691165,-35.37205803648374,0 148.8101360601887,-35.37207759377814,0 148.810028587352,-35.37209772081217,0 148.8099212771923,-35.3721184167361,0 148.80981413424,-35.37213968067617,0 148.8097071630185,-35.37216151173465,0 148.8096003680442,-35.37218390898985,0 148.8094937538256,-35.3722068714962,0 148.809387324864,-35.37223039828424,0 148.8092810856527,-35.3722544883607,0 148.8091750406768,-35.37227914070854,0 148.8090691944136,-35.37230435428695,0 148.8089635513316,-35.37233012803146,0 148.8088581158911,-35.37235646085392,0 148.8087528925433,-35.37238335164261,0 148.8086478857308,-35.37241079926222,0 148.8085430998866,-35.37243880255396,0 148.8084385394348,-35.37246736033555,0 148.8083342087897,-35.37249647140133,0 148.8082301123561,-35.37252613452225,0 148.8081262545288,-35.37255634844598,0 148.8080226396926,-35.37258711189695,0 148.8079192722219,-35.37261842357633,0 148.8078161564807,-35.37265028216219,0 148.8077132968225,-35.37268268630951,0 148.8076106975899,-35.37271563465022,0 148.8075083631145,-35.37274912579329,0 148.8074062977167,-35.37278315832476,0 148.8073045057056,-35.37281773080782,0 148.8072029913788,-35.37285284178287,0 148.807101759022,-35.37288848976755,0 148.8070008129092,-35.37292467325688,0 148.8069001573021,-35.3729613907232,0 148.8067997964503,-35.37299864061637,0 148.806699734591,-35.37303642136375,0 148.8065999759485,-35.37307473137027,0 148.8065005247347,-35.37311356901853,0 148.8064013851481,-35.37315293266885,0 148.8063025613744,-35.37319282065937,0 148.8062040575857,-35.37323323130605,0 148.8061058779409,-35.3732741629028,0 148.8060080265848,-35.37331561372155,0 148.8059105076486,-35.3733575820123,0 148.8058133252495,-35.3734000660032,0 148.8057164834905,-35.37344306390062,0 148.8056199864599,-35.37348657388925,0 148.8055238382319,-35.37353059413216,0 148.8054280428656,-35.37357512277085,0 148.8053326044055,-35.37362015792539,0 148.8052375268807,-35.37366569769446,0 148.8051428143055,-35.37371174015543,0 148.8050484706784,-35.37375828336442,0 148.8049544999824,-35.37380532535646,0 148.804860906185,-35.3738528641455,0 148.8047676932375,-35.37390089772448,0 148.8046748650753,-35.37394942406551,0 148.8045824256174,-35.37399844111987,0 148.8044903787665,-35.3740479468181,0 148.8043987284088,-35.37409793907015,0 148.8043074784135,-35.3741484157654,0 148.8042166326332,-35.37419937477281,0 148.8041261949032,-35.37425081394093,0 148.8040361690418,-35.37430273109806,0 148.8039465588496,-35.37435512405234,0 148.8038573681099,-35.37440799059181,0 148.8037686005883,-35.37446132848449,0 148.8036802600324,-35.37451513547854,0 148.8035923501718,-35.37456940930229,0 148.803504874718,-35.37462414766436,0 148.803417837364,-35.37467934825377,0 148.8033312417844,-35.37473500874002,0 148.8032450916353,-35.37479112677322,0 148.8031593905538,-35.37484769998409,0 148.8030741421581,-35.37490472598422,0 148.8029893500472,-35.37496220236602,0 148.802905017801,-35.37502012670292,0 148.8028211489798,-35.37507849654943,0 148.8027377471246,-35.37513730944124,0 148.8026548157564,-35.37519656289535,0 148.8025723583764,-35.37525625441016,0 148.802490378466,-35.37531638146555,0 148.8024088794862,-35.37537694152306,0 148.8023278648778,-35.37543793202589,0 148.8022473380611,-35.37549935039912,0 148.8021673024359,-35.37556119404973,0 148.8020877613812,-35.37562346036677,0 148.8020087182551,-35.37568614672143,0 148.8019301763947,-35.37574925046717,0 148.8018521391159,-35.37581276893982,0 148.8017746097134,-35.37587669945773,0 148.8016975914604,-35.37594103932182,0 148.8016210876085,-35.37600578581575,0 148.8015451013876,-35.37607093620601,0 148.8014696360056,-35.376136487742,0 148.8013946946488,-35.37620243765627,0 148.801320280481,-35.37626878316444,0 148.8012463966438,-35.37633552146553,0 148.8011730462566,-35.37640264974192,0 148.8011002324161,-35.37647016515953,0 148.8010279581964,-35.37653806486795,0 148.8009562266489,-35.37660634600055,0 148.800885040802,-35.37667500567457,0 148.8008144036611,-35.3767440409913,0 148.8007443182082,-35.37681344903613,0 148.8006747874025,-35.37688322687877,0 148.8006058141794,-35.37695337157328,0 148.8005374014508,-35.37702388015823,0 148.800469552105,-35.37709474965684,0 148.8004022690066,-35.3771659770771,0 148.8003355549962,-35.37723755941186,0 148.8002694128903,-35.37730949363901,0 148.8002038454813,-35.37738177672158,0 148.8001388555376,-35.37745440560788,0 148.8000744458028,-35.37752737723159,0 148.8000106189963,-35.37760068851195,0 148.7999473778127,-35.37767433635386,0 148.7998847249219,-35.37774831764799,0 148.7998226629692,-35.37782262927094,0 148.7997611945747,-35.37789726808536,0 148.7997003223336,-35.37797223094012,0 148.7996400488157,-35.37804751467036,0 148.7995803765657,-35.37812311609771,0 148.799521308103,-35.37819903203036,0 148.7994628459213,-35.37827525926324,0 148.7994049924888,-35.37835179457814,0 148.799347750248,-35.37842863474382,0 148.7992911216157,-35.3785057765162,0 148.7992351089825,-35.37858321663844,0 148.7991797147134,-35.37866095184113,0 148.7991249411469,-35.37873897884236,0 148.7990707905956,-35.37881729434797,0 148.7990172653455,-35.37889589505154,0 148.7989643676566,-35.37897477763467,0 148.7989120997619,-35.37905393876703,0 148.7988604638684,-35.37913337510653,0 148.7988094621558,-35.37921308329948,0 148.7987590967776,-35.3792930599807,0 148.7987093698599,-35.37937330177366,0 148.7986602835022,-35.37945380529067,0 148.798611839777,-35.37953456713296,0 148.7985640407294,-35.37961558389087,0 148.7985168883775,-35.37969685214399,0 148.7984703847119,-35.37977836846125,0 148.798424531696,-35.37986012940116,0 148.7983793312656,-35.37994213151186,0 148.7983347853291,-35.38002437133132,0 148.7982908957671,-35.38010684538749,0 148.7982476644326,-35.38018955019842,0 148.7982050931507,-35.38027248227242,0 148.7981631837188,-35.38035563810819,0 148.7981219379062,-35.38043901419501,0 148.7980813574544,-35.38052260701282,0 148.7980414440764,-35.38060641303247,0 148.7980021994574,-35.38069042871575,0 148.7979636252543,-35.38077465051564,0 148.7979257230956,-35.38085907487639,0 148.7978884945816,-35.38094369823371,0 148.7978519412839,-35.38102851701493,0 148.7978160647458,-35.38111352763909,0 148.797780866482,-35.38119872651714,0 148.7977463479784,-35.38128411005211,0 148.7977125106924,-35.3813696746392,0 148.7976793560526,-35.38145541666599,0 148.7976468854587,-35.38154133251255,0 148.7976151002816,-35.38162741855164,0 148.7975840018632,-35.3817136711488,0 148.7975535915164,-35.38180008666256,0 148.7975238705253,-35.38188666144456,0 148.7974948401444,-35.38197339183973,0 148.7974665015994,-35.38206027418641,0 148.7974388560869,-35.38214730481656,0 148.7974119047738,-35.38223448005584,0 148.7973856487982,-35.38232179622381,0 148.7973600892684,-35.38240924963412,0 148.7973352272635,-35.38249683659456,0 148.7973110638333,-35.38258455340736,0 148.7972875999978,-35.38267239636919,0 148.7972648367476,-35.38276036177147,0 148.7972427750439,-35.38284844590037,0 148.797221415818,-35.38293664503712,0 148.7972007599717,-35.38302495545805,0 148.797180808377,-35.3831133734348,0 148.7971615618763,-35.3832018952345,0 148.7971430212821,-35.38329051711984,0 148.7971251873772,-35.38337923534933,0 148.7971080609145,-35.38346804617741,0 148.7970916426171,-35.38355694585456,0 148.7970759331782,-35.3836459306276,0 148.7970609332609,-35.38373499673967,0 148.7970466434986,-35.38382414043052,0 148.7970330644945,-35.38391335793662,0 148.7970201968219,-35.38400264549131,0 148.7970080410242,-35.38409199932499,0 148.7969965976144,-35.38418141566525,0 148.7969858670757,-35.38427089073704,0 148.7969758498612,-35.38436042076285,0 148.7969665463938,-35.38445000196283,0 148.7969579570662,-35.38453963055496,0 148.796950082241,-35.38462930275524,0 148.7969429222508,-35.38471901477784,0 148.7969364773979,-35.38480876283523,0 148.7969307479542,-35.38489854313833,0 148.7969257341618,-35.38498835189675,0 148.7969214362323,-35.38507818531888,0 148.796917854347,-35.38516803961206,0 148.7969149886574,-35.38525791098276,0 148.7969128392842,-35.38534779563672,0 148.7969114063184,-35.38543768977912,0 148.7969106898204,-35.38552758961475,0 148.7969106898204,-35.38561749134815,0 148.7969114063184,-35.38570739118378,0 148.7969128392842,-35.38579728532618,0 148.7969149886574,-35.38588716998014,0 148.796917854347,-35.38597704135084,0 148.7969214362323,-35.38606689564402,0 148.7969257341618,-35.38615672906615,0 148.7969307479542,-35.38624653782458,0 148.7969364773979,-35.38633631812768,0 148.7969429222508,-35.38642606618505,0 148.796950082241,-35.38651577820765,0 148.7969579570662,-35.38660545040794,0 148.7969665463938,-35.38669507900008,0 148.7969758498612,-35.38678466020005,0 148.7969858670757,-35.38687419022586,0 148.7969965976144,-35.38696366529766,0 148.7970080410242,-35.38705308163791,0 148.7970201968219,-35.38714243547159,0 148.7970330644945,-35.38723172302628,0 148.7970466434986,-35.38732094053238,0 148.7970609332609,-35.38741008422323,0 148.7970759331782,-35.3874991503353,0 148.7970916426171,-35.38758813510833,0 148.7971080609145,-35.3876770347855,0 148.7971251873772,-35.38776584561357,0 148.7971430212821,-35.38785456384306,0 148.7971615618763,-35.3879431857284,0 148.797180808377,-35.3880317075281,0 148.7972007599717,-35.38812012550486,0 148.797221415818,-35.38820843592578,0 148.7972427750439,-35.38829663506253,0 148.7972648367476,-35.38838471919144,0 148.7972875999978,-35.3884726845937,0 148.7973110638333,-35.38856052755555,0 148.7973352272635,-35.38864824436833,0 148.7973600892684,-35.38873583132879,0 148.7973856487982,-35.38882328473909,0 148.7974119047738,-35.38891060090707,0 148.7974388560869,-35.38899777614634,0 148.7974665015994,-35.38908480677648,0 148.7974948401444,-35.38917168912317,0 148.7975238705253,-35.38925841951834,0 148.7975535915164,-35.38934499430034,0 148.7975840018632,-35.38943140981409,0 148.7976151002816,-35.38951766241126,0 148.7976468854587,-35.38960374845034,0 148.7976793560526,-35.38968966429692,0 148.7977125106924,-35.38977540632371,0 148.7977463479784,-35.3898609709108,0 148.797780866482,-35.38994635444576,0 148.7978160647458,-35.39003155332382,0 148.7978519412839,-35.39011656394798,0 148.7978884945816,-35.39020138272918,0 148.7979257230956,-35.39028600608651,0 148.7979636252543,-35.39037043044726,0 148.7980021994574,-35.39045465224715,0 148.7980414440764,-35.39053866793044,0 148.7980813574544,-35.39062247395008,0 148.7981219379062,-35.3907060667679,0 148.7981631837188,-35.39078944285471,0 148.7982050931507,-35.39087259869048,0 148.7982476644326,-35.39095553076447,0 148.7982908957671,-35.3910382355754,0 148.7983347853291,-35.39112070963158,0 148.7983793312656,-35.39120294945104,0 148.798424531696,-35.39128495156174,0 148.7984703847119,-35.39136671250164,0 148.7985168883775,-35.39144822881891,0 148.7985640407294,-35.39152949707202,0 148.798611839777,-35.39161051382995,0 148.7986602835022,-35.39169127567223,0 148.7987093698599,-35.39177177918923,0 148.7987590967776,-35.3918520209822,0 148.7988094621558,-35.39193199766342,0 148.7988604638684,-35.39201170585637,0 148.7989120997619,-35.39209114219587,0 148.7989643676566,-35.39217030332823,0 148.7990172653455,-35.39224918591136,0 148.7990707905956,-35.39232778661493,0 148.7991249411469,-35.39240610212053,0 148.7991797147134,-35.39248412912178,0 148.7992351089825,-35.39256186432446,0 148.7992911216157,-35.3926393044467,0 148.799347750248,-35.39271644621908,0 148.7994049924888,-35.39279328638477,0 148.7994628459213,-35.39286982169966,0 148.799521308103,-35.39294604893254,0 148.7995803765657,-35.39302196486519,0 148.7996400488157,-35.39309756629254,0 148.7997003223336,-35.39317285002278,0 148.7997611945747,-35.39324781287753,0 148.7998226629692,-35.39332245169197,0 148.7998847249219,-35.39339676331491,0 148.7999473778127,-35.39347074460904,0 148.8000106189963,-35.39354439245094,0 148.8000744458028,-35.3936177037313,0 148.8001388555376,-35.39369067535502,0 148.8002038454813,-35.39376330424131,0 148.8002694128903,-35.39383558732389,0 148.8003355549962,-35.39390752155104,0 148.8004022690066,-35.3939791038858,0 148.800469552105,-35.39405033130605,0 148.8005374014508,-35.39412120080467,0 148.8006058141794,-35.39419170938962,0 148.8006747874025,-35.39426185408412,0 148.8007443182082,-35.39433163192676,0 148.8008144036611,-35.3944010399716,0 148.800885040802,-35.39447007528833,0 148.8009562266489,-35.39453873496235,0 148.8010279581964,-35.39460701609494,0 148.8011002324161,-35.39467491580337,0 148.8011730462566,-35.39474243122098,0 148.8012463966438,-35.39480955949737,0 148.801320280481,-35.39487629779845,0 148.8013946946488,-35.39494264330663,0 148.8014696360056,-35.39500859322089,0 148.8015451013876,-35.3950741447569,0 148.8016210876085,-35.39513929514715,0 148.8016975914604,-35.39520404164108,0 148.8017746097134,-35.39526838150517,0 148.8018521391159,-35.39533231202308,0 148.8019301763947,-35.39539583049574,0 148.8020087182551,-35.39545893424147,0 148.8020877613812,-35.39552162059613,0 148.8021673024359,-35.39558388691317,0 148.8022473380611,-35.39564573056379,0 148.8023278648778,-35.39570714893701,0 148.8024088794862,-35.39576813943984,0 148.802490378466,-35.39582869949734,0 148.8025723583764,-35.39588882655274,0 148.8026548157564,-35.39594851806754,0 148.8027377471246,-35.39600777152166,0 148.8028211489798,-35.39606658441348,0 148.802905017801,-35.39612495425998,0 148.8029893500472,-35.39618287859688,0 148.8030741421581,-35.39624035497869,0 148.8031593905538,-35.39629738097881,0 148.8032450916353,-35.39635395418968,0 148.8033312417844,-35.39641007222287,0 148.803417837364,-35.39646573270913,0 148.803504874718,-35.39652093329854,0 148.8035923501718,-35.39657567166061,0 148.8036802600324,-35.39662994548436,0 148.8037686005883,-35.3966837524784,0 148.8038573681099,-35.39673709037109,0 148.8039465588496,-35.39678995691055,0 148.8040361690418,-35.39684234986484,0 148.8041261949032,-35.39689426702198,0 148.8042166326332,-35.3969457061901,0 148.8043074784135,-35.39699666519749,0 148.8043987284088,-35.39704714189275,0 148.8044903787665,-35.3970971341448,0 148.8045824256174,-35.39714663984304,0 148.8046748650753,-35.39719565689739,0 148.8047676932375,-35.39724418323842,0 148.804860906185,-35.39729221681741,0 148.8049544999824,-35.39733975560644,0 148.8050484706784,-35.39738679759847,0 148.8051428143055,-35.39743334080747,0 148.8052375268807,-35.39747938326843,0 148.8053326044055,-35.39752492303751,0 148.8054280428656,-35.39756995819205,0 148.8055238382319,-35.39761448683075,0 148.8056199864599,-35.39765850707365,0 148.8057164834905,-35.39770201706229,0 148.8058133252495,-35.3977450149597,0 148.8059105076486,-35.3977874989506,0 148.8060080265848,-35.39782946724134,0 148.8061058779409,-35.3978709180601,0 148.8062040575857,-35.39791184965685,0 148.8063025613744,-35.39795226030353,0 148.8064013851481,-35.39799214829404,0 148.8065005247347,-35.39803151194437,0 148.8065999759485,-35.39807034959264,0 148.806699734591,-35.39810865959915,0 148.8067997964503,-35.39814644034653,0 148.8069001573021,-35.3981836902397,0 148.8070008129092,-35.39822040770603,0 148.807101759022,-35.39825659119535,0 148.8072029913788,-35.39829223918004,0 148.8073045057056,-35.39832735015508,0 148.8074062977167,-35.39836192263814,0 148.8075083631145,-35.39839595516961,0 148.8076106975899,-35.39842944631268,0 148.8077132968225,-35.39846239465339,0 148.8078161564807,-35.39849479880071,0 148.8079192722219,-35.39852665738658,0 148.8080226396926,-35.39855796906595,0 148.8081262545288,-35.39858873251691,0 148.8082301123561,-35.39861894644065,0 148.8083342087897,-35.39864860956158,0 148.8084385394348,-35.39867772062735,0 148.8085430998866,-35.39870627840894,0 148.8086478857308,-35.39873428170068,0 148.8087528925433,-35.39876172932029,0 148.8088581158911,-35.39878862010897,0 148.8089635513316,-35.39881495293145,0 148.8090691944136,-35.39884072667595,0 148.8091750406768,-35.39886594025436,0 148.8092810856527,-35.3988905926022,0 148.809387324864,-35.39891468267867,0 148.8094937538256,-35.39893820946671,0 148.8096003680442,-35.39896117197305,0 148.8097071630185,-35.39898356922825,0 148.80981413424,-35.39900540028673,0 148.8099212771923,-35.3990266642268,0 148.810028587352,-35.39904736015073,0 148.8101360601887,-35.39906748718477,0 148.810243691165,-35.39908704447915,0 148.8103514757368,-35.39910603120823,0 148.8104594093536,-35.39912444657038,0 148.8105674874586,-35.39914228978815,0 148.8106757054888,-35.3991595601082,0 148.8107840588754,-35.39917625680143,0 148.810892543044,-35.39919237916289,0 148.8110011534144,-35.39920792651193,0 148.8111098854012,-35.39922289819217,0 148.8112187344139,-35.39923729357152,0 148.811327695857,-35.39925111204222,0 148.8114367651303,-35.39926435302087,0 148.8115459376291,-35.39927701594845,0 148.8116552087443,-35.39928910029036,0 148.8117645738625,-35.39930060553641,0 148.8118740283664,-35.39931153120085,0 148.8119835676351,-35.39932187682243,0 148.8120931870439,-35.39933164196437,0 148.8122028819649,-35.39934082621438,0 148.8123126477668,-35.39934942918473,0 148.8124224798156,-35.39935745051221,0 148.8125323734741,-35.39936488985816,0 148.8126423241029,-35.39937174690851,0 148.8127523270599,-35.39937802137376,0 148.8128623777011,-35.39938371298901,0 148.8129724713801,-35.39938882151397,0 148.813082603449,-35.39939334673297,0 148.8131927692581,-35.39939728845495,0 148.8133029641565,-35.3994006465135,0 148.8134131834916,-35.39940342076684,0 148.8135234226104,-35.39940561109786,0 148.8136336768585,-35.39940721741407,0 148.8137439415813,-35.39940823964766,0 148.8138542121234,-35.39940867775548,0 148.8139644838294,-35.39940853171903,0 148.8140747520438,-35.39940780154448,0 148.8141850121111,-35.39940648726263,0 148.8142952593764,-35.399404588929,0 148.814405489185,-35.39940210662372,0 148.8145156968834,-35.39939904045158,0 148.8146258778186,-35.39939539054206,0 148.8147360273389,-35.39939115704924,0 148.8148461407939,-35.39938634015184,0 148.8149562135349,-35.39938094005323,0 148.8150662409147,-35.3993749569814,0 148.815176218288,-35.39936839118895,0 148.8152861410118,-35.39936124295308,0 148.8153960044452,-35.39935351257557,0 148.81550580395,-35.39934520038279,0 148.8156155348906,-35.39933630672567,0 148.8157251926341,-35.3993268319797,0 148.8158347725512,-35.39931677654487,0 148.8159442700154,-35.39930614084573,0 148.8160536804038,-35.3992949253313,0 148.8161629990974,-35.39928313047508,0 148.8162722214807,-35.39927075677502,0 148.8163813429427,-35.39925780475356,0 148.8164903588763,-35.39924427495748,0 148.8165992646789,-35.39923016795802,0 148.8167080557528,-35.39921548435073,0 148.8168167275049,-35.39920022475556,0 148.8169252753472,-35.39918438981674,0 148.8170336946969,-35.3991679802028,0 148.8171419809769,-35.39915099660653,0 148.8172501296152,-35.39913343974496,0 148.8173581360461,-35.39911531035933,0 148.8174659957096,-35.39909660921502,0 148.8175737040521,-35.39907733710159,0 148.8176812565261,-35.39905749483265,0 148.8177886485911,-35.39903708324596,0 148.817895875713,-35.39901610320324,0 148.8180029333649,-35.39899455559025,0 148.8181098170268,-35.39897244131671,0 148.8182165221864,-35.39894976131624,0 148.8183230443386,-35.39892651654637,0 148.8184293789863,-35.39890270798847,0 148.81853552164,-35.39887833664771,0 148.8186414678187,-35.398853403553,0 148.8187472130493,-35.398827909757,0 148.8188527528675,-35.39880185633603,0 148.8189580828175,-35.39877524439001,0 148.8190631984524,-35.39874807504248,0 148.8191680953344,-35.39872034944048,0 148.8192727690348,-35.39869206875457,0 148.8193772151344,-35.39866323417872,0 148.8194814292237,-35.39863384693028,0 148.8195854069029,-35.39860390824995,0 148.8196891437821,-35.39857341940171,0 148.8197926354817,-35.39854238167274,0 148.8198958776326,-35.39851079637343,0 148.8199988658757,-35.39847866483726,0 148.8201015958633,-35.39844598842081,0 148.820204063258,-35.3984127685036,0 148.820306263734,-35.39837900648816,0 148.8204081929763,-35.39834470379986,0 148.8205098466817,-35.39830986188694,0 148.8206112205585,-35.39827448222037,0 148.8207123103268,-35.39823856629381,0 148.8208131117188,-35.39820211562363,0 148.8209136204786,-35.3981651317487,0 148.821013832363,-35.39812761623045,0 148.8211137431412,-35.39808957065272,0 148.821213348595,-35.39805099662176,0 148.8213126445192,-35.39801189576612,0 148.8214116267217,-35.39797226973658,0 148.8215102910236,-35.39793212020609,0 148.8216086332593,-35.39789144886974,0 148.8217066492771,-35.39785025744461,0 148.8218043349387,-35.39780854766975,0 148.8219016861201,-35.39776632130608,0 148.8219986987111,-35.39772358013636,0 148.8220953686161,-35.39768032596507,0 148.8221916917538,-35.39763656061834,0 148.8222876640574,-35.39759228594388,0 148.8223832814752,-35.39754750381093,0 148.8224785399703,-35.39750221611012,0 148.8225734355211,-35.39745642475344,0 148.8226679641212,-35.39741013167416,0 148.8227621217796,-35.39736333882669,0 148.8228559045212,-35.3973160481866,0 148.8229493083866,-35.3972682617504,0 148.8230423294324,-35.3972199815356,0 148.8231349637313,-35.39717120958052,0 148.8232272073725,-35.39712194794426,0 148.8233190564615,-35.39707219870657,0 148.8234105071207,-35.39702196396781,0 148.8235015554889,-35.39697124584882,0 148.8235921977224,-35.39692004649087,0 148.8236824299943,-35.39686836805551,0 148.8237722484951,-35.39681621272456,0 148.8238616494328,-35.39676358269994,0 148.823950629033,-35.39671048020362,0 148.8240391835392,-35.39665690747754,0 148.8241273092125,-35.39660286678345,0 148.8242150023325,-35.3965483604029,0 148.8243022591969,-35.39649339063705,0 148.8243890761218,-35.39643795980669,0 148.824475449442,-35.39638207025202,0 148.8245613755107,-35.39632572433263,0 148.8246468507004,-35.39626892442738,0 148.8247318714024,-35.39621167293428,0 148.8248164340272,-35.39615397227042,0 148.8249005350048,-35.39609582487185,0 148.8249841707843,-35.39603723319347,0 148.825067337835,-35.39597819970897,0 148.8251500326455,-35.39591872691066,0 148.8252322517246,-35.39585881730939,0 148.825313991601,-35.39579847343449,0 148.825395248824,-35.39573769783359,0 148.8254760199628,-35.39567649307256,0 148.8255563016074,-35.39561486173539,0 148.8256360903684,-35.39555280642407,0 148.8257153828773,-35.39549032975852,0 148.8257941757863,-35.39542743437639,0 148.8258724657691,-35.39536412293307,0 148.8259502495202,-35.3953003981015,0 148.8260275237558,-35.39523626257203,0 148.8261042852133,-35.3951717190524,0 148.8261805306522,-35.39510677026755,0 148.8262562568532,-35.39504141895954,0 148.8263314606195,-35.39497566788742,0 148.826406138776,-35.39490951982711,0 148.8264802881697,-35.39484297757131,0 148.8265539056704,-35.39477604392934,0 148.82662698817,-35.39470872172706,0 148.8266995325829,-35.39464101380672,0 148.8267715358464,-35.39457292302687,0 148.8268429949208,-35.39450445226222,0 148.8269139067889,-35.39443560440351,0 148.8269842684572,-35.39436638235742,0 148.8270540769548,-35.39429678904641,0 148.8271233293347,-35.39422682740863,0 148.8271920226731,-35.39415650039776,0 148.8272601540699,-35.39408581098292,0 148.8273277206485,-35.39401476214854,0 148.8273947195565,-35.39394335689421,0 148.8274611479652,-35.39387159823455,0 148.8275270030702,-35.39379948919914,0 148.827592282091,-35.39372703283233,0 148.8276569822717,-35.39365423219313,0 148.8277211008808,-35.39358109035509,0 148.8277846352112,-35.39350761040618,0 148.8278475825805,-35.39343379544862,0 148.8279099403313,-35.39335964859878,0 148.8279717058309,-35.39328517298706,0 148.8280328764715,-35.39321037175771,0 148.8280934496707,-35.39313524806876,0 148.8281534228712,-35.39305980509182,0 148.8282127935408,-35.39298404601202,0 148.8282715591732,-35.3929079740278,0 148.8283297172872,-35.39283159235082,0 148.8283872654275,-35.39275490420582,0 148.8284442011645,-35.39267791283047,0 148.8285005220945,-35.39260062147527,0 148.8285562258396,-35.39252303340334,0 148.8286113100481,-35.39244515189038,0 148.8286657723944,-35.39236698022442,0 148.8287196105792,-35.39228852170577,0 148.8287728223296,-35.39220977964687,0 148.8288254053988,-35.39213075737209,0 148.8288773575671,-35.39205145821768,0 148.828928676641,-35.39197188553152,0 148.8289793604539,-35.39189204267308,0 148.829029406866,-35.39181193301322,0 148.8290788137644,-35.39173155993407,0 148.8291275790631,-35.39165092682889,0 148.8291757007035,-35.39157003710191,0 148.8292231766538,-35.39148889416818,0 148.8292700049097,-35.39140750145345,0 148.8293161834942,-35.39132586239402,0 148.8293617104576,-35.3912439804366,0 148.8294065838778,-35.39116185903814,0 148.8294508018604,-35.39107950166569,0 148.8294943625386,-35.39099691179628,0 148.8295372640732,-35.39091409291675,0 148.829579504653,-35.39083104852362,0 148.8296210824947,-35.39074778212289,0 148.8296619958428,-35.39066429723,0 148.8297022429701,-35.39058059736956,0 148.8297418221775,-35.39049668607527,0 148.8297807317939,-35.39041256688975,0 148.8298189701765,-35.39032824336443,0 148.8298565357111,-35.39024371905933,0 148.8298934268117,-35.39015899754294,0 148.8299296419207,-35.39007408239213,0 148.8299651795092,-35.3899889771919,0 148.8300000380769,-35.38990368553527,0 148.8300342161521,-35.38981821102317,0 148.8300677122917,-35.3897325572642,0 148.8301005250817,-35.38964672787457,0 148.8301326531368,-35.38956072647788,0 148.8301640951005,-35.38947455670501,0 148.8301948496454,-35.38938822219393,0 148.830224915473,-35.38930172658959,0 148.830254291314,-35.3892150735437,0 148.8302829759283,-35.38912826671466,0 148.8303109681048,-35.38904130976734,0 148.8303382666617,-35.38895420637296,0 148.8303648704464,-35.38886696020891,0 148.8303907783359,-35.3887795749586,0 148.8304159892363,-35.38869205431135,0 148.8304405020832,-35.38860440196216,0 148.8304643158417,-35.38851662161159,0 148.8304874295065,-35.38842871696563,0 148.8305098421017,-35.38834069173551,0 148.8305315526811,-35.38825254963751,0 148.8305525603281,-35.38816429439293,0 148.8305728641558,-35.38807592972775,0 148.8305924633069,-35.38798745937264,0 148.830611356954,-35.3878988870627,0 148.8306295442996,-35.38781021653732,0 148.8306470245756,-35.3877214515401,0 148.8306637970441,-35.38763259581857,0 148.8306798609971,-35.38754365312408,0 148.8306952157562,-35.38745462721171,0 148.8307098606733,-35.38736552184,0 148.8307237951301,-35.3872763407709,0 148.8307370185382,-35.38718708776948,0 148.8307495303394,-35.38709776660392,0 148.8307613300054,-35.38700838104522,0 148.8307724170381,-35.38691893486715,0 148.8307827909695,-35.38682943184601,0 148.8307924513614,-35.38673987576051,0 148.8308013978062,-35.38665027039157,0 148.830809629926,-35.38656061952224,0 148.8308171473733,-35.38647092693746,0 148.8308239498308,-35.38638119642393,0 148.8308300370112,-35.38629143176997,0 148.8308354086576,-35.38620163676533,0 148.8308400645432,-35.38611181520103,0 148.8308440044714,-35.38602197086923,0 148.8308472282758,-35.38593210756305,0 148.8308497358204,-35.38584222907641,0 148.8308515269993,-35.38575233920385,0 148.830852601737,-35.38566244174041,0 
						</coordinates>
					</LinearRing>
				</outerBoundaryIs>
			</Polygon>
		</Placemark>
		<Placemark id="430">
			<name>Honeysuckle Creek NFZ_0</name>
			<styleUrl>#433</styleUrl>
			<Polygon id="429">
				<outerBoundaryIs>
					<LinearRing id="431">
						<coordinates>
							149.0161818166769,-35.58244678122972,0 149.0163105103273,-35.58135397963636,0 149.0165558186225,-35.58027445822164,0 149.0169158701117,-35.57921643209364,0 149.0173879204479,-35.57818795246081,0 149.017968373399,-35.57719684538813,0 149.0186528083283,-35.57625065227514,0 149.0194360139303,-35.5753565725076,0 149.0203120279631,-35.57452140871796,0 149.021274182672,-35.57375151506955,0 149.0223151555589,-35.57305274895639,0 149.0234270251073,-35.57243042648447,0 149.0246013310429,-35.5718892820715,0 149.0258291386686,-35.57143343247067,0 149.0271011067876,-35.57106634549085,0 149.0284075586994,-35.5707908136494,0 149.0297385557321,-35.57060893295701,0 149.0310839727529,-35.57052208699461,0 149.0324335750889,-35.57053093640313,0 149.0337770962739,-35.57063541386484,0 149.0351043160362,-35.57083472461476,0 149.0364051379376,-35.57112735247808,0 149.0376696660758,-35.57151107138788,0 149.0388882802735,-35.57198296229618,0 149.040051709182,-35.5725394353508,0 149.0411511007508,-35.57317625716991,0 149.0421780895238,-35.5738885830087,0 149.0431248602595,-35.57467099357451,0 149.0439842073851,-35.57551753621205,0 149.0447495898384,-35.57642177014712,0 149.0454151808761,-35.57737681544634,0 149.045975912471,-35.57837540532187,0 149.0464275139589,-35.57940994138488,0 149.0467665446355,-35.5804725514289,0 149.0469904200569,-35.58155514930426,0 149.0470974318362,-35.58264949642979,0 149.0470867607841,-35.5837472644736,0 149.0469584832881,-35.5848400987274,0 149.0467135708779,-35.58591968169173,0 149.0463538829753,-35.58697779638836,0 149.04588215288,-35.5880063889177,0 149.0453019670939,-35.58899762978447,0 149.0446177381359,-35.58994397352389,0 149.0438346710532,-35.59083821617348,0 149.0429587238788,-35.5916735501517,0 149.041996562336,-35.59244361612413,0 149.0409555091306,-35.59314255146075,0 149.0398434882194,-35.59376503491382,0 149.0386689644758,-35.59430632717431,0 149.0374408792149,-35.59476230699673,0 149.0361685820695,-35.59512950261552,0 149.0348617597369,-35.59540511821237,0 149.0335303621447,-35.59558705523173,0 149.032184526596,-35.59567392838115,0 149.0308345004807,-35.59566507619371,0 149.0294905631413,-35.59556056607156,0 149.0281629474939,-35.59536119377203,0 149.026861762006,-35.59506847734007,0 149.0255969136266,-35.59468464553376,0 149.024378032264,-35.59421262083133,0 149.0232143973841,-35.59365599715028,0 149.0221148672962,-35.59301901244913,0 149.0210878116648,-35.59230651642174,0 149.0201410477631,-35.59152393353192,0 149.019281780956,-35.59067722167092,0 149.0185165498656,-35.58977282675471,0 149.017851176636,-35.58881763360799,0 149.0172907226762,-35.58781891351087,0 149.0168394502149,-35.58678426880889,0 149.0165007899588,-35.58572157500952,0 149.016277315097,-35.58463892080719,0 149.0161707218455,-35.58354454649462,0 149.0161818166769,-35.58244678122972,0 
						</coordinates>
					</LinearRing>
				</outerBoundaryIs>
			</Polygon>
		</Placemark>
		<Placemark id="437">
			<name>Honeysuckle Creek NFZ</name>
			<styleUrl>#440</styleUrl>
			<Polygon id="436">
				<extrude>1</extrude>
				<altitudeMode>absolute</altitudeMode>
				<outerBoundaryIs>
					<LinearRing id="438">
						<coordinates>
							149.0161818166769,-35.58244678122972,1798.32 149.0163105103273,-35.58135397963636,1798.32 149.0165558186225,-35.58027445822164,1798.32 149.0169158701117,-35.57921643209364,1798.32 149.0173879204479,-35.57818795246081,1798.32 149.017968373399,-35.57719684538813,1798.32 149.0186528083283,-35.57625065227514,1798.32 149.0194360139303,-35.5753565725076,1798.32 149.0203120279631,-35.57452140871796,1798.32 149.021274182672,-35.57375151506955,1798.32 149.0223151555589,-35.57305274895639,1798.32 149.0234270251073,-35.57243042648447,1798.32 149.0246013310429,-35.5718892820715,1798.32 149.0258291386686,-35.57143343247067,1798.32 149.0271011067876,-35.57106634549085,1798.32 149.0284075586994,-35.5707908136494,1798.32 149.0297385557321,-35.57060893295701,1798.32 149.0310839727529,-35.57052208699461,1798.32 149.0324335750889,-35.57053093640313,1798.32 149.0337770962739,-35.57063541386484,1798.32 149.0351043160362,-35.57083472461476,1798.32 149.0364051379376,-35.57112735247808,1798.32 149.0376696660758,-35.57151107138788,1798.32 149.0388882802735,-35.57198296229618,1798.32 149.040051709182,-35.5725394353508,1798.32 149.0411511007508,-35.57317625716991,1798.32 149.0421780895238,-35.5738885830087,1798.32 149.0431248602595,-35.57467099357451,1798.32 149.0439842073851,-35.57551753621205,1798.32 149.0447495898384,-35.57642177014712,1798.32 149.0454151808761,-35.57737681544634,1798.32 149.045975912471,-35.57837540532187,1798.32 149.0464275139589,-35.57940994138488,1798.32 149.0467665446355,-35.5804725514289,1798.32 149.0469904200569,-35.58155514930426,1798.32 149.0470974318362,-35.58264949642979,1798.32 149.0470867607841,-35.5837472644736,1798.32 149.0469584832881,-35.5848400987274,1798.32 149.0467135708779,-35.58591968169173,1798.32 149.0463538829753,-35.58697779638836,1798.32 149.04588215288,-35.5880063889177,1798.32 149.0453019670939,-35.58899762978447,1798.32 149.0446177381359,-35.58994397352389,1798.32 149.0438346710532,-35.59083821617348,1798.32 149.0429587238788,-35.5916735501517,1798.32 149.041996562336,-35.59244361612413,1798.32 149.0409555091306,-35.59314255146075,1798.32 149.0398434882194,-35.59376503491382,1798.32 149.0386689644758,-35.59430632717431,1798.32 149.0374408792149,-35.59476230699673,1798.32 149.0361685820695,-35.59512950261552,1798.32 149.0348617597369,-35.59540511821237,1798.32 149.0335303621447,-35.59558705523173,1798.32 149.032184526596,-35.59567392838115,1798.32 149.0308345004807,-35.59566507619371,1798.32 149.0294905631413,-35.59556056607156,1798.32 149.0281629474939,-35.59536119377203,1798.32 149.026861762006,-35.59506847734007,1798.32 149.0255969136266,-35.59468464553376,1798.32 149.024378032264,-35.59421262083133,1798.32 149.0232143973841,-35.59365599715028,1798.32 149.0221148672962,-35.59301901244913,1798.32 149.0210878116648,-35.59230651642174,1798.32 149.0201410477631,-35.59152393353192,1798.32 149.019281780956,-35.59067722167092,1798.32 149.0185165498656,-35.58977282675471,1798.32 149.017851176636,-35.58881763360799,1798.32 149.0172907226762,-35.58781891351087,1798.32 149.0168394502149,-35.58678426880889,1798.32 149.0165007899588,-35.58572157500952,1798.32 149.016277315097,-35.58463892080719,1798.32 149.0161707218455,-35.58354454649462,1798.32 149.0161818166769,-35.58244678122972,1798.32 
						</coordinates>
					</LinearRing>
				</outerBoundaryIs>
			</Polygon>
		</Placemark>
		<Placemark id="444">
			<name>Honeysuckle Creek NFZ_nfz_0</name>
			<styleUrl>#447</styleUrl>
			<Polygon id="443">
				<outerBoundaryIs>
					<LinearRing id="445">
						<coordinates>
							149.0329115247839,-35.58308860041961,0 149.0329074584807,-35.58299916550198,0 149.0328952817797,-35.58291021904687,0 149.0328750611858,-35.58282224684896,0 149.0328469071369,-35.58273572938189,0 149.0328109734008,-35.58265113917405,0 149.0327674562349,-35.58256893822784,0 149.0327165933149,-35.58248957549632,0 149.0326586624365,-35.58241348443121,0 149.0325939799982,-35.58234108061551,0 149.0325228992727,-35.58227275949376,0 149.0324458084786,-35.58220889421224,0 149.0323631286589,-35.58214983358097,0 149.0322753113822,-35.58209590016863,0 149.0321828362759,-35.58204738854083,0 149.0320862084071,-35.58200456365124,0 149.0319859555237,-35.58196765939456,0 149.031882625172,-35.58193687732906,0 149.0317767817068,-35.5819123855757,0 149.0316690032082,-35.58189431789993,0 149.0315598783251,-35.58188277298115,0 149.0314500030597,-35.58187781387367,0 149.0313399775127,-35.58187946766245,0 149.0312304026054,-35.58188772531506,0 149.0311218767979,-35.58190254173106,0 149.0310149928207,-35.58192383598833,0 149.0309103344368,-35.58195149178501,0 149.0308084732542,-35.58198535807473,0 149.0307099656033,-35.58202524989157,0 149.0306153494986,-35.58207094936026,0 149.0305251417007,-35.58212220688614,0 149.030439834893,-35.58217874251839,0 149.030359894992,-35.58224024747897,0 149.0302857586015,-35.58230638584913,0 149.0302178306289,-35.58237679640402,0 149.0301564820731,-35.58245109458562,0 149.0301020479987,-35.58252887460301,0 149.0300548257058,-35.58260971164872,0 149.0300150731062,-35.58269316421882,0 149.0299830073146,-35.58277877652434,0 149.0299588034635,-35.58286608098052,0 149.0299425937458,-35.58295460076072,0 149.0299344666934,-35.58304385240059,0 149.0299344666934,-35.58313334843862,0 149.0299425937458,-35.58322260007849,0 149.0299588034635,-35.58331111985869,0 149.0299830073146,-35.58339842431488,0 149.0300150731062,-35.58348403662039,0 149.0300548257058,-35.58356748919049,0 149.0301020479987,-35.5836483262362,0 149.0301564820731,-35.58372610625359,0 149.0302178306289,-35.58380040443519,0 149.0302857586015,-35.58387081499009,0 149.030359894992,-35.58393695336024,0 149.030439834893,-35.58399845832083,0 149.0305251417007,-35.58405499395307,0 149.0306153494986,-35.58410625147896,0 149.0307099656033,-35.58415195094764,0 149.0308084732542,-35.58419184276448,0 149.0309103344368,-35.5842257090542,0 149.0310149928207,-35.58425336485089,0 149.0311218767979,-35.58427465910815,0 149.0312304026054,-35.58428947552415,0 149.0313399775127,-35.58429773317676,0 149.0314500030597,-35.58429938696554,0 149.0315598783251,-35.58429442785807,0 149.0316690032082,-35.58428288293928,0 149.0317767817068,-35.58426481526352,0 149.031882625172,-35.58424032351015,0 149.0319859555237,-35.58420954144465,0 149.0320862084071,-35.58417263718798,0 149.0321828362759,-35.58412981229839,0 149.0322753113822,-35.58408130067058,0 149.0323631286589,-35.58402736725824,0 149.0324458084786,-35.58396830662697,0 149.0325228992727,-35.58390444134545,0 149.0325939799982,-35.5838361202237,0 149.0326586624365,-35.58376371640801,0 149.0327165933149,-35.5836876253429,0 149.0327674562349,-35.58360826261138,0 149.0328109734008,-35.58352606166517,0 149.0328469071369,-35.58344147145733,0 149.0328750611858,-35.58335495399026,0 149.0328952817797,-35.58326698179234,0 149.0329074584807,-35.58317803533723,0 
						</coordinates>
					</LinearRing>
				</outerBoundaryIs>
			</Polygon>
		</Placemark>
		<Placemark id="451">
			<name>Honeysuckle Creek NFZ_grb_0</name>
			<styleUrl>#454</styleUrl>
			<Polygon id="450">
				<outerBoundaryIs>
					<LinearRing id="452">
						<coordinates>
							149.0421492949376,-35.58308860041961,0 149.0421487259056,-35.5829987440313,0 149.0421470188698,-35.58290889717634,0 149.0421441740114,-35.58281906938705,0 149.0421401916323,-35.58272927019375,0 149.0421350721548,-35.58263950912369,0 149.0421288161223,-35.58254979570013,0 149.0421214241983,-35.58246013944122,0 149.0421128971673,-35.58237054985908,0 149.0421032359337,-35.58228103645875,0 149.0420924415228,-35.58219160873717,0 149.0420805150796,-35.58210227618221,0 149.0420674578695,-35.58201304827163,0 149.0420532712779,-35.58192393447211,0 149.0420379568098,-35.58183494423819,0 149.0420215160902,-35.58174608701133,0 149.0420039508631,-35.58165737221885,0 149.0419852629923,-35.58156880927299,0 149.0419654544604,-35.58148040756986,0 149.0419445273691,-35.58139217648846,0 149.0419224839385,-35.5813041253897,0 149.0418993265074,-35.5812162636154,0 149.0418750575328,-35.58112860048726,0 149.0418496795893,-35.58104114530595,0 149.0418231953695,-35.58095390735003,0 149.0417956076833,-35.58086689587506,0 149.0417669194576,-35.58078012011255,0 149.041737133736,-35.580693589269,0 149.0417062536787,-35.58060731252492,0 149.0416742825619,-35.58052129903387,0 149.0416412237776,-35.58043555792149,0 149.0416070808332,-35.58035009828449,0 149.041571857351,-35.58026492918976,0 149.0415355570682,-35.58018005967333,0 149.0414981838361,-35.58009549873946,0 149.0414597416197,-35.58001125535967,0 149.0414202344975,-35.57992733847179,0 149.0413796666612,-35.57984375697901,0 149.0413380424147,-35.57976051974893,0 149.0412953661743,-35.57967763561263,0 149.0412516424676,-35.57959511336374,0 149.0412068759335,-35.57951296175748,0 149.0411610713217,-35.57943118950974,0 149.0411142334916,-35.57934980529619,0 149.0410663674126,-35.5792688177513,0 149.041017478163,-35.57918823546746,0 149.0409675709298,-35.57910806699411,0 149.0409166510079,-35.57902832083671,0 149.0408647237997,-35.57894900545599,0 149.0408117948143,-35.5788701292669,0 149.0407578696674,-35.57879170063787,0 149.0407029540801,-35.5787137278898,0 149.0406470538787,-35.57863621929523,0 149.040590174994,-35.57855918307745,0 149.0405323234605,-35.57848262740966,0 149.040473505416,-35.57840656041405,0 149.0404137271008,-35.57833099016097,0 149.0403529948572,-35.57825592466808,0 149.0402913151285,-35.57818137189946,0 149.0402286944587,-35.57810733976483,0 149.0401651394915,-35.57803383611863,0 149.0401006569699,-35.57796086875928,0 149.040035253735,-35.57788844542825,0 149.0399689367259,-35.57781657380933,0 149.0399017129786,-35.57774526152777,0 149.0398335896251,-35.57767451614945,0 149.0397645738929,-35.57760434518013,0 149.0396946731045,-35.57753475606464,0 149.0396238946758,-35.57746575618602,0 149.0395522461162,-35.57739735286488,0 149.0394797350272,-35.57732955335846,0 149.039406369102,-35.57726236485998,0 149.0393321561242,-35.57719579449783,0 149.0392571039676,-35.57712984933481,0 149.0391812205949,-35.57706453636739,0 149.0391045140568,-35.57699986252498,0 149.0390269924917,-35.57693583466916,0 149.0389486641241,-35.57687245959298,0 149.0388695372644,-35.57680974402027,0 149.0387896203076,-35.57674769460483,0 149.0387089217324,-35.57668631792982,0 149.0386274501006,-35.57662562050702,0 149.038545214056,-35.57656560877614,0 149.0384622223234,-35.57650628910415,0 149.0383784837078,-35.57644766778458,0 149.0382940070936,-35.57638975103688,0 149.0382088014433,-35.57633254500576,0 149.0381228757969,-35.5762760557605,0 149.0380362392706,-35.57622028929434,0 149.0379489010561,-35.57616525152385,0 149.0378608704196,-35.57611094828827,0 149.0377721567009,-35.57605738534893,0 149.0376827693119,-35.5760045683886,0 149.0375927177364,-35.57595250301092,0 149.0375020115282,-35.57590119473977,0 149.037410660311,-35.57585064901874,0 149.0373186737766,-35.57580087121047,0 149.0372260616845,-35.57575186659616,0 149.0371328338602,-35.57570364037498,0 149.0370390001949,-35.57565619766349,0 149.0369445706439,-35.57560954349515,0 149.0368495552257,-35.57556368281975,0 149.036753964021,-35.57551862050289,0 149.0366578071715,-35.57547436132548,0 149.0365610948791,-35.57543090998319,0 149.0364638374045,-35.57538827108603,0 149.0363660450662,-35.57534644915776,0 149.0362677282396,-35.57530544863551,0 149.0361688973556,-35.57526527386924,0 149.0360695628997,-35.57522592912131,0 149.0359697354108,-35.575187418566,0 149.0358694254801,-35.57514974628911,0 149.0357686437502,-35.57511291628749,0 149.0356674009134,-35.57507693246863,0 149.0355657077111,-35.57504179865024,0 149.0354635749325,-35.57500751855986,0 149.0353610134134,-35.57497409583445,0 149.0352580340351,-35.57494153402,0 149.0351546477233,-35.57490983657116,0 149.0350508654467,-35.57487900685089,0 149.0349466982162,-35.57484904813008,0 149.0348421570834,-35.5748199635872,0 149.0347372531396,-35.574791756308,0 149.0346319975147,-35.57476442928513,0 149.0345264013758,-35.57473798541786,0 149.0344204759261,-35.57471242751175,0 149.0343142324038,-35.57468775827839,0 149.0342076820809,-35.57466398033507,0 149.0341008362619,-35.57464109620452,0 149.0339937062826,-35.57461910831462,0 149.033886303509,-35.57459801899819,0 149.033778639336,-35.57457783049273,0 149.0336707251863,-35.57455854494012,0 149.033562572509,-35.57454016438647,0 149.0334541927788,-35.57452269078188,0 149.0333455974941,-35.57450612598021,0 149.0332367981764,-35.57449047173893,0 149.0331278063688,-35.57447572971884,0 149.0330186336349,-35.57446190148404,0 149.0329092915573,-35.57444898850162,0 149.0327997917367,-35.57443699214159,0 149.0326901457906,-35.57442591367669,0 149.0325803653518,-35.57441575428233,0 149.0324704620676,-35.57440651503636,0 149.0323604475981,-35.57439819691901,0 149.0322503336155,-35.57439080081281,0 149.0321401318022,-35.57438432750243,0 149.0320298538502,-35.57437877767467,0 149.0319195114595,-35.57437415191835,0 149.0318091163368,-35.57437045072422,0 149.0316986801946,-35.57436767448498,0 149.0315882147496,-35.57436582349517,0 149.0314777317217,-35.57436489795116,0 149.0313672428326,-35.57436489795116,0 149.0312567598047,-35.57436582349517,0 149.0311462943597,-35.57436767448498,0 149.0310358582175,-35.57437045072422,0 149.0309254630948,-35.57437415191835,0 149.030815120704,-35.57437877767467,0 149.0307048427521,-35.57438432750243,0 149.0305946409388,-35.57439080081281,0 149.0304845269561,-35.57439819691901,0 149.0303745124867,-35.57440651503636,0 149.0302646092025,-35.57441575428233,0 149.0301548287637,-35.57442591367669,0 149.0300451828175,-35.57443699214159,0 149.0299356829969,-35.57444898850162,0 149.0298263409194,-35.57446190148404,0 149.0297171681854,-35.57447572971884,0 149.0296081763778,-35.57449047173893,0 149.0294993770601,-35.57450612598021,0 149.0293907817754,-35.57452269078188,0 149.0292824020452,-35.57454016438647,0 149.029174249368,-35.57455854494012,0 149.0290663352183,-35.57457783049273,0 149.0289586710453,-35.57459801899819,0 149.0288512682717,-35.57461910831462,0 149.0287441382924,-35.57464109620452,0 149.0286372924733,-35.57466398033507,0 149.0285307421505,-35.57468775827839,0 149.0284244986282,-35.57471242751175,0 149.0283185731785,-35.57473798541786,0 149.0282129770396,-35.57476442928513,0 149.0281077214146,-35.574791756308,0 149.0280028174709,-35.5748199635872,0 149.027898276338,-35.57484904813008,0 149.0277941091075,-35.57487900685089,0 149.0276903268309,-35.57490983657116,0 149.0275869405191,-35.57494153402,0 149.0274839611408,-35.57497409583445,0 149.0273813996218,-35.57500751855986,0 149.0272792668432,-35.57504179865024,0 149.0271775736409,-35.57507693246863,0 149.0270763308041,-35.57511291628749,0 149.0269755490741,-35.57514974628911,0 149.0268752391435,-35.575187418566,0 149.0267754116546,-35.57522592912131,0 149.0266760771987,-35.57526527386924,0 149.0265772463147,-35.57530544863551,0 149.0264789294881,-35.57534644915776,0 149.0263811371498,-35.57538827108603,0 149.0262838796751,-35.57543090998319,0 149.0261871673827,-35.57547436132548,0 149.0260910105333,-35.57551862050289,0 149.0259954193286,-35.57556368281975,0 149.0259004039103,-35.57560954349515,0 149.0258059743593,-35.57565619766349,0 149.025712140694,-35.57570364037498,0 149.0256189128698,-35.57575186659616,0 149.0255263007776,-35.57580087121047,0 149.0254343142433,-35.57585064901874,0 149.025342963026,-35.57590119473977,0 149.0252522568179,-35.57595250301092,0 149.0251622052423,-35.5760045683886,0 149.0250728178534,-35.57605738534893,0 149.0249841041346,-35.57611094828827,0 149.0248960734982,-35.57616525152385,0 149.0248087352837,-35.57622028929434,0 149.0247220987574,-35.5762760557605,0 149.0246361731109,-35.57633254500576,0 149.0245509674606,-35.57638975103688,0 149.0244664908464,-35.57644766778458,0 149.0243827522309,-35.57650628910415,0 149.0242997604983,-35.57656560877614,0 149.0242175244537,-35.57662562050702,0 149.0241360528219,-35.57668631792982,0 149.0240553542467,-35.57674769460483,0 149.0239754372898,-35.57680974402027,0 149.0238963104302,-35.57687245959298,0 149.0238179820626,-35.57693583466916,0 149.0237404604974,-35.57699986252498,0 149.0236637539594,-35.57706453636739,0 149.0235878705866,-35.57712984933481,0 149.02351281843,-35.57719579449783,0 149.0234386054523,-35.57726236485998,0 149.023365239527,-35.57732955335846,0 149.023292728438,-35.57739735286488,0 149.0232210798785,-35.57746575618602,0 149.0231503014498,-35.57753475606464,0 149.0230804006613,-35.57760434518013,0 149.0230113849292,-35.57767451614945,0 149.0229432615757,-35.57774526152777,0 149.0228760378283,-35.57781657380933,0 149.0228097208193,-35.57788844542825,0 149.0227443175844,-35.57796086875928,0 149.0226798350627,-35.57803383611863,0 149.0226162800955,-35.57810733976483,0 149.0225536594257,-35.57818137189946,0 149.0224919796971,-35.57825592466808,0 149.0224312474535,-35.57833099016097,0 149.0223714691383,-35.57840656041405,0 149.0223126510938,-35.57848262740966,0 149.0222547995603,-35.57855918307745,0 149.0221979206756,-35.57863621929523,0 149.0221420204741,-35.5787137278898,0 149.0220871048868,-35.57879170063787,0 149.0220331797399,-35.5788701292669,0 149.0219802507546,-35.57894900545599,0 149.0219283235463,-35.57902832083671,0 149.0218774036245,-35.57910806699411,0 149.0218274963913,-35.57918823546746,0 149.0217786071417,-35.5792688177513,0 149.0217307410627,-35.57934980529619,0 149.0216839032326,-35.57943118950974,0 149.0216380986207,-35.57951296175748,0 149.0215933320866,-35.57959511336374,0 149.02154960838,-35.57967763561263,0 149.0215069321395,-35.57976051974893,0 149.021465307893,-35.57984375697901,0 149.0214247400567,-35.57992733847179,0 149.0213852329346,-35.58001125535967,0 149.0213467907182,-35.58009549873946,0 149.021309417486,-35.58018005967333,0 149.0212731172032,-35.58026492918976,0 149.0212378937211,-35.58035009828449,0 149.0212037507767,-35.58043555792149,0 149.0211706919924,-35.58052129903387,0 149.0211387208756,-35.58060731252492,0 149.0211078408183,-35.580693589269,0 149.0210780550967,-35.58078012011255,0 149.0210493668709,-35.58086689587506,0 149.0210217791847,-35.58095390735003,0 149.020995294965,-35.58104114530595,0 149.0209699170215,-35.58112860048726,0 149.0209456480468,-35.5812162636154,0 149.0209224906157,-35.5813041253897,0 149.0209004471852,-35.58139217648846,0 149.0208795200938,-35.58148040756986,0 149.0208597115619,-35.58156880927299,0 149.0208410236912,-35.58165737221885,0 149.0208234584641,-35.58174608701133,0 149.0208070177444,-35.58183494423819,0 149.0207917032764,-35.58192393447211,0 149.0207775166847,-35.58201304827163,0 149.0207644594747,-35.58210227618221,0 149.0207525330315,-35.58219160873717,0 149.0207417386205,-35.58228103645875,0 149.020732077387,-35.58237054985908,0 149.0207235503559,-35.58246013944122,0 149.020716158432,-35.58254979570013,0 149.0207099023994,-35.58263950912369,0 149.020704782922,-35.58272927019375,0 149.0207008005428,-35.58281906938705,0 149.0206979556845,-35.58290889717634,0 149.0206962486487,-35.5829987440313,0 149.0206956796166,-35.58308860041961,0 149.0206962486487,-35.58317845680791,0 149.0206979556845,-35.58326830366288,0 149.0207008005428,-35.58335813145217,0 149.020704782922,-35.58344793064547,0 149.0207099023994,-35.58353769171552,0 149.020716158432,-35.58362740513908,0 149.0207235503559,-35.583717061398,0 149.020732077387,-35.58380665098014,0 149.0207417386205,-35.58389616438047,0 149.0207525330315,-35.58398559210205,0 149.0207644594747,-35.58407492465701,0 149.0207775166847,-35.58416415256758,0 149.0207917032764,-35.58425326636711,0 149.0208070177444,-35.58434225660103,0 149.0208234584641,-35.58443111382789,0 149.0208410236912,-35.58451982862037,0 149.0208597115619,-35.58460839156623,0 149.0208795200938,-35.58469679326936,0 149.0209004471852,-35.58478502435076,0 149.0209224906157,-35.58487307544952,0 149.0209456480468,-35.58496093722382,0 149.0209699170215,-35.58504860035195,0 149.020995294965,-35.58513605553327,0 149.0210217791847,-35.58522329348919,0 149.0210493668709,-35.58531030496415,0 149.0210780550967,-35.58539708072666,0 149.0211078408183,-35.58548361157022,0 149.0211387208756,-35.5855698883143,0 149.0211706919924,-35.58565590180535,0 149.0212037507767,-35.58574164291772,0 149.0212378937211,-35.58582710255472,0 149.0212731172032,-35.58591227164946,0 149.021309417486,-35.58599714116588,0 149.0213467907182,-35.58608170209975,0 149.0213852329346,-35.58616594547954,0 149.0214247400567,-35.58624986236742,0 149.021465307893,-35.58633344386021,0 149.0215069321395,-35.58641668109028,0 149.02154960838,-35.58649956522658,0 149.0215933320866,-35.58658208747547,0 149.0216380986207,-35.58666423908173,0 149.0216839032326,-35.58674601132947,0 149.0217307410627,-35.58682739554303,0 149.0217786071417,-35.58690838308792,0 149.0218274963913,-35.58698896537175,0 149.0218774036245,-35.58706913384511,0 149.0219283235463,-35.5871488800025,0 149.0219802507546,-35.58722819538323,0 149.0220331797399,-35.58730707157231,0 149.0220871048868,-35.58738550020134,0 149.0221420204741,-35.58746347294942,0 149.0221979206756,-35.58754098154399,0 149.0222547995603,-35.58761801776176,0 149.0223126510938,-35.58769457342955,0 149.0223714691383,-35.58777064042517,0 149.0224312474535,-35.58784621067824,0 149.0224919796971,-35.58792127617114,0 149.0225536594257,-35.58799582893975,0 149.0226162800955,-35.58806986107439,0 149.0226798350627,-35.58814336472059,0 149.0227443175844,-35.58821633207994,0 149.0228097208193,-35.58828875541096,0 149.0228760378283,-35.58836062702989,0 149.0229432615757,-35.58843193931145,0 149.0230113849292,-35.58850268468976,0 149.0230804006613,-35.58857285565908,0 149.0231503014498,-35.58864244477458,0 149.0232210798785,-35.58871144465319,0 149.023292728438,-35.58877984797434,0 149.023365239527,-35.58884764748075,0 149.0234386054523,-35.58891483597923,0 149.02351281843,-35.58898140634138,0 149.0235878705866,-35.58904735150441,0 149.0236637539594,-35.58911266447182,0 149.0237404604974,-35.58917733831424,0 149.0238179820626,-35.58924136617006,0 149.0238963104302,-35.58930474124623,0 149.0239754372898,-35.58936745681894,0 149.0240553542467,-35.58942950623439,0 149.0241360528219,-35.58949088290939,0 149.0242175244537,-35.58955158033219,0 149.0242997604983,-35.58961159206307,0 149.0243827522309,-35.58967091173507,0 149.0244664908464,-35.58972953305463,0 149.0245509674606,-35.58978744980233,0 149.0246361731109,-35.58984465583345,0 149.0247220987574,-35.58990114507871,0 149.0248087352837,-35.58995691154487,0 149.0248960734982,-35.59001194931537,0 149.0249841041346,-35.59006625255095,0 149.0250728178534,-35.59011981549028,0 149.0251622052423,-35.59017263245061,0 149.0252522568179,-35.5902246978283,0 149.025342963026,-35.59027600609944,0 149.0254343142433,-35.59032655182047,0 149.0255263007776,-35.59037632962875,0 149.0256189128698,-35.59042533424306,0 149.025712140694,-35.59047356046424,0 149.0258059743593,-35.59052100317572,0 149.0259004039103,-35.59056765734407,0 149.0259954193286,-35.59061351801947,0 149.0260910105333,-35.59065858033632,0 149.0261871673827,-35.59070283951374,0 149.0262838796751,-35.59074629085602,0 149.0263811371498,-35.59078892975319,0 149.0264789294881,-35.59083075168145,0 149.0265772463147,-35.5908717522037,0 149.0266760771987,-35.59091192696997,0 149.0267754116546,-35.59095127171791,0 149.0268752391435,-35.59098978227322,0 149.0269755490741,-35.59102745455011,0 149.0270763308041,-35.59106428455172,0 149.0271775736409,-35.59110026837059,0 149.0272792668432,-35.59113540218897,0 149.0273813996218,-35.59116968227935,0 149.0274839611408,-35.59120310500477,0 149.0275869405191,-35.59123566681922,0 149.0276903268309,-35.59126736426806,0 149.0277941091075,-35.59129819398832,0 149.027898276338,-35.59132815270913,0 149.0280028174709,-35.59135723725201,0 149.0281077214146,-35.59138544453121,0 149.0282129770396,-35.59141277155408,0 149.0283185731785,-35.59143921542136,0 149.0284244986282,-35.59146477332747,0 149.0285307421505,-35.59148944256082,0 149.0286372924733,-35.59151322050415,0 149.0287441382924,-35.5915361046347,0 149.0288512682717,-35.59155809252459,0 149.0289586710453,-35.59157918184102,0 149.0290663352183,-35.59159937034649,0 149.029174249368,-35.5916186558991,0 149.0292824020452,-35.59163703645275,0 149.0293907817754,-35.59165451005734,0 149.0294993770601,-35.591671074859,0 149.0296081763778,-35.59168672910029,0 149.0297171681854,-35.59170147112037,0 149.0298263409194,-35.59171529935518,0 149.0299356829969,-35.5917282123376,0 149.0300451828175,-35.59174020869763,0 149.0301548287637,-35.59175128716252,0 149.0302646092025,-35.59176144655688,0 149.0303745124867,-35.59177068580286,0 149.0304845269561,-35.5917790039202,0 149.0305946409388,-35.59178640002641,0 149.0307048427521,-35.59179287333679,0 149.030815120704,-35.59179842316454,0 149.0309254630948,-35.59180304892087,0 149.0310358582175,-35.59180675011499,0 149.0311462943597,-35.59180952635423,0 149.0312567598047,-35.59181137734404,0 149.0313672428326,-35.59181230288805,0 149.0314777317217,-35.59181230288805,0 149.0315882147496,-35.59181137734404,0 149.0316986801946,-35.59180952635423,0 149.0318091163368,-35.59180675011499,0 149.0319195114595,-35.59180304892087,0 149.0320298538502,-35.59179842316454,0 149.0321401318022,-35.59179287333679,0 149.0322503336155,-35.59178640002641,0 149.0323604475981,-35.5917790039202,0 149.0324704620676,-35.59177068580286,0 149.0325803653518,-35.59176144655688,0 149.0326901457906,-35.59175128716252,0 149.0327997917367,-35.59174020869763,0 149.0329092915573,-35.5917282123376,0 149.0330186336349,-35.59171529935518,0 149.0331278063688,-35.59170147112037,0 149.0332367981764,-35.59168672910029,0 149.0333455974941,-35.591671074859,0 149.0334541927788,-35.59165451005734,0 149.033562572509,-35.59163703645275,0 149.0336707251863,-35.5916186558991,0 149.033778639336,-35.59159937034649,0 149.033886303509,-35.59157918184102,0 149.0339937062826,-35.59155809252459,0 149.0341008362619,-35.5915361046347,0 149.0342076820809,-35.59151322050415,0 149.0343142324038,-35.59148944256082,0 149.0344204759261,-35.59146477332747,0 149.0345264013758,-35.59143921542136,0 149.0346319975147,-35.59141277155408,0 149.0347372531396,-35.59138544453121,0 149.0348421570834,-35.59135723725201,0 149.0349466982162,-35.59132815270913,0 149.0350508654467,-35.59129819398832,0 149.0351546477233,-35.59126736426806,0 149.0352580340351,-35.59123566681922,0 149.0353610134134,-35.59120310500477,0 149.0354635749325,-35.59116968227935,0 149.0355657077111,-35.59113540218897,0 149.0356674009134,-35.59110026837059,0 149.0357686437502,-35.59106428455172,0 149.0358694254801,-35.59102745455011,0 149.0359697354108,-35.59098978227322,0 149.0360695628997,-35.59095127171791,0 149.0361688973556,-35.59091192696997,0 149.0362677282396,-35.5908717522037,0 149.0363660450662,-35.59083075168145,0 149.0364638374045,-35.59078892975319,0 149.0365610948791,-35.59074629085602,0 149.0366578071715,-35.59070283951374,0 149.036753964021,-35.59065858033632,0 149.0368495552257,-35.59061351801947,0 149.0369445706439,-35.59056765734407,0 149.0370390001949,-35.59052100317572,0 149.0371328338602,-35.59047356046424,0 149.0372260616845,-35.59042533424306,0 149.0373186737766,-35.59037632962875,0 149.037410660311,-35.59032655182047,0 149.0375020115282,-35.59027600609944,0 149.0375927177364,-35.5902246978283,0 149.0376827693119,-35.59017263245061,0 149.0377721567009,-35.59011981549028,0 149.0378608704196,-35.59006625255095,0 149.0379489010561,-35.59001194931537,0 149.0380362392706,-35.58995691154487,0 149.0381228757969,-35.58990114507871,0 149.0382088014433,-35.58984465583345,0 149.0382940070936,-35.58978744980233,0 149.0383784837078,-35.58972953305463,0 149.0384622223234,-35.58967091173507,0 149.038545214056,-35.58961159206307,0 149.0386274501006,-35.58955158033219,0 149.0387089217324,-35.58949088290939,0 149.0387896203076,-35.58942950623439,0 149.0388695372644,-35.58936745681894,0 149.0389486641241,-35.58930474124623,0 149.0390269924917,-35.58924136617006,0 149.0391045140568,-35.58917733831424,0 149.0391812205949,-35.58911266447182,0 149.0392571039676,-35.58904735150441,0 149.0393321561242,-35.58898140634138,0 149.039406369102,-35.58891483597923,0 149.0394797350272,-35.58884764748075,0 149.0395522461162,-35.58877984797434,0 149.0396238946758,-35.58871144465319,0 149.0396946731045,-35.58864244477458,0 149.0397645738929,-35.58857285565908,0 149.0398335896251,-35.58850268468976,0 149.0399017129786,-35.58843193931145,0 149.0399689367259,-35.58836062702989,0 149.040035253735,-35.58828875541096,0 149.0401006569699,-35.58821633207994,0 149.0401651394915,-35.58814336472059,0 149.0402286944587,-35.58806986107439,0 149.0402913151285,-35.58799582893975,0 149.0403529948572,-35.58792127617114,0 149.0404137271008,-35.58784621067824,0 149.040473505416,-35.58777064042517,0 149.0405323234605,-35.58769457342955,0 149.040590174994,-35.58761801776176,0 149.0406470538787,-35.58754098154399,0 149.0407029540801,-35.58746347294942,0 149.0407578696674,-35.58738550020134,0 149.0408117948143,-35.58730707157231,0 149.0408647237997,-35.58722819538323,0 149.0409166510079,-35.5871488800025,0 149.0409675709298,-35.58706913384511,0 149.041017478163,-35.58698896537175,0 149.0410663674126,-35.58690838308792,0 149.0411142334916,-35.58682739554303,0 149.0411610713217,-35.58674601132947,0 149.0412068759335,-35.58666423908173,0 149.0412516424676,-35.58658208747547,0 149.0412953661743,-35.58649956522658,0 149.0413380424147,-35.58641668109028,0 149.0413796666612,-35.58633344386021,0 149.0414202344975,-35.58624986236742,0 149.0414597416197,-35.58616594547954,0 149.0414981838361,-35.58608170209975,0 149.0415355570682,-35.58599714116588,0 149.041571857351,-35.58591227164946,0 149.0416070808332,-35.58582710255472,0 149.0416412237776,-35.58574164291772,0 149.0416742825619,-35.58565590180535,0 149.0417062536787,-35.5855698883143,0 149.041737133736,-35.58548361157022,0 149.0417669194576,-35.58539708072666,0 149.0417956076833,-35.58531030496415,0 149.0418231953695,-35.58522329348919,0 149.0418496795893,-35.58513605553327,0 149.0418750575328,-35.58504860035195,0 149.0418993265074,-35.58496093722382,0 149.0419224839385,-35.58487307544952,0 149.0419445273691,-35.58478502435076,0 149.0419654544604,-35.58469679326936,0 149.0419852629923,-35.58460839156623,0 149.0420039508631,-35.58451982862037,0 149.0420215160902,-35.58443111382789,0 149.0420379568098,-35.58434225660103,0 149.0420532712779,-35.58425326636711,0 149.0420674578695,-35.58416415256758,0 149.0420805150796,-35.58407492465701,0 149.0420924415228,-35.58398559210205,0 149.0421032359337,-35.58389616438047,0 149.0421128971673,-35.58380665098014,0 149.0421214241983,-35.583717061398,0 149.0421288161223,-35.58362740513908,0 149.0421350721548,-35.58353769171552,0 149.0421401916323,-35.58344793064547,0 149.0421441740114,-35.58335813145217,0 149.0421470188698,-35.58326830366288,0 149.0421487259056,-35.58317845680791,0 
						</coordinates>
					</LinearRing>
				</outerBoundaryIs>
			</Polygon>
		</Placemark>
		<Placemark id="458">
			<name>Honeysuckle Creek NFZ_dv_0</name>
			<styleUrl>#461</styleUrl>
			<Polygon id="457">
				<outerBoundaryIs>
					<LinearRing id="459">
						<coordinates>
							149.0507856392813,-35.58308860041961,0 149.0507853239769,-35.58299873298215,0 149.0507843780741,-35.58290886847146,0 149.0507828016036,-35.58281900981417,0 149.0507805946168,-35.58272915993677,0 149.0507777571856,-35.58263932176543,0 149.0507742894024,-35.58254949822596,0 149.0507701913801,-35.58245969224368,0 149.0507654632521,-35.58236990674334,0 149.0507601051725,-35.58228014464903,0 149.0507541173158,-35.58219040888407,0 149.0507474998769,-35.58210070237094,0 149.0507402530715,-35.58201102803113,0 149.0507323771353,-35.58192138878513,0 149.0507238723251,-35.58183178755224,0 149.0507147389178,-35.58174222725056,0 149.0507049772108,-35.58165271079684,0 149.050694587522,-35.5815632411064,0 149.0506835701898,-35.58147382109303,0 149.050671925573,-35.58138445366895,0 149.0506596540509,-35.58129514174459,0 149.0506467560231,-35.58120588822863,0 149.0506332319096,-35.58111669602782,0 149.0506190821509,-35.58102756804694,0 149.0506043072078,-35.58093850718866,0 149.0505889075615,-35.58084951635345,0 149.0505728837136,-35.58076059843953,0 149.0505562361858,-35.58067175634273,0 149.0505389655204,-35.5805829929564,0 149.0505210722798,-35.58049431117136,0 149.0505025570468,-35.58040571387573,0 149.0504834204243,-35.5803172039549,0 149.0504636630356,-35.58022878429144,0 149.0504432855241,-35.58014045776491,0 149.0504222885534,-35.58005222725192,0 149.0504006728075,-35.5799640956259,0 149.0503784389902,-35.57987606575706,0 149.0503555878257,-35.57978814051233,0 149.0503321200581,-35.5797003227552,0 149.0503080364518,-35.57961261534568,0 149.0502833377911,-35.57952502114017,0 149.0502580248803,-35.57943754299139,0 149.0502320985439,-35.5793501837483,0 149.0502055596261,-35.57926294625594,0 149.0501784089914,-35.57917583335544,0 149.0501506475239,-35.57908884788382,0 149.0501222761277,-35.57900199267399,0 149.0500932957268,-35.57891527055462,0 149.0500637072651,-35.57882868435001,0 149.0500335117062,-35.57874223688005,0 149.0500027100334,-35.57865593096012,0 149.04997130325,-35.57856976940099,0 149.0499392923786,-35.57848375500872,0 149.049906678462,-35.57839789058457,0 149.0498734625621,-35.57831217892495,0 149.0498396457607,-35.57822662282125,0 149.0498052291593,-35.57814122505982,0 149.0497702138786,-35.57805598842185,0 149.049734601059,-35.57797091568329,0 149.0496983918603,-35.57788600961473,0 149.0496615874618,-35.57780127298135,0 149.0496241890621,-35.5777167085428,0 149.0495861978791,-35.57763231905315,0 149.0495476151502,-35.57754810726073,0 149.0495084421318,-35.57746407590812,0 149.0494686800998,-35.577380227732,0 149.0494283303491,-35.57729656546309,0 149.0493873941938,-35.57721309182606,0 149.0493458729671,-35.57712980953943,0 149.0493037680211,-35.5770467213155,0 149.0492610807273,-35.57696382986025,0 149.0492178124757,-35.57688113787322,0 149.0491739646755,-35.57679864804751,0 149.0491295387548,-35.57671636306957,0 149.0490845361603,-35.57663428561924,0 149.0490389583577,-35.57655241836957,0 149.0489928068313,-35.57647076398675,0 149.0489460830842,-35.57638932513007,0 149.0488987886381,-35.57630810445179,0 149.0488509250332,-35.57622710459706,0 149.0488024938283,-35.57614632820383,0 149.0487534966007,-35.5760657779028,0 149.048703934946,-35.57598545631727,0 149.0486538104786,-35.57590536606312,0 149.0486031248306,-35.57582550974869,0 149.0485518796529,-35.57574588997468,0 149.0485000766143,-35.57566650933412,0 149.048447717402,-35.57558737041224,0 149.0483948037211,-35.57550847578638,0 149.0483413372949,-35.57542982802595,0 149.0482873198648,-35.5753514296923,0 149.0482327531898,-35.57527328333866,0 149.0481776390471,-35.57519539151007,0 149.0481219792317,-35.57511775674326,0 149.0480657755562,-35.5750403815666,0 149.048009029851,-35.57496326850001,0 149.0479517439642,-35.57488642005487,0 149.0478939197615,-35.57480983873392,0 149.047835559126,-35.57473352703123,0 149.0477766639584,-35.57465748743208,0 149.0477172361768,-35.57458172241288,0 149.0476572777166,-35.57450623444112,0 149.0475967905304,-35.57443102597523,0 149.0475357765882,-35.57435609946457,0 149.0474742378771,-35.57428145734931,0 149.0474121764012,-35.57420710206036,0 149.0473495941817,-35.57413303601926,0 149.0472864932567,-35.57405926163818,0 149.0472228756813,-35.57398578131973,0 149.0471587435274,-35.57391259745702,0 149.0470940988835,-35.57383971243343,0 149.0470289438551,-35.57376712862266,0 149.0469632805639,-35.57369484838856,0 149.0468971111485,-35.57362287408514,0 149.0468304377639,-35.57355120805639,0 149.0467632625815,-35.57347985263632,0 149.0466955877889,-35.57340881014878,0 149.0466274155902,-35.57333808290743,0 149.0465587482055,-35.57326767321571,0 149.0464895878713,-35.57319758336667,0 149.0464199368398,-35.57312781564294,0 149.0463497973795,-35.5730583723167,0 149.0462791717745,-35.57298925564955,0 149.046208062325,-35.57292046789241,0 149.0461364713469,-35.57285201128555,0 149.0460644011717,-35.57278388805843,0 149.0459918541464,-35.57271610042964,0 149.0459188326339,-35.57264865060684,0 149.0458453390122,-35.57258154078673,0 149.0457713756748,-35.57251477315488,0 149.0456969450305,-35.57244834988575,0 149.0456220495033,-35.57238227314258,0 149.0455466915325,-35.57231654507732,0 149.0454708735721,-35.57225116783058,0 149.0453945980915,-35.5721861435315,0 149.0453178675746,-35.57212147429778,0 149.0452406845205,-35.57205716223553,0 149.0451630514428,-35.57199320943923,0 149.0450849708698,-35.57192961799166,0 149.0450064453443,-35.57186638996382,0 149.0449274774238,-35.57180352741491,0 149.04484806968,-35.57174103239218,0 149.0447682246991,-35.57167890693095,0 149.0446879450814,-35.57161715305448,0 149.0446072334414,-35.57155577277394,0 149.0445260924077,-35.57149476808834,0 149.0444445246227,-35.57143414098442,0 149.0443625327432,-35.57137389343669,0 149.0442801194391,-35.57131402740723,0 149.0441972873946,-35.57125454484573,0 149.0441140393073,-35.57119544768939,0 149.0440303778883,-35.57113673786287,0 149.0439463058623,-35.57107841727816,0 149.0438618259673,-35.57102048783465,0 149.0437769409547,-35.57096295141894,0 149.0436916535888,-35.57090580990485,0 149.0436059666473,-35.57084906515333,0 149.0435198829208,-35.57079271901242,0 149.0434334052129,-35.57073677331716,0 149.0433465363398,-35.57068122988956,0 149.0432592791307,-35.57062609053854,0 149.0431716364273,-35.57057135705983,0 149.043083611084,-35.57051703123598,0 149.0429952059674,-35.57046311483624,0 149.0429064239568,-35.57040960961653,0 149.0428172679435,-35.57035651731937,0 149.0427277408311,-35.57030383967384,0 149.0426378455352,-35.57025157839553,0 149.0425475849837,-35.57019973518646,0 149.0424569621159,-35.57014831173502,0 149.0423659798832,-35.57009730971594,0 149.0422746412488,-35.57004673079023,0 149.0421829491873,-35.56999657660513,0 149.0420909066848,-35.56994684879401,0 149.041998516739,-35.5698975489764,0 149.0419057823588,-35.56984867875785,0 149.0418127065642,-35.56980023972996,0 149.0417192923865,-35.56975223347026,0 149.0416255428681,-35.56970466154219,0 149.041531461062,-35.56965752549504,0 149.0414370500323,-35.56961082686392,0 149.0413423128537,-35.56956456716967,0 149.0412472526115,-35.56951874791888,0 149.0411518724017,-35.56947337060375,0 149.0410561753305,-35.5694284367021,0 149.0409601645145,-35.56938394767732,0 149.0408638430805,-35.56933990497829,0 149.0407672141656,-35.5692963100394,0 149.0406702809166,-35.5692531642804,0 149.0405730464905,-35.56921046910645,0 149.0404755140538,-35.56916822590802,0 149.0403776867831,-35.56912643606086,0 149.0402795678642,-35.56908510092595,0 149.0401811604927,-35.5690442218495,0 149.0400824678734,-35.56900380016282,0 149.0399834932206,-35.56896383718233,0 149.0398842397575,-35.56892433420955,0 149.0397847107166,-35.56888529253096,0 149.0396849093393,-35.56884671341808,0 149.0395848388758,-35.56880859812732,0 149.0394845025853,-35.56877094789998,0 149.0393839037355,-35.56873376396226,0 149.0392830456024,-35.56869704752515,0 149.039181931471,-35.56866079978438,0 149.0390805646341,-35.56862502192047,0 149.0389789483931,-35.56858971509861,0 149.0388770860573,-35.56855488046865,0 149.0387749809442,-35.56852051916507,0 149.038672636379,-35.56848663230692,0 149.0385700556949,-35.56845322099783,0 149.0384672422326,-35.5684202863259,0 149.0383641993404,-35.56838782936374,0 149.0382609303744,-35.56835585116839,0 149.0381574386976,-35.5683243527813,0 149.0380537276805,-35.56829333522828,0 149.0379498007008,-35.56826279951951,0 149.037845661143,-35.56823274664944,0 149.0377413123988,-35.56820317759684,0 149.0376367578664,-35.56817409332469,0 149.037532000951,-35.56814549478018,0 149.0374270450643,-35.56811738289471,0 149.0373218936244,-35.5680897585838,0 149.0372165500557,-35.56806262274711,0 149.0371110177892,-35.56803597626838,0 149.0370053002616,-35.56800982001541,0 149.036899400916,-35.56798415484007,0 149.0367933232012,-35.56795898157819,0 149.0366870705719,-35.5679343010496,0 149.0365806464885,-35.56791011405807,0 149.0364740544169,-35.56788642139135,0 149.0363672978286,-35.56786322382101,0 149.0362603802004,-35.56784052210254,0 149.0361533050143,-35.5678183169753,0 149.0360460757575,-35.56779660916244,0 149.0359386959221,-35.56777539937093,0 149.0358311690053,-35.56775468829152,0 149.0357234985088,-35.56773447659872,0 149.0356156879394,-35.56771476495076,0 149.0355077408081,-35.56769555398961,0 149.0353996606304,-35.56767684434092,0 149.0352914509263,-35.56765863661402,0 149.0351831152198,-35.56764093140188,0 149.0350746570392,-35.56762372928112,0 149.0349660799168,-35.56760703081198,0 149.0348573873885,-35.56759083653827,0 149.0347485829942,-35.5675751469874,0 149.0346396702775,-35.56755996267034,0 149.0345306527852,-35.56754528408161,0 149.0344215340679,-35.56753111169925,0 149.0343123176793,-35.56751744598481,0 149.0342030071761,-35.56750428738336,0 149.0340936061185,-35.56749163632345,0 149.0339841180694,-35.56747949321707,0 149.0338745465945,-35.5674678584597,0 149.0337648952622,-35.56745673243026,0 149.0336551676436,-35.56744611549109,0 149.0335453673123,-35.56743600798796,0 149.0334354978441,-35.56742641025006,0 149.0333255628174,-35.56741732258993,0 149.0332155658122,-35.56740874530356,0 149.0331055104111,-35.56740067867027,0 149.0329954001982,-35.56739312295279,0 149.0328852387594,-35.56738607839719,0 149.0327750296826,-35.56737954523287,0 149.0326647765569,-35.56737352367262,0 149.032554482973,-35.56736801391255,0 149.0324441525229,-35.56736301613208,0 149.0323337887997,-35.56735853049399,0 149.0322233953978,-35.56735455714435,0 149.0321129759123,-35.56735109621258,0 149.0320025339393,-35.56734814781139,0 149.0318920730757,-35.56734571203679,0 149.0317815969189,-35.56734378896812,0 149.0316711090668,-35.567342378668,0 149.0315606131177,-35.56734148118237,0 149.0314501126702,-35.56734109654045,0 149.0313396113229,-35.56734122475477,0 149.0312291126748,-35.56734186582116,0 149.0311186203244,-35.56734301971873,0 149.0310081378702,-35.56734468640991,0 149.0308976689103,-35.56734686584041,0 149.0307872170423,-35.56734955793927,0 149.0306767858635,-35.5673527626188,0 149.0305663789703,-35.56735647977464,0 149.0304559999584,-35.56736070928572,0 149.0303456524226,-35.5673654510143,0 149.0302353399565,-35.56737070480596,0 149.0301250661528,-35.56737647048959,0 149.0300148346028,-35.56738274787743,0 149.0299046488964,-35.56738953676503,0 149.0297945126223,-35.56739683693129,0 149.0296844293671,-35.56740464813847,0 149.029574402716,-35.56741297013217,0 149.0294644362524,-35.56742180264138,0 149.0293545335576,-35.56743114537843,0 149.0292446982107,-35.56744099803906,0 149.0291349337889,-35.56745136030239,0 149.0290252438669,-35.56746223183096,0 149.0289156320171,-35.56747361227069,0 149.0288061018091,-35.56748550125096,0 149.0286966568102,-35.56749789838457,0 149.0285873005847,-35.56751080326779,0 149.028478036694,-35.56752421548033,0 149.0283688686966,-35.5675381345854,0 149.0282598001478,-35.56755256012967,0 149.0281508345997,-35.56756749164335,0 149.028041975601,-35.56758292864016,0 149.0279332266971,-35.56759887061735,0 149.0278245914294,-35.56761531705573,0 149.0277160733362,-35.56763226741968,0 149.0276076759513,-35.56764972115718,0 149.0274994028053,-35.5676676776998,0 149.0273912574241,-35.56768613646274,0 149.0272832433299,-35.56770509684485,0 149.0271753640403,-35.56772455822862,0 149.0270676230688,-35.56774451998027,0 149.0269600239241,-35.56776498144968,0 149.0268525701106,-35.56778594197046,0 149.0267452651277,-35.56780740086,0 149.02663811247,-35.56782935741944,0 149.0265311156272,-35.5678518109337,0 149.0264242780841,-35.56787476067153,0 149.0263176033199,-35.56789820588551,0 149.0262110948088,-35.56792214581209,0 149.0261047560195,-35.56794657967161,0 149.0259985904153,-35.56797150666833,0 149.0258926014536,-35.56799692599043,0 149.0257867925863,-35.56802283681006,0 149.0256811672592,-35.56804923828338,0 149.0255757289124,-35.56807612955057,0 149.0254704809797,-35.56810350973583,0 149.0253654268887,-35.56813137794748,0 149.0252605700607,-35.5681597332779,0 149.0251559139108,-35.56818857480364,0 149.0250514618473,-35.56821790158541,0 149.0249472172719,-35.5682477126681,0 149.0248431835796,-35.56827800708083,0 149.0247393641586,-35.56830878383703,0 149.0246357623899,-35.56834004193433,0 149.0245323816476,-35.56837178035476,0 149.0244292252986,-35.56840399806467,0 149.0243262967024,-35.56843669401481,0 149.0242235992111,-35.56846986714038,0 149.0241211361693,-35.56850351636098,0 149.024018910914,-35.56853764058076,0 149.0239169267743,-35.56857223868838,0 149.0238151870718,-35.56860730955706,0 149.0237136951197,-35.56864285204463,0 149.0236124542234,-35.56867886499358,0 149.02351146768,-35.56871534723104,0 149.0234107387785,-35.56875229756889,0 149.0233102707993,-35.56878971480374,0 149.0232100670144,-35.568827597717,0 149.0231101306872,-35.56886594507493,0 149.0230104650724,-35.56890475562867,0 149.0229110734157,-35.56894402811422,0 149.0228119589543,-35.5689837612526,0 149.0227131249159,-35.56902395374981,0 149.0226145745193,-35.56906460429686,0 149.0225163109741,-35.56910571156989,0 149.0224183374804,-35.56914727423012,0 149.0223206572291,-35.56918929092396,0 149.0222232734012,-35.56923176028305,0 149.0221261891685,-35.56927468092425,0 149.0220294076925,-35.56931805144976,0 149.0219329321253,-35.5693618704471,0 149.0218367656089,-35.56940613648921,0 149.0217409112751,-35.56945084813444,0 149.0216453722456,-35.56949600392665,0 149.021550151632,-35.56954160239525,0 149.0214552525352,-35.56958764205518,0 149.0213606780461,-35.56963412140708,0 149.0212664312445,-35.56968103893722,0 149.0211725151999,-35.56972839311761,0 149.0210789329709,-35.56977618240604,0 149.0209856876052,-35.56982440524616,0 149.0208927821396,-35.56987306006744,0 149.0208002195997,-35.56992214528535,0 149.0207080030002,-35.56997165930127,0 149.0206161353442,-35.57002160050269,0 149.0205246196236,-35.57007196726314,0 149.020433458819,-35.5701227579423,0 149.0203426558992,-35.57017397088605,0 149.0202522138213,-35.5702256044265,0 149.0201621355309,-35.57027765688209,0 149.0200724239616,-35.57033012655761,0 149.019983082035,-35.57038301174424,0 149.0198941126608,-35.57043631071966,0 149.0198055187366,-35.57049002174804,0 149.0197173031475,-35.57054414308016,0 149.0196294687666,-35.57059867295342,0 149.0195420184543,-35.57065360959193,0 149.0194549550588,-35.57070895120653,0 149.0193682814154,-35.5707646959949,0 149.019282000347,-35.57082084214155,0 149.0191961146633,-35.57087738781796,0 149.0191106271617,-35.57093433118258,0 149.019025540626,-35.57099167038091,0 149.0189408578275,-35.57104940354554,0 149.0188565815239,-35.57110752879628,0 149.01877271446,-35.5711660442401,0 149.0186892593671,-35.57122494797133,0 149.0186062189632,-35.57128423807161,0 149.0185235959525,-35.57134391261003,0 149.0184413930261,-35.57140396964311,0 149.0183596128608,-35.57146440721498,0 149.0182782581203,-35.57152522335731,0 149.018197331454,-35.5715864160895,0 149.0181168354975,-35.57164798341864,0 149.0180367728722,-35.57170992333964,0 149.0179571461857,-35.57177223383528,0 149.0178779580312,-35.57183491287627,0 149.0177992109877,-35.5718979584213,0 149.0177209076197,-35.57196136841714,0 149.0176430504773,-35.57202514079869,0 149.0175656420963,-35.57208927348904,0 149.0174886849975,-35.57215376439957,0 149.0174121816873,-35.57221861142995,0 149.0173361346573,-35.57228381246829,0 149.0172605463839,-35.57234936539116,0 149.0171854193291,-35.57241526806366,0 149.0171107559394,-35.57248151833951,0 149.0170365586465,-35.5725481140611,0 149.0169628298668,-35.57261505305959,0 149.0168895720014,-35.57268233315494,0 149.0168167874363,-35.572749952156,0 149.0167444785417,-35.57281790786061,0 149.0166726476726,-35.5728861980556,0 149.0166012971683,-35.57295482051696,0 149.0165304293525,-35.5730237730098,0 149.0164600465334,-35.57309305328854,0 149.0163901510029,-35.57316265909689,0 149.0163207450375,-35.57323258816794,0 149.0162518308975,-35.57330283822431,0 149.0161834108274,-35.57337340697813,0 149.0161154870552,-35.57344429213114,0 149.0160480617932,-35.57351549137479,0 149.0159811372372,-35.57358700239032,0 149.0159147155668,-35.57365882284878,0 149.0158487989452,-35.57373095041117,0 149.0157833895191,-35.57380338272846,0 149.0157184894187,-35.57387611744175,0 149.0156541007577,-35.57394915218222,0 149.015590225633,-35.57402248457133,0 149.0155268661249,-35.57409611222083,0 149.0154640242968,-35.57417003273284,0 149.0154017021954,-35.57424424369998,0 149.0153399018503,-35.57431874270537,0 149.0152786252742,-35.57439352732277,0 149.0152178744627,-35.57446859511663,0 149.0151576513944,-35.5745439436422,0 149.0150979580305,-35.57461957044556,0 149.015038796315,-35.57469547306372,0 149.0149801681748,-35.57477164902475,0 149.0149220755192,-35.57484809584778,0 149.0148645202401,-35.57492481104313,0 149.014807504212,-35.57500179211239,0 149.0147510292918,-35.57507903654847,0 149.0146950973186,-35.57515654183572,0 149.0146397101141,-35.57523430544999,0 149.014584869482,-35.57531232485872,0 149.0145305772084,-35.575390597521,0 149.0144768350615,-35.57546912088772,0 149.0144236447915,-35.57554789240154,0 149.0143710081306,-35.57562690949708,0 149.0143189267931,-35.57570616960096,0 149.0142674024752,-35.57578567013189,0 149.0142164368549,-35.57586540850072,0 149.0141660315919,-35.57594538211058,0 149.014116188328,-35.57602558835693,0 149.0140669086862,-35.57610602462766,0 149.0140181942717,-35.57618668830317,0 149.0139700466707,-35.57626757675644,0 149.0139224674516,-35.57634868735315,0 149.0138754581636,-35.57643001745171,0 149.0138290203378,-35.57651156440343,0 149.0137831554866,-35.57659332555252,0 149.0137378651037,-35.57667529823623,0 149.013693150664,-35.57675747978492,0 149.0136490136239,-35.57683986752214,0 149.0136054554207,-35.57692245876473,0 149.013562477473,-35.57700525082291,0 149.0135200811805,-35.57708824100035,0 149.0134782679239,-35.57717142659428,0 149.0134370390651,-35.57725480489553,0 149.0133963959466,-35.57733837318871,0 149.0133563398922,-35.57742212875219,0 149.0133168722063,-35.57750606885827,0 149.0132779941744,-35.57759019077324,0 149.0132397070626,-35.57767449175746,0 149.0132020121179,-35.57775896906546,0 149.0131649105677,-35.57784361994603,0 149.0131284036205,-35.57792844164231,0 149.0130924924651,-35.57801343139186,0 149.0130571782712,-35.57809858642678,0 149.0130224621888,-35.5781839039738,0 149.0129883453486,-35.57826938125434,0 149.0129548288615,-35.57835501548461,0 149.0129219138192,-35.57844080387574,0 149.0128896012936,-35.57852674363379,0 149.0128578923372,-35.57861283195996,0 149.0128267879824,-35.57869906605055,0 149.0127962892424,-35.57878544309713,0 149.0127663971104,-35.57887196028662,0 149.0127371125599,-35.57895861480138,0 149.0127084365447,-35.57904540381929,0 149.0126803699986,-35.57913232451386,0 149.0126529138357,-35.5792193740543,0 149.0126260689501,-35.57930654960561,0 149.0125998362163,-35.57939384832873,0 149.0125742164884,-35.57948126738054,0 149.0125492106008,-35.57956880391404,0 149.012524819368,-35.57965645507838,0 149.0125010435843,-35.57974421801898,0 149.012477884024,-35.57983208987763,0 149.0124553414412,-35.57992006779256,0 149.0124334165704,-35.58000814889856,0 149.0124121101254,-35.58009633032706,0 149.0123914228001,-35.58018460920619,0 149.0123713552683,-35.58027298266095,0 149.0123519081835,-35.58036144781323,0 149.0123330821791,-35.58045000178196,0 149.0123148778682,-35.58053864168315,0 149.0122972958436,-35.58062736463002,0 149.012280336678,-35.5807161677331,0 149.0122640009236,-35.58080504810028,0 149.0122482891126,-35.58089400283698,0 149.0122332017565,-35.58098302904614,0 149.0122187393467,-35.58107212382842,0 149.0122049023543,-35.58116128428223,0 149.0121916912298,-35.58125050750383,0 149.0121791064036,-35.58133979058746,0 149.0121671482855,-35.58142913062539,0 149.0121558172649,-35.58151852470803,0 149.0121451137108,-35.58160796992406,0 149.0121350379719,-35.58169746336046,0 149.0121255903762,-35.58178700210267,0 149.0121167712316,-35.58187658323464,0 149.0121085808251,-35.58196620383892,0 149.0121010194235,-35.58205586099682,0 149.0120940872731,-35.58214555178841,0 149.0120877845996,-35.5822352732927,0 149.0120821116084,-35.5823250225877,0 149.0120770684841,-35.5824147967505,0 149.012072655391,-35.58250459285736,0 149.0120688724728,-35.58259440798387,0 149.0120657198528,-35.58268423920497,0 149.0120631976335,-35.58277408359509,0 149.0120613058972,-35.58286393822823,0 149.0120600447054,-35.58295380017804,0 149.0120594140993,-35.58304366651796,0 149.0120594140993,-35.58313353432126,0 149.0120600447054,-35.58322340066118,0 149.0120613058972,-35.58331326261099,0 149.0120631976335,-35.58340311724412,0 149.0120657198528,-35.58349296163424,0 149.0120688724728,-35.58358279285535,0 149.012072655391,-35.58367260798185,0 149.0120770684841,-35.58376240408872,0 149.0120821116084,-35.58385217825151,0 149.0120877845996,-35.58394192754651,0 149.0120940872731,-35.58403164905081,0 149.0121010194235,-35.5841213398424,0 149.0121085808251,-35.5842109970003,0 149.0121167712316,-35.58430061760458,0 149.0121255903762,-35.58439019873654,0 149.0121350379719,-35.58447973747875,0 149.0121451137108,-35.58456923091516,0 149.0121558172649,-35.58465867613118,0 149.0121671482855,-35.58474807021383,0 149.0121791064036,-35.58483741025175,0 149.0121916912298,-35.58492669333538,0 149.0122049023543,-35.58501591655698,0 149.0122187393467,-35.58510507701079,0 149.0122332017565,-35.58519417179307,0 149.0122482891126,-35.58528319800224,0 149.0122640009236,-35.58537215273893,0 149.012280336678,-35.58546103310612,0 149.0122972958436,-35.5855498362092,0 149.0123148778682,-35.58563855915607,0 149.0123330821791,-35.58572719905725,0 149.0123519081835,-35.58581575302598,0 149.0123713552683,-35.58590421817826,0 149.0123914228001,-35.58599259163302,0 149.0124121101254,-35.58608087051216,0 149.0124334165704,-35.58616905194065,0 149.0124553414412,-35.58625713304665,0 149.012477884024,-35.58634511096158,0 149.0125010435843,-35.58643298282023,0 149.012524819368,-35.58652074576084,0 149.0125492106008,-35.58660839692517,0 149.0125742164884,-35.58669593345868,0 149.0125998362163,-35.58678335251049,0 149.0126260689501,-35.5868706512336,0 149.0126529138357,-35.58695782678492,0 149.0126803699986,-35.58704487632535,0 149.0127084365447,-35.58713179701992,0 149.0127371125599,-35.58721858603784,0 149.0127663971104,-35.5873052405526,0 149.0127962892424,-35.58739175774209,0 149.0128267879824,-35.58747813478867,0 149.0128578923372,-35.58756436887926,0 149.0128896012936,-35.58765045720542,0 149.0129219138192,-35.58773639696348,0 149.0129548288615,-35.5878221853546,0 149.0129883453486,-35.58790781958488,0 149.0130224621888,-35.58799329686541,0 149.0130571782712,-35.58807861441243,0 149.0130924924651,-35.58816376944736,0 149.0131284036205,-35.58824875919691,0 149.0131649105677,-35.58833358089318,0 149.0132020121179,-35.58841823177375,0 149.0132397070626,-35.58850270908175,0 149.0132779941744,-35.58858701006597,0 149.0133168722063,-35.58867113198095,0 149.0133563398922,-35.58875507208703,0 149.0133963959466,-35.58883882765051,0 149.0134370390651,-35.58892239594368,0 149.0134782679239,-35.58900577424494,0 149.0135200811805,-35.58908895983886,0 149.013562477473,-35.5891719500163,0 149.0136054554207,-35.58925474207448,0 149.0136490136239,-35.58933733331708,0 149.013693150664,-35.5894197210543,0 149.0137378651037,-35.58950190260298,0 149.0137831554866,-35.58958387528669,0 149.0138290203378,-35.58966563643578,0 149.0138754581636,-35.5897471833875,0 149.0139224674516,-35.58982851348607,0 149.0139700466707,-35.58990962408277,0 149.0140181942717,-35.58999051253605,0 149.0140669086862,-35.59007117621155,0 149.014116188328,-35.59015161248229,0 149.0141660315919,-35.59023181872864,0 149.0142164368549,-35.5903117923385,0 149.0142674024752,-35.59039153070733,0 149.0143189267931,-35.59047103123825,0 149.0143710081306,-35.59055029134213,0 149.0144236447915,-35.59062930843768,0 149.0144768350615,-35.5907080799515,0 149.0145305772084,-35.59078660331821,0 149.014584869482,-35.59086487598049,0 149.0146397101141,-35.59094289538923,0 149.0146950973186,-35.5910206590035,0 149.0147510292918,-35.59109816429075,0 149.014807504212,-35.59117540872683,0 149.0148645202401,-35.59125238979608,0 149.0149220755192,-35.59132910499143,0 149.0149801681748,-35.59140555181447,0 149.015038796315,-35.59148172777549,0 149.0150979580305,-35.59155763039366,0 149.0151576513944,-35.59163325719701,0 149.0152178744627,-35.59170860572258,0 149.0152786252742,-35.59178367351645,0 149.0153399018503,-35.59185845813384,0 149.0154017021954,-35.59193295713924,0 149.0154640242968,-35.59200716810637,0 149.0155268661249,-35.59208108861839,0 149.015590225633,-35.59215471626788,0 149.0156541007577,-35.592228048657,0 149.0157184894187,-35.59230108339747,0 149.0157833895191,-35.59237381811075,0 149.0158487989452,-35.59244625042805,0 149.0159147155668,-35.59251837799044,0 149.0159811372372,-35.5925901984489,0 149.0160480617932,-35.59266170946442,0 149.0161154870552,-35.59273290870808,0 149.0161834108274,-35.59280379386109,0 149.0162518308975,-35.5928743626149,0 149.0163207450375,-35.59294461267127,0 149.0163901510029,-35.59301454174233,0 149.0164600465334,-35.59308414755068,0 149.0165304293525,-35.59315342782941,0 149.0166012971683,-35.59322238032226,0 149.0166726476726,-35.59329100278362,0 149.0167444785417,-35.5933592929786,0 149.0168167874363,-35.59342724868321,0 149.0168895720014,-35.59349486768428,0 149.0169628298668,-35.59356214777963,0 149.0170365586465,-35.59362908677812,0 149.0171107559394,-35.59369568249971,0 149.0171854193291,-35.59376193277556,0 149.0172605463839,-35.59382783544805,0 149.0173361346573,-35.59389338837092,0 149.0174121816873,-35.59395858940926,0 149.0174886849975,-35.59402343643965,0 149.0175656420963,-35.59408792735017,0 149.0176430504773,-35.59415206004053,0 149.0177209076197,-35.59421583242207,0 149.0177992109877,-35.59427924241792,0 149.0178779580312,-35.59434228796295,0 149.0179571461857,-35.59440496700393,0 149.0180367728722,-35.59446727749958,0 149.0181168354975,-35.59452921742057,0 149.018197331454,-35.59459078474972,0 149.0182782581203,-35.5946519774819,0 149.0183596128608,-35.59471279362423,0 149.0184413930261,-35.5947732311961,0 149.0185235959525,-35.59483328822919,0 149.0186062189632,-35.5948929627676,0 149.0186892593671,-35.59495225286788,0 149.01877271446,-35.59501115659911,0 149.0188565815239,-35.59506967204294,0 149.0189408578275,-35.59512779729367,0 149.019025540626,-35.59518553045831,0 149.0191106271617,-35.59524286965663,0 149.0191961146633,-35.59529981302126,0 149.019282000347,-35.59535635869766,0 149.0193682814154,-35.59541250484432,0 149.0194549550588,-35.59546824963268,0 149.0195420184543,-35.59552359124729,0 149.0196294687666,-35.59557852788579,0 149.0197173031475,-35.59563305775905,0 149.0198055187366,-35.59568717909117,0 149.0198941126608,-35.59574089011956,0 149.019983082035,-35.59579418909497,0 149.0200724239616,-35.5958470742816,0 149.0201621355309,-35.59589954395712,0 149.0202522138213,-35.59595159641272,0 149.0203426558992,-35.59600322995317,0 149.020433458819,-35.59605444289691,0 149.0205246196236,-35.59610523357608,0 149.0206161353442,-35.59615560033652,0 149.0207080030002,-35.59620554153794,0 149.0208002195997,-35.59625505555387,0 149.0208927821396,-35.59630414077177,0 149.0209856876052,-35.59635279559306,0 149.0210789329709,-35.59640101843317,0 149.0211725151999,-35.59644880772161,0 149.0212664312445,-35.596496161902,0 149.0213606780461,-35.59654307943213,0 149.0214552525352,-35.59658955878403,0 149.021550151632,-35.59663559844397,0 149.0216453722456,-35.59668119691256,0 149.0217409112751,-35.59672635270478,0 149.0218367656089,-35.59677106435001,0 149.0219329321253,-35.59681533039212,0 149.0220294076925,-35.59685914938946,0 149.0221261891685,-35.59690251991497,0 149.0222232734012,-35.59694544055617,0 149.0223206572291,-35.59698790991526,0 149.0224183374804,-35.5970299266091,0 149.0225163109741,-35.59707148926933,0 149.0226145745193,-35.59711259654235,0 149.0227131249159,-35.59715324708941,0 149.0228119589543,-35.59719343958661,0 149.0229110734157,-35.597233172725,0 149.0230104650724,-35.59727244521056,0 149.0231101306872,-35.59731125576428,0 149.0232100670144,-35.59734960312222,0 149.0233102707993,-35.59738748603548,0 149.0234107387785,-35.59742490327033,0 149.02351146768,-35.59746185360817,0 149.0236124542234,-35.59749833584564,0 149.0237136951197,-35.59753434879458,0 149.0238151870718,-35.59756989128216,0 149.0239169267743,-35.59760496215084,0 149.024018910914,-35.59763956025846,0 149.0241211361693,-35.59767368447824,0 149.0242235992111,-35.59770733369884,0 149.0243262967024,-35.5977405068244,0 149.0244292252986,-35.59777320277454,0 149.0245323816476,-35.59780542048446,0 149.0246357623899,-35.59783715890489,0 149.0247393641586,-35.59786841700219,0 149.0248431835796,-35.59789919375838,0 149.0249472172719,-35.59792948817113,0 149.0250514618473,-35.59795929925381,0 149.0251559139108,-35.59798862603558,0 149.0252605700607,-35.59801746756132,0 149.0253654268887,-35.59804582289173,0 149.0254704809797,-35.59807369110338,0 149.0255757289124,-35.59810107128865,0 149.0256811672592,-35.59812796255584,0 149.0257867925863,-35.59815436402916,0 149.0258926014536,-35.59818027484879,0 149.0259985904153,-35.59820569417089,0 149.0261047560195,-35.5982306211676,0 149.0262110948088,-35.59825505502712,0 149.0263176033199,-35.59827899495371,0 149.0264242780841,-35.59830244016769,0 149.0265311156272,-35.59832538990551,0 149.02663811247,-35.59834784341977,0 149.0267452651277,-35.59836979997921,0 149.0268525701106,-35.59839125886875,0 149.0269600239241,-35.59841221938954,0 149.0270676230688,-35.59843268085895,0 149.0271753640403,-35.5984526426106,0 149.0272832433299,-35.59847210399437,0 149.0273912574241,-35.59849106437647,0 149.0274994028053,-35.59850952313941,0 149.0276076759513,-35.59852747968203,0 149.0277160733362,-35.59854493341953,0 149.0278245914294,-35.59856188378349,0 149.0279332266971,-35.59857833022187,0 149.028041975601,-35.59859427219906,0 149.0281508345997,-35.59860970919587,0 149.0282598001478,-35.59862464070955,0 149.0283688686966,-35.59863906625382,0 149.028478036694,-35.59865298535888,0 149.0285873005847,-35.59866639757142,0 149.0286966568102,-35.59867930245464,0 149.0288061018091,-35.59869169958826,0 149.0289156320171,-35.59870358856853,0 149.0290252438669,-35.59871496900826,0 149.0291349337889,-35.59872584053682,0 149.0292446982107,-35.59873620280015,0 149.0293545335576,-35.59874605546079,0 149.0294644362524,-35.59875539819783,0 149.029574402716,-35.59876423070704,0 149.0296844293671,-35.59877255270074,0 149.0297945126223,-35.59878036390793,0 149.0299046488964,-35.59878766407419,0 149.0300148346028,-35.59879445296178,0 149.0301250661528,-35.59880073034962,0 149.0302353399565,-35.59880649603326,0 149.0303456524226,-35.59881174982491,0 149.0304559999584,-35.5988164915535,0 149.0305663789703,-35.59882072106458,0 149.0306767858635,-35.59882443822042,0 149.0307872170423,-35.59882764289994,0 149.0308976689103,-35.5988303349988,0 149.0310081378702,-35.5988325144293,0 149.0311186203244,-35.59883418112049,0 149.0312291126748,-35.59883533501806,0 149.0313396113229,-35.59883597608444,0 149.0314501126702,-35.59883610429876,0 149.0315606131177,-35.59883571965685,0 149.0316711090668,-35.59883482217121,0 149.0317815969189,-35.5988334118711,0 149.0318920730757,-35.59883148880242,0 149.0320025339393,-35.59882905302783,0 149.0321129759123,-35.59882610462663,0 149.0322233953978,-35.59882264369487,0 149.0323337887997,-35.59881867034522,0 149.0324441525229,-35.59881418470714,0 149.032554482973,-35.59880918692667,0 149.0326647765569,-35.59880367716659,0 149.0327750296826,-35.59879765560634,0 149.0328852387594,-35.59879112244202,0 149.0329954001982,-35.59878407788642,0 149.0331055104111,-35.59877652216894,0 149.0332155658122,-35.59876845553566,0 149.0333255628174,-35.59875987824928,0 149.0334354978441,-35.59875079058916,0 149.0335453673123,-35.59874119285125,0 149.0336551676436,-35.59873108534812,0 149.0337648952622,-35.59872046840896,0 149.0338745465945,-35.59870934237951,0 149.0339841180694,-35.59869770762214,0 149.0340936061185,-35.59868556451577,0 149.0342030071761,-35.59867291345585,0 149.0343123176793,-35.5986597548544,0 149.0344215340679,-35.59864608913997,0 149.0345306527852,-35.5986319167576,0 149.0346396702775,-35.59861723816887,0 149.0347485829942,-35.59860205385181,0 149.0348573873885,-35.59858636430095,0 149.0349660799168,-35.59857017002724,0 149.0350746570392,-35.59855347155809,0 149.0351831152198,-35.59853626943733,0 149.0352914509263,-35.59851856422519,0 149.0353996606304,-35.59850035649829,0 149.0355077408081,-35.59848164684961,0 149.0356156879394,-35.59846243588846,0 149.0357234985088,-35.59844272424051,0 149.0358311690053,-35.5984225125477,0 149.0359386959221,-35.59840180146828,0 149.0360460757575,-35.59838059167677,0 149.0361533050143,-35.59835888386392,0 149.0362603802004,-35.59833667873667,0 149.0363672978286,-35.59831397701821,0 149.0364740544169,-35.59829077944786,0 149.0365806464885,-35.59826708678114,0 149.0366870705719,-35.59824289978962,0 149.0367933232012,-35.59821821926103,0 149.036899400916,-35.59819304599915,0 149.0370053002616,-35.5981673808238,0 149.0371110177892,-35.59814122457084,0 149.0372165500557,-35.59811457809211,0 149.0373218936244,-35.59808744225541,0 149.0374270450643,-35.5980598179445,0 149.037532000951,-35.59803170605903,0 149.0376367578664,-35.59800310751453,0 149.0377413123988,-35.59797402324237,0 149.037845661143,-35.59794445418977,0 149.0379498007008,-35.59791440131971,0 149.0380537276805,-35.59788386561094,0 149.0381574386976,-35.59785284805792,0 149.0382609303744,-35.59782134967082,0 149.0383641993404,-35.59778937147548,0 149.0384672422326,-35.59775691451332,0 149.0385700556949,-35.59772397984138,0 149.038672636379,-35.59769056853229,0 149.0387749809442,-35.59765668167415,0 149.0388770860573,-35.59762232037057,0 149.0389789483931,-35.5975874857406,0 149.0390805646341,-35.59755217891875,0 149.039181931471,-35.59751640105483,0 149.0392830456024,-35.59748015331407,0 149.0393839037355,-35.59744343687695,0 149.0394845025853,-35.59740625293923,0 149.0395848388758,-35.5973686027119,0 149.0396849093393,-35.59733048742113,0 149.0397847107166,-35.59729190830825,0 149.0398842397575,-35.59725286662967,0 149.0399834932206,-35.59721336365688,0 149.0400824678734,-35.5971734006764,0 149.0401811604927,-35.59713297898972,0 149.0402795678642,-35.59709209991326,0 149.0403776867831,-35.59705076477836,0 149.0404755140538,-35.59700897493121,0 149.0405730464905,-35.59696673173276,0 149.0406702809166,-35.59692403655882,0 149.0407672141656,-35.59688089079982,0 149.0408638430805,-35.59683729586092,0 149.0409601645145,-35.5967932531619,0 149.0410561753305,-35.59674876413712,0 149.0411518724017,-35.59670383023547,0 149.0412472526115,-35.59665845292034,0 149.0413423128537,-35.59661263366954,0 149.0414370500323,-35.5965663739753,0 149.041531461062,-35.59651967534418,0 149.0416255428681,-35.59647253929703,0 149.0417192923865,-35.59642496736895,0 149.0418127065642,-35.59637696110925,0 149.0419057823588,-35.59632852208136,0 149.041998516739,-35.59627965186282,0 149.0420909066848,-35.5962303520452,0 149.0421829491873,-35.59618062423409,0 149.0422746412488,-35.59613047004898,0 149.0423659798832,-35.59607989112327,0 149.0424569621159,-35.5960288891042,0 149.0425475849837,-35.59597746565275,0 149.0426378455352,-35.59592562244368,0 149.0427277408311,-35.59587336116537,0 149.0428172679435,-35.59582068351985,0 149.0429064239568,-35.59576759122269,0 149.0429952059674,-35.59571408600297,0 149.043083611084,-35.59566016960324,0 149.0431716364273,-35.59560584377938,0 149.0432592791307,-35.59555111030068,0 149.0433465363398,-35.59549597094966,0 149.0434334052129,-35.59544042752206,0 149.0435198829208,-35.5953844818268,0 149.0436059666473,-35.59532813568588,0 149.0436916535888,-35.59527139093436,0 149.0437769409547,-35.59521424942027,0 149.0438618259673,-35.59515671300456,0 149.0439463058623,-35.59509878356106,0 149.0440303778883,-35.59504046297635,0 149.0441140393073,-35.59498175314982,0 149.0441972873946,-35.59492265599349,0 149.0442801194391,-35.59486317343199,0 149.0443625327432,-35.59480330740253,0 149.0444445246227,-35.59474305985479,0 149.0445260924077,-35.59468243275088,0 149.0446072334414,-35.59462142806527,0 149.0446879450814,-35.59456004778473,0 149.0447682246991,-35.59449829390827,0 149.04484806968,-35.59443616844703,0 149.0449274774238,-35.59437367342431,0 149.0450064453443,-35.59431081087539,0 149.0450849708698,-35.59424758284756,0 149.0451630514428,-35.59418399139998,0 149.0452406845205,-35.59412003860368,0 149.0453178675746,-35.59405572654143,0 149.0453945980915,-35.59399105730772,0 149.0454708735721,-35.59392603300864,0 149.0455466915325,-35.59386065576189,0 149.0456220495033,-35.59379492769663,0 149.0456969450305,-35.59372885095346,0 149.0457713756748,-35.59366242768434,0 149.0458453390122,-35.59359566005249,0 149.0459188326339,-35.59352855023237,0 149.0459918541464,-35.59346110040958,0 149.0460644011717,-35.59339331278078,0 149.0461364713469,-35.59332518955366,0 149.046208062325,-35.59325673294681,0 149.0462791717745,-35.59318794518967,0 149.0463497973795,-35.59311882852251,0 149.0464199368398,-35.59304938519627,0 149.0464895878713,-35.59297961747254,0 149.0465587482055,-35.5929095276235,0 149.0466274155902,-35.59283911793178,0 149.0466955877889,-35.59276839069044,0 149.0467632625815,-35.5926973482029,0 149.0468304377639,-35.59262599278282,0 149.0468971111485,-35.59255432675408,0 149.0469632805639,-35.59248235245065,0 149.0470289438551,-35.59241007221656,0 149.0470940988835,-35.59233748840578,0 149.0471587435274,-35.5922646033822,0 149.0472228756813,-35.59219141951948,0 149.0472864932567,-35.59211793920104,0 149.0473495941817,-35.59204416481995,0 149.0474121764012,-35.59197009877886,0 149.0474742378771,-35.5918957434899,0 149.0475357765882,-35.59182110137464,0 149.0475967905304,-35.59174617486399,0 149.0476572777166,-35.5916709663981,0 149.0477172361768,-35.59159547842633,0 149.0477766639584,-35.59151971340714,0 149.047835559126,-35.59144367380799,0 149.0478939197615,-35.5913673621053,0 149.0479517439642,-35.59129078078435,0 149.048009029851,-35.5912139323392,0 149.0480657755562,-35.59113681927261,0 149.0481219792317,-35.59105944409595,0 149.0481776390471,-35.59098180932914,0 149.0482327531898,-35.59090391750056,0 149.0482873198648,-35.59082577114692,0 149.0483413372949,-35.59074737281327,0 149.0483948037211,-35.59066872505284,0 149.048447717402,-35.59058983042698,0 149.0485000766143,-35.5905106915051,0 149.0485518796529,-35.59043131086453,0 149.0486031248306,-35.59035169109053,0 149.0486538104786,-35.5902718347761,0 149.048703934946,-35.59019174452195,0 149.0487534966007,-35.59011142293642,0 149.0488024938283,-35.59003087263538,0 149.0488509250332,-35.58995009624216,0 149.0488987886381,-35.58986909638742,0 149.0489460830842,-35.58978787570914,0 149.0489928068313,-35.58970643685247,0 149.0490389583577,-35.58962478246965,0 149.0490845361603,-35.58954291521997,0 149.0491295387548,-35.58946083776964,0 149.0491739646755,-35.58937855279171,0 149.0492178124757,-35.58929606296599,0 149.0492610807273,-35.58921337097897,0 149.0493037680211,-35.58913047952371,0 149.0493458729671,-35.58904739129979,0 149.0493873941938,-35.58896410901315,0 149.0494283303491,-35.58888063537613,0 149.0494686800998,-35.58879697310721,0 149.0495084421318,-35.5887131249311,0 149.0495476151502,-35.58862909357848,0 149.0495861978791,-35.58854488178606,0 149.0496241890621,-35.58846049229641,0 149.0496615874618,-35.58837592785787,0 149.0496983918603,-35.58829119122449,0 149.049734601059,-35.58820628515593,0 149.0497702138786,-35.58812121241736,0 149.0498052291593,-35.5880359757794,0 149.0498396457607,-35.58795057801797,0 149.0498734625621,-35.58786502191427,0 149.049906678462,-35.58777931025465,0 149.0499392923786,-35.5876934458305,0 149.04997130325,-35.58760743143822,0 149.0500027100334,-35.5875212698791,0 149.0500335117062,-35.58743496395917,0 149.0500637072651,-35.58734851648921,0 149.0500932957268,-35.5872619302846,0 149.0501222761277,-35.58717520816522,0 149.0501506475239,-35.5870883529554,0 149.0501784089914,-35.58700136748378,0 149.0502055596261,-35.58691425458328,0 149.0502320985439,-35.58682701709092,0 149.0502580248803,-35.58673965784782,0 149.0502833377911,-35.58665217969904,0 149.0503080364518,-35.58656458549353,0 149.0503321200581,-35.58647687808401,0 149.0503555878257,-35.58638906032689,0 149.0503784389902,-35.58630113508216,0 149.0504006728075,-35.58621310521333,0 149.0504222885534,-35.5861249735873,0 149.0504432855241,-35.58603674307431,0 149.0504636630356,-35.58594841654779,0 149.0504834204243,-35.58585999688432,0 149.0505025570468,-35.58577148696349,0 149.0505210722798,-35.58568288966786,0 149.0505389655204,-35.58559420788281,0 149.0505562361858,-35.58550544449648,0 149.0505728837136,-35.58541660239969,0 149.0505889075615,-35.58532768448576,0 149.0506043072078,-35.58523869365056,0 149.0506190821509,-35.58514963279227,0 149.0506332319096,-35.58506050481139,0 149.0506467560231,-35.58497131261059,0 149.0506596540509,-35.58488205909462,0 149.050671925573,-35.58479274717027,0 149.0506835701898,-35.58470337974618,0 149.050694587522,-35.58461395973282,0 149.0507049772108,-35.58452449004238,0 149.0507147389178,-35.58443497358866,0 149.0507238723251,-35.58434541328698,0 149.0507323771353,-35.58425581205409,0 149.0507402530715,-35.58416617280808,0 149.0507474998769,-35.58407649846828,0 149.0507541173158,-35.58398679195514,0 149.0507601051725,-35.58389705619018,0 149.0507654632521,-35.58380729409588,0 149.0507701913801,-35.58371750859553,0 149.0507742894024,-35.58362770261326,0 149.0507777571856,-35.58353787907378,0 149.0507805946168,-35.58344804090245,0 149.0507828016036,-35.58335819102504,0 149.0507843780741,-35.58326833236776,0 149.0507853239769,-35.58317846785706,0 
						</coordinates>
					</LinearRing>
				</outerBoundaryIs>
			</Polygon>
		</Placemark>
		<Placemark id="465">
			<name>Pierces Creek NFZ_0</name>
			<styleUrl>#468</styleUrl>
			<Polygon id="464">
				<outerBoundaryIs>
					<LinearRing id="466">
						<coordinates>
							148.9072666319117,-35.33502644828073,0 148.9070129407378,-35.33402913022519,0 148.9068667688298,-35.33301756940175,0 148.9068292246529,-35.33199946478804,0 148.9069005898444,-35.3309825648752,0 148.9070803171959,-35.32997460869424,0 148.9073670349409,-35.32898326692318,0 148.9077585573146,-35.328016083523,0 148.9082519013002,-35.32708041834644,0 148.9088433094317,-35.32618339115526,0 148.9095282784756,-35.32533182747158,0 148.9103015937725,-35.32453220667391,0 148.9111573689729,-35.32379061273182,0 148.9120890908646,-35.32311268795277,0 148.91308966895,-35.32250359009133,0 148.9141514893945,-35.32196795314618,0 148.915266472937,-35.3215098521412,0 148.916426136322,-35.32113277215754,0 148.9176216567884,-35.32083958185091,0 148.9188439391252,-35.32063251165422,0 148.9200836847883,-35.32051313683073,0 148.921331462553,-35.3204823655055,0 148.9225777801706,-35.32054043176587,0 148.9238131564862,-35.32068689388294,0 148.9250281934717,-35.3209206376677,0 148.9262136476311,-35.3212398849361,0 148.9273605002384,-35.32164220701952,0 148.9284600258744,-35.32212454321813,0 148.9295038587478,-35.32268322405782,0 148.9304840562942,-35.32331399917471,0 148.9313931595749,-35.32401206961638,0 148.9322242500141,-35.32477212431546,0 148.9329710020468,-35.32558838045922,0 148.9336277312732,-35.32645462744989,0 148.9341894377563,-35.32736427412221,0 148.93465184413,-35.32831039886078,0 148.9350114282263,-35.3292858022368,0 148.9352654499717,-35.33028306176506,0 148.9354119723444,-35.33129458836549,0 148.9354498762307,-35.33231268410034,0 148.9353788690636,-35.33332960074821,0 148.9351994871731,-35.33433759876962,0 148.934913091829,-35.33532900621529,0 148.9345218590002,-35.33629627712867,0 148.9340287629057,-35.33723204899804,0 148.9334375534797,-35.3381291988198,0 148.9327527279178,-35.33898089734576,0 148.93197949652,-35.33978066110034,0 148.9311237430866,-35.34052240177024,0 148.9301919801683,-35.3412004725898,0 148.9291912995093,-35.34180971136706,0 148.9281293180607,-35.34234547982167,0 148.927014119976,-35.34280369893391,0 148.9258541950291,-35.343180880034,0 148.9246583739287,-35.34347415139387,0 148.9234357610203,-35.34368128011783,0 148.9221956648925,-35.34380068916433,0 148.9209475274183,-35.34383146936844,0 148.9197008517763,-35.34377338637302,0 148.9184651299997,-35.34362688241548,0 148.9172497706134,-35.34339307295615,0 148.916064026909,-35.34307373817452,0 148.9149169264106,-35.34267130939831,0 148.9138172020691,-35.34218885056909,0 148.9127732257137,-35.3416300348871,0 148.9117929442682,-35.34099911681332,0 148.9108838192206,-35.34030089964382,0 148.910052769808,-35.33954069890424,0 148.909306120349,-35.33872430184468,0 148.9086495521265,-35.33785792334456,0 148.9080880601858,-35.33694815856498,0 148.907625915374,-35.33600193270998,0 148.9072666319117,-35.33502644828073,0 
						</coordinates>
					</LinearRing>
				</outerBoundaryIs>
			</Polygon>
		</Placemark>
		<Placemark id="472">
			<name>Pierces Creek NFZ</name>
			<styleUrl>#475</styleUrl>
			<Polygon id="471">
				<extrude>1</extrude>
				<altitudeMode>absolute</altitudeMode>
				<outerBoundaryIs>
					<LinearRing id="473">
						<coordinates>
							148.9072666319117,-35.33502644828073,1188.72 148.9070129407378,-35.33402913022519,1188.72 148.9068667688298,-35.33301756940175,1188.72 148.9068292246529,-35.33199946478804,1188.72 148.9069005898444,-35.3309825648752,1188.72 148.9070803171959,-35.32997460869424,1188.72 148.9073670349409,-35.32898326692318,1188.72 148.9077585573146,-35.328016083523,1188.72 148.9082519013002,-35.32708041834644,1188.72 148.9088433094317,-35.32618339115526,1188.72 148.9095282784756,-35.32533182747158,1188.72 148.9103015937725,-35.32453220667391,1188.72 148.9111573689729,-35.32379061273182,1188.72 148.9120890908646,-35.32311268795277,1188.72 148.91308966895,-35.32250359009133,1188.72 148.9141514893945,-35.32196795314618,1188.72 148.915266472937,-35.3215098521412,1188.72 148.916426136322,-35.32113277215754,1188.72 148.9176216567884,-35.32083958185091,1188.72 148.9188439391252,-35.32063251165422,1188.72 148.9200836847883,-35.32051313683073,1188.72 148.921331462553,-35.3204823655055,1188.72 148.9225777801706,-35.32054043176587,1188.72 148.9238131564862,-35.32068689388294,1188.72 148.9250281934717,-35.3209206376677,1188.72 148.9262136476311,-35.3212398849361,1188.72 148.9273605002384,-35.32164220701952,1188.72 148.9284600258744,-35.32212454321813,1188.72 148.9295038587478,-35.32268322405782,1188.72 148.9304840562942,-35.32331399917471,1188.72 148.9313931595749,-35.32401206961638,1188.72 148.9322242500141,-35.32477212431546,1188.72 148.9329710020468,-35.32558838045922,1188.72 148.9336277312732,-35.32645462744989,1188.72 148.9341894377563,-35.32736427412221,1188.72 148.93465184413,-35.32831039886078,1188.72 148.9350114282263,-35.3292858022368,1188.72 148.9352654499717,-35.33028306176506,1188.72 148.9354119723444,-35.33129458836549,1188.72 148.9354498762307,-35.33231268410034,1188.72 148.9353788690636,-35.33332960074821,1188.72 148.9351994871731,-35.33433759876962,1188.72 148.934913091829,-35.33532900621529,1188.72 148.9345218590002,-35.33629627712867,1188.72 148.9340287629057,-35.33723204899804,1188.72 148.9334375534797,-35.3381291988198,1188.72 148.9327527279178,-35.33898089734576,1188.72 148.93197949652,-35.33978066110034,1188.72 148.9311237430866,-35.34052240177024,1188.72 148.9301919801683,-35.3412004725898,1188.72 148.9291912995093,-35.34180971136706,1188.72 148.9281293180607,-35.34234547982167,1188.72 148.927014119976,-35.34280369893391,1188.72 148.9258541950291,-35.343180880034,1188.72 148.9246583739287,-35.34347415139387,1188.72 148.9234357610203,-35.34368128011783,1188.72 148.9221956648925,-35.34380068916433,1188.72 148.9209475274183,-35.34383146936844,1188.72 148.9197008517763,-35.34377338637302,1188.72 148.9184651299997,-35.34362688241548,1188.72 148.9172497706134,-35.34339307295615,1188.72 148.916064026909,-35.34307373817452,1188.72 148.9149169264106,-35.34267130939831,1188.72 148.9138172020691,-35.34218885056909,1188.72 148.9127732257137,-35.3416300348871,1188.72 148.9117929442682,-35.34099911681332,1188.72 148.9108838192206,-35.34030089964382,1188.72 148.910052769808,-35.33954069890424,1188.72 148.909306120349,-35.33872430184468,1188.72 148.9086495521265,-35.33785792334456,1188.72 148.9080880601858,-35.33694815856498,1188.72 148.907625915374,-35.33600193270998,1188.72 148.9072666319117,-35.33502644828073,1188.72 
						</coordinates>
					</LinearRing>
				</outerBoundaryIs>
			</Polygon>
		</Placemark>
		<Placemark id="479">
			<name>Pierces Creek NFZ_nfz_0</name>
			<styleUrl>#482</styleUrl>
			<Polygon id="478">
				<outerBoundaryIs>
					<LinearRing id="480">
						<coordinates>
							148.9218241427193,-35.33219581035618,0 148.921817245767,-35.3321063777673,0 148.9217966636794,-35.33201835558378,0 148.9217627210481,-35.33193313196802,0 148.9217159531688,-35.33185205094736,0 148.9216570975989,-35.33177639121794,0 148.9215870825258,-35.33170734597886,0 148.9215070121292,-35.33164600411482,0 148.9214181491669,-35.33159333302363,0 148.9213218950609,-35.33155016335989,0 148.9212197677961,-35.33151717593497,0 148.9211133779804,-35.33149489098027,0 148.9210044034448,-35.33148365994283,0 148.9208945627827,-35.33148365994283,0 148.920785588247,-35.33149489098027,0 148.9206791984313,-35.33151717593497,0 148.9205770711665,-35.33155016335989,0 148.9204808170606,-35.33159333302363,0 148.9203919540983,-35.33164600411482,0 148.9203118837016,-35.33170734597886,0 148.9202418686285,-35.33177639121794,0 148.9201830130586,-35.33185205094736,0 148.9201362451793,-35.33193313196802,0 148.9201023025481,-35.33201835558378,0 148.9200817204604,-35.3321063777673,0 148.9200748235082,-35.33219581035618,0 148.9200817204604,-35.33228524294505,0 148.9201023025481,-35.33237326512857,0 148.9201362451793,-35.33245848874433,0 148.9201830130586,-35.33253956976498,0 148.9202418686285,-35.33261522949441,0 148.9203118837016,-35.33268427473348,0 148.9203919540983,-35.33274561659753,0 148.9204808170606,-35.33279828768871,0 148.9205770711665,-35.33284145735246,0 148.9206791984313,-35.33287444477738,0 148.920785588247,-35.33289672973208,0 148.9208945627827,-35.33290796076952,0 148.9210044034448,-35.33290796076952,0 148.9211133779804,-35.33289672973208,0 148.9212197677961,-35.33287444477738,0 148.9213218950609,-35.33284145735246,0 148.9214181491669,-35.33279828768871,0 148.9215070121292,-35.33274561659753,0 148.9215870825258,-35.33268427473348,0 148.9216570975989,-35.33261522949441,0 148.9217159531688,-35.33253956976498,0 148.9217627210481,-35.33245848874433,0 148.9217966636794,-35.33237326512857,0 148.921817245767,-35.33228524294505,0 
						</coordinates>
					</LinearRing>
				</outerBoundaryIs>
			</Polygon>
		</Placemark>
		<Placemark id="486">
			<name>Pierces Creek NFZ_grb_0</name>
			<styleUrl>#489</styleUrl>
			<Polygon id="485">
				<outerBoundaryIs>
					<LinearRing id="487">
						<coordinates>
							148.9272209418654,-35.33219581035618,0 148.92721997599,-35.33210601919166,0 148.9272170786613,-35.33201625568485,0 148.9272122507717,-35.33192654748493,0 148.9272054938083,-35.33183692222404,0 148.9271968098525,-35.33174740750881,0 148.9271862015791,-35.33165803091176,0 148.9271736722556,-35.33156881996292,0 148.9271592257414,-35.33147980214127,0 148.9271428664863,-35.33139100486632,0 148.9271245995294,-35.33130245548961,0 148.9271044304973,-35.33121418128637,0 148.9270823656026,-35.33112620944703,0 148.9270584116416,-35.3310385670689,0 148.9270325759927,-35.33095128114783,0 148.927004866614,-35.33086437856983,0 148.9269752920405,-35.33077788610287,0 148.9269438613819,-35.33069183038858,0 148.9269105843195,-35.33060623793406,0 148.9268754711034,-35.33052113510372,0 148.9268385325492,-35.33043654811114,0 148.926799780035,-35.33035250301104,0 148.9267592254972,-35.33026902569119,0 148.9267168814278,-35.33018614186452,0 148.9266727608695,-35.33010387706107,0 148.9266268774124,-35.3300222566203,0 148.9265792451899,-35.32994130568313,0 148.9265298788735,-35.32986104918427,0 148.9264787936693,-35.32978151184454,0 148.9264260053127,-35.32970271816323,0 148.9263715300637,-35.32962469241058,0 148.9263153847018,-35.32954745862028,0 148.9262575865212,-35.32947104058209,0 148.9261981533249,-35.32939546183446,0 148.9261371034198,-35.32932074565738,0 148.9260744556106,-35.32924691506511,0 148.9260102291941,-35.32917399279913,0 148.9259444439537,-35.32910200132115,0 148.9258771201526,-35.32903096280617,0 148.9258082785281,-35.32896089913566,0 148.925737940285,-35.3288918318908,0 148.925666127089,-35.32882378234587,0 148.9255928610602,-35.32875677146167,0 148.9255181647662,-35.32869081987905,0 148.9254420612152,-35.32862594791259,0 148.9253645738487,-35.32856217554433,0 148.9252857265347,-35.32849952241759,0 148.9252055435598,-35.32843800783094,0 148.9251240496223,-35.32837765073228,0 148.925041269824,-35.32831846971294,0 148.9249572296632,-35.32826048300202,0 148.9248719550259,-35.32820370846073,0 148.9247854721788,-35.32814816357691,0 148.9246978077605,-35.32809386545965,0 148.9246089887736,-35.32804083083397,0 148.9245190425763,-35.32798907603576,0 148.9244279968743,-35.32793861700664,0 148.9243358797114,-35.32788946928916,0 148.9242427194621,-35.3278416480219,0 148.9241485448215,-35.32779516793489,0 148.9240533847978,-35.32775004334506,0 148.9239572687024,-35.3277062881518,0 148.9238602261411,-35.32766391583269,0 148.9237622870052,-35.32762293943936,0 148.9236634814623,-35.32758337159347,0 148.9235638399466,-35.3275452244828,0 148.9234633931501,-35.32750850985754,0 148.9233621720125,-35.3274732390266,0 148.9232602077123,-35.32743942285421,0 148.9231575316568,-35.32740707175649,0 148.9230541754725,-35.32737619569833,0 148.9229501709954,-35.32734680419026,0 148.9228455502613,-35.32731890628551,0 148.9227403454958,-35.32729251057727,0 148.9226345891043,-35.32726762519601,0 148.922528313662,-35.327244257807,0 148.9224215519043,-35.3272224156079,0 148.9223143367163,-35.32720210532662,0 148.9222067011225,-35.32718333321919,0 148.9220986782772,-35.32716610506782,0 148.9219903014538,-35.32715042617919,0 148.9218816040349,-35.32713630138274,0 148.9217726195017,-35.32712373502923,0 148.921663381424,-35.32711273098939,0 148.9215539234495,-35.3271032926527,0 148.9214442792936,-35.32709542292638,0 148.9213344827295,-35.32708912423449,0 148.9212245675767,-35.32708439851716,0 148.9211145676917,-35.32708124723003,0 148.9210045169569,-35.32707967134376,0 148.9208944492705,-35.32707967134376,0 148.9207843985357,-35.32708124723003,0 148.9206743986508,-35.32708439851716,0 148.920564483498,-35.32708912423449,0 148.9204546869338,-35.32709542292638,0 148.920345042778,-35.3271032926527,0 148.9202355848035,-35.32711273098939,0 148.9201263467257,-35.32712373502923,0 148.9200173621925,-35.32713630138274,0 148.9199086647737,-35.32715042617919,0 148.9198002879503,-35.32716610506782,0 148.919692265105,-35.32718333321919,0 148.9195846295112,-35.32720210532662,0 148.9194774143231,-35.3272224156079,0 148.9193706525654,-35.327244257807,0 148.9192643771232,-35.32726762519601,0 148.9191586207316,-35.32729251057727,0 148.9190534159661,-35.32731890628551,0 148.918948795232,-35.32734680419026,0 148.918844790755,-35.32737619569833,0 148.9187414345707,-35.32740707175649,0 148.9186387585152,-35.32743942285421,0 148.918536794215,-35.3274732390266,0 148.9184355730773,-35.32750850985754,0 148.9183351262808,-35.3275452244828,0 148.9182354847651,-35.32758337159347,0 148.9181366792222,-35.32762293943936,0 148.9180387400864,-35.32766391583269,0 148.9179416975251,-35.3277062881518,0 148.9178455814296,-35.32775004334506,0 148.9177504214059,-35.32779516793489,0 148.9176562467654,-35.3278416480219,0 148.917563086516,-35.32788946928916,0 148.9174709693532,-35.32793861700664,0 148.9173799236511,-35.32798907603576,0 148.9172899774539,-35.32804083083397,0 148.917201158467,-35.32809386545965,0 148.9171134940486,-35.32814816357691,0 148.9170270112015,-35.32820370846073,0 148.9169417365643,-35.32826048300202,0 148.9168576964034,-35.32831846971294,0 148.9167749166052,-35.32837765073228,0 148.9166934226677,-35.32843800783094,0 148.9166132396928,-35.32849952241759,0 148.9165343923787,-35.32856217554433,0 148.9164569050123,-35.32862594791259,0 148.9163808014612,-35.32869081987905,0 148.9163061051673,-35.32875677146167,0 148.9162328391385,-35.32882378234587,0 148.9161610259425,-35.3288918318908,0 148.9160906876994,-35.32896089913566,0 148.9160218460748,-35.32903096280617,0 148.9159545222738,-35.32910200132115,0 148.9158887370333,-35.32917399279913,0 148.9158245106169,-35.32924691506511,0 148.9157618628076,-35.32932074565738,0 148.9157008129025,-35.32939546183446,0 148.9156413797062,-35.32947104058209,0 148.9155835815256,-35.32954745862028,0 148.9155274361638,-35.32962469241058,0 148.9154729609147,-35.32970271816323,0 148.9154201725581,-35.32978151184454,0 148.915369087354,-35.32986104918427,0 148.9153197210376,-35.32994130568313,0 148.915272088815,-35.3300222566203,0 148.915226205358,-35.33010387706107,0 148.9151820847997,-35.33018614186452,0 148.9151397407302,-35.33026902569119,0 148.9150991861925,-35.33035250301104,0 148.9150604336782,-35.33043654811114,0 148.9150234951241,-35.33052113510372,0 148.914988381908,-35.33060623793406,0 148.9149551048456,-35.33069183038858,0 148.914923674187,-35.33077788610287,0 148.9148940996135,-35.33086437856983,0 148.9148663902347,-35.33095128114783,0 148.9148405545859,-35.3310385670689,0 148.9148166006249,-35.33112620944703,0 148.9147945357301,-35.33121418128637,0 148.914774366698,-35.33130245548961,0 148.9147560997411,-35.33139100486632,0 148.914739740486,-35.33147980214127,0 148.9147252939719,-35.33156881996292,0 148.9147127646484,-35.33165803091176,0 148.9147021563749,-35.33174740750881,0 148.9146934724191,-35.33183692222404,0 148.9146867154558,-35.33192654748493,0 148.9146818875662,-35.33201625568485,0 148.9146789902375,-35.33210601919166,0 148.914678024362,-35.33219581035618,0 148.9146789902375,-35.3322856015207,0 148.9146818875662,-35.3323753650275,0 148.9146867154558,-35.33246507322743,0 148.9146934724191,-35.33255469848831,0 148.9147021563749,-35.33264421320354,0 148.9147127646484,-35.33273358980059,0 148.9147252939719,-35.33282280074942,0 148.914739740486,-35.33291181857107,0 148.9147560997411,-35.33300061584603,0 148.914774366698,-35.33308916522273,0 148.9147945357301,-35.33317743942598,0 148.9148166006249,-35.33326541126532,0 148.9148405545859,-35.33335305364344,0 148.9148663902347,-35.33344033956452,0 148.9148940996135,-35.33352724214252,0 148.914923674187,-35.33361373460947,0 148.9149551048456,-35.33369979032377,0 148.914988381908,-35.33378538277829,0 148.9150234951241,-35.33387048560863,0 148.9150604336782,-35.33395507260121,0 148.9150991861925,-35.33403911770131,0 148.9151397407302,-35.33412259502115,0 148.9151820847997,-35.33420547884784,0 148.915226205358,-35.33428774365127,0 148.915272088815,-35.33436936409205,0 148.9153197210376,-35.33445031502922,0 148.915369087354,-35.33453057152808,0 148.9154201725581,-35.33461010886781,0 148.9154729609147,-35.33468890254912,0 148.9155274361638,-35.33476692830177,0 148.9155835815256,-35.33484416209206,0 148.9156413797062,-35.33492058013027,0 148.9157008129025,-35.33499615887789,0 148.9157618628076,-35.33507087505497,0 148.9158245106169,-35.33514470564725,0 148.9158887370333,-35.33521762791322,0 148.9159545222738,-35.3352896193912,0 148.9160218460748,-35.33536065790618,0 148.9160906876994,-35.33543072157669,0 148.9161610259425,-35.33549978882154,0 148.9162328391385,-35.33556783836647,0 148.9163061051673,-35.33563484925068,0 148.9163808014612,-35.3357008008333,0 148.9164569050123,-35.33576567279975,0 148.9165343923787,-35.33582944516802,0 148.9166132396928,-35.33589209829476,0 148.9166934226677,-35.3359536128814,0 148.9167749166052,-35.33601396998007,0 148.9168576964034,-35.3360731509994,0 148.9169417365643,-35.33613113771033,0 148.9170270112015,-35.33618791225162,0 148.9171134940486,-35.33624345713544,0 148.917201158467,-35.3362977552527,0 148.9172899774539,-35.33635078987837,0 148.9173799236511,-35.33640254467659,0 148.9174709693532,-35.3364530037057,0 148.917563086516,-35.33650215142319,0 148.9176562467654,-35.33654997269046,0 148.9177504214059,-35.33659645277745,0 148.9178455814296,-35.33664157736728,0 148.9179416975251,-35.33668533256055,0 148.9180387400864,-35.33672770487966,0 148.9181366792222,-35.33676868127299,0 148.9182354847651,-35.33680824911888,0 148.9183351262808,-35.33684639622955,0 148.9184355730773,-35.33688311085481,0 148.918536794215,-35.33691838168575,0 148.9186387585152,-35.33695219785815,0 148.9187414345707,-35.33698454895585,0 148.918844790755,-35.33701542501401,0 148.918948795232,-35.33704481652209,0 148.9190534159661,-35.33707271442684,0 148.9191586207316,-35.33709911013508,0 148.9192643771232,-35.33712399551634,0 148.9193706525654,-35.33714736290536,0 148.9194774143231,-35.33716920510444,0 148.9195846295112,-35.33718951538572,0 148.919692265105,-35.33720828749316,0 148.9198002879503,-35.33722551564453,0 148.9199086647737,-35.33724119453316,0 148.9200173621925,-35.33725531932961,0 148.9201263467257,-35.33726788568311,0 148.9202355848035,-35.33727888972296,0 148.920345042778,-35.33728832805965,0 148.9204546869338,-35.33729619778597,0 148.920564483498,-35.33730249647786,0 148.9206743986508,-35.33730722219519,0 148.9207843985357,-35.33731037348232,0 148.9208944492705,-35.33731194936859,0 148.9210045169569,-35.33731194936859,0 148.9211145676917,-35.33731037348232,0 148.9212245675767,-35.33730722219519,0 148.9213344827295,-35.33730249647786,0 148.9214442792936,-35.33729619778597,0 148.9215539234495,-35.33728832805965,0 148.921663381424,-35.33727888972296,0 148.9217726195017,-35.33726788568311,0 148.9218816040349,-35.33725531932961,0 148.9219903014538,-35.33724119453316,0 148.9220986782772,-35.33722551564453,0 148.9222067011225,-35.33720828749316,0 148.9223143367163,-35.33718951538572,0 148.9224215519043,-35.33716920510444,0 148.922528313662,-35.33714736290536,0 148.9226345891043,-35.33712399551634,0 148.9227403454958,-35.33709911013508,0 148.9228455502613,-35.33707271442684,0 148.9229501709954,-35.33704481652209,0 148.9230541754725,-35.33701542501401,0 148.9231575316568,-35.33698454895585,0 148.9232602077123,-35.33695219785815,0 148.9233621720125,-35.33691838168575,0 148.9234633931501,-35.33688311085481,0 148.9235638399466,-35.33684639622955,0 148.9236634814623,-35.33680824911888,0 148.9237622870052,-35.33676868127299,0 148.9238602261411,-35.33672770487966,0 148.9239572687024,-35.33668533256055,0 148.9240533847978,-35.33664157736728,0 148.9241485448215,-35.33659645277745,0 148.9242427194621,-35.33654997269046,0 148.9243358797114,-35.33650215142319,0 148.9244279968743,-35.3364530037057,0 148.9245190425763,-35.33640254467659,0 148.9246089887736,-35.33635078987837,0 148.9246978077605,-35.3362977552527,0 148.9247854721788,-35.33624345713544,0 148.9248719550259,-35.33618791225162,0 148.9249572296632,-35.33613113771033,0 148.925041269824,-35.3360731509994,0 148.9251240496223,-35.33601396998007,0 148.9252055435598,-35.3359536128814,0 148.9252857265347,-35.33589209829476,0 148.9253645738487,-35.33582944516802,0 148.9254420612152,-35.33576567279975,0 148.9255181647662,-35.3357008008333,0 148.9255928610602,-35.33563484925068,0 148.925666127089,-35.33556783836647,0 148.925737940285,-35.33549978882154,0 148.9258082785281,-35.33543072157669,0 148.9258771201526,-35.33536065790618,0 148.9259444439537,-35.3352896193912,0 148.9260102291941,-35.33521762791322,0 148.9260744556106,-35.33514470564725,0 148.9261371034198,-35.33507087505497,0 148.9261981533249,-35.33499615887789,0 148.9262575865212,-35.33492058013027,0 148.9263153847018,-35.33484416209206,0 148.9263715300637,-35.33476692830177,0 148.9264260053127,-35.33468890254912,0 148.9264787936693,-35.33461010886781,0 148.9265298788735,-35.33453057152808,0 148.9265792451899,-35.33445031502922,0 148.9266268774124,-35.33436936409205,0 148.9266727608695,-35.33428774365127,0 148.9267168814278,-35.33420547884784,0 148.9267592254972,-35.33412259502115,0 148.926799780035,-35.33403911770131,0 148.9268385325492,-35.33395507260121,0 148.9268754711034,-35.33387048560863,0 148.9269105843195,-35.33378538277829,0 148.9269438613819,-35.33369979032377,0 148.9269752920405,-35.33361373460947,0 148.927004866614,-35.33352724214252,0 148.9270325759927,-35.33344033956452,0 148.9270584116416,-35.33335305364344,0 148.9270823656026,-35.33326541126532,0 148.9271044304973,-35.33317743942598,0 148.9271245995294,-35.33308916522273,0 148.9271428664863,-35.33300061584603,0 148.9271592257414,-35.33291181857107,0 148.9271736722556,-35.33282280074942,0 148.9271862015791,-35.33273358980059,0 148.9271968098525,-35.33264421320354,0 148.9272054938083,-35.33255469848831,0 148.9272122507717,-35.33246507322743,0 148.9272170786613,-35.3323753650275,0 148.92721997599,-35.3322856015207,0 
						</coordinates>
					</LinearRing>
				</outerBoundaryIs>
			</Polygon>
		</Placemark>
		<Placemark id="493">
			<name>Pierces Creek NFZ_dv_0</name>
			<styleUrl>#496</styleUrl>
			<Polygon id="492">
				<outerBoundaryIs>
					<LinearRing id="494">
						<coordinates>
							148.93583039513,-35.33219581035618,0 148.9358299876166,-35.33210596652751,0 148.9358287650986,-35.33201612761958,0 148.935826727643,-35.33192629855287,0 148.9358238753615,-35.33183648424731,0 148.9358202084102,-35.33174668962202,0 148.9358157269899,-35.33165691959506,0 148.9358104313462,-35.33156717908312,0 148.935804321769,-35.33147747300129,0 148.9357973985929,-35.33138780626275,0 148.9357896621972,-35.33129818377856,0 148.9357811130056,-35.33120861045735,0 148.9357717514864,-35.33111909120502,0 148.9357615781522,-35.33102963092455,0 148.9357505935602,-35.33094023451568,0 148.935738798312,-35.33085090687464,0 148.9357261930538,-35.33076165289388,0 148.9357127784758,-35.33067247746188,0 148.9356985553129,-35.33058338546275,0 148.9356835243439,-35.33049438177606,0 148.9356676863922,-35.33040547127652,0 148.9356510423252,-35.33031665883378,0 148.9356335930545,-35.33022794931208,0 148.9356153395357,-35.33013934757003,0 148.9355962827686,-35.33005085846036,0 148.935576423797,-35.32996248682961,0 148.9355557637086,-35.32987423751788,0 148.9355343036348,-35.32978611535859,0 148.9355120447511,-35.32969812517818,0 148.9354889882766,-35.32961027179587,0 148.9354651354741,-35.32952256002339,0 148.9354404876499,-35.32943499466471,0 148.935415046154,-35.32934758051577,0 148.93538881238,-35.32926032236426,0 148.9353617877646,-35.32917322498928,0 148.9353339737879,-35.32908629316116,0 148.9353053719733,-35.32899953164116,0 148.9352759838874,-35.32891294518119,0 148.9352458111397,-35.32882653852361,0 148.9352148553827,-35.32874031640088,0 148.935183118312,-35.32865428353539,0 148.9351506016657,-35.32856844463916,0 148.9351173072248,-35.32848280441359,0 148.9350832368129,-35.32839736754918,0 148.9350483922959,-35.32831213872531,0 148.9350127755823,-35.32822712260995,0 148.9349763886228,-35.32814232385944,0 148.9349392334104,-35.32805774711819,0 148.93490131198,-35.32797339701848,0 148.9348626264085,-35.32788927818015,0 148.9348231788149,-35.32780539521039,0 148.9347829713596,-35.32772175270346,0 148.9347420062448,-35.32763835524046,0 148.9347002857141,-35.32755520738907,0 148.9346578120526,-35.32747231370329,0 148.9346145875865,-35.3273896787232,0 148.9345706146833,-35.32730730697472,0 148.9345258957514,-35.32722520296934,0 148.93448043324,-35.3271433712039,0 148.934434229639,-35.32706181616032,0 148.9343872874792,-35.32698054230536,0 148.9343396093313,-35.3268995540904,0 148.934291197807,-35.32681885595114,0 148.9342420555575,-35.32673845230742,0 148.9341921852744,-35.32665834756296,0 148.9341415896891,-35.32657854610508,0 148.9340902715728,-35.3264990523045,0 148.9340382337361,-35.32641987051509,0 148.9339854790292,-35.32634100507364,0 148.9339320103413,-35.3262624602996,0 148.9338778306011,-35.32618424049488,0 148.9338229427758,-35.32610634994356,0 148.9337673498717,-35.3260287929117,0 148.9337110549337,-35.3259515736471,0 148.933654061045,-35.32587469637906,0 148.9335963713271,-35.32579816531814,0 148.9335379889397,-35.32572198465594,0 148.9334789170805,-35.32564615856487,0 148.9334191589848,-35.32557069119794,0 148.9333587179254,-35.32549558668847,0 148.9332975972129,-35.32542084914994,0 148.9332358001947,-35.32534648267572,0 148.9331733302555,-35.32527249133886,0 148.9331101908168,-35.32519887919187,0 148.9330463853367,-35.32512565026646,0 148.9329819173097,-35.32505280857341,0 148.932916790267,-35.32498035810223,0 148.9328510077754,-35.32490830282104,0 148.9327845734378,-35.32483664667629,0 148.9327174908928,-35.3247653935926,0 148.9326497638147,-35.32469454747249,0 148.9325813959126,-35.3246241121962,0 148.9325123909313,-35.32455409162148,0 148.93244275265,-35.32448448958333,0 148.9323724848829,-35.32441530989386,0 148.9323015914786,-35.32434655634204,0 148.9322300763197,-35.32427823269351,0 148.9321579433233,-35.32421034269034,0 148.9320851964401,-35.32414289005086,0 148.9320118396543,-35.32407587846945,0 148.9319378769838,-35.32400931161634,0 148.9318633124795,-35.32394319313738,0 148.9317881502252,-35.32387752665389,0 148.9317123943377,-35.32381231576241,0 148.931636048966,-35.32374756403454,0 148.9315591182915,-35.32368327501673,0 148.9314816065279,-35.32361945223009,0 148.9314035179203,-35.32355609917018,0 148.9313248567458,-35.32349321930686,0 148.9312456273124,-35.32343081608406,0 148.9311658339598,-35.32336889291957,0 148.9310854810581,-35.32330745320495,0 148.9310045730083,-35.32324650030524,0 148.9309231142416,-35.32318603755882,0 148.9308411092196,-35.32312606827725,0 148.9307585624338,-35.32306659574503,0 148.9306754784051,-35.32300762321946,0 148.9305918616841,-35.32294915393049,0 148.9305077168505,-35.32289119108045,0 148.9304230485128,-35.32283373784399,0 148.9303378613084,-35.32277679736781,0 148.930252159903,-35.32272037277053,0 148.9301659489904,-35.32266446714252,0 148.9300792332924,-35.32260908354575,0 148.9299920175584,-35.32255422501355,0 148.9299043065652,-35.32249989455055,0 148.9298161051167,-35.3224460951324,0 148.9297274180437,-35.32239282970571,0 148.9296382502037,-35.32234010118781,0 148.9295486064803,-35.32228791246663,0 148.9294584917833,-35.32223626640059,0 148.9293679110483,-35.32218516581829,0 148.9292768692364,-35.32213461351854,0 148.9291853713339,-35.32208461227006,0 148.9290934223523,-35.32203516481145,0 148.9290010273274,-35.32198627385091,0 148.9289081913198,-35.32193794206622,0 148.9288149194142,-35.3218901721045,0 148.9287212167189,-35.32184296658211,0 148.9286270883662,-35.3217963280845,0 148.9285325395114,-35.32175025916604,0 148.928437575333,-35.32170476234995,0 148.9283422010321,-35.32165984012806,0 148.9282464218323,-35.32161549496078,0 148.9281502429796,-35.32157172927688,0 148.9280536697416,-35.32152854547342,0 148.9279567074076,-35.32148594591555,0 148.9278593612883,-35.32144393293648,0 148.9277616367152,-35.32140250883722,0 148.9276635390408,-35.32136167588659,0 148.9275650736379,-35.321321436321,0 148.9274662458994,-35.32128179234437,0 148.9273670612381,-35.32124274612801,0 148.9272675250864,-35.32120429981047,0 148.9271676428958,-35.32116645549745,0 148.9270674201368,-35.32112921526169,0 148.9269668622987,-35.32109258114283,0 148.9268659748891,-35.32105655514732,0 148.9267647634335,-35.3210211392483,0 148.9266632334752,-35.32098633538551,0 148.9265613905751,-35.32095214546514,0 148.9264592403111,-35.32091857135977,0 148.9263567882779,-35.32088561490826,0 148.9262540400869,-35.32085327791563,0 148.9261510013655,-35.32082156215299,0 148.9260476777572,-35.32079046935738,0 148.9259440749211,-35.32076000123177,0 148.9258401985313,-35.32073015944491,0 148.9257360542774,-35.32070094563121,0 148.9256316478631,-35.32067236139072,0 148.9255269850069,-35.320644408289,0 148.9254220714411,-35.32061708785704,0 148.9253169129119,-35.32059040159116,0 148.9252115151788,-35.320564350953,0 148.9251058840143,-35.32053893736931,0 148.925000025204,-35.32051416223204,0 148.9248939445456,-35.32049002689809,0 148.9247876478493,-35.32046653268935,0 148.9246811409369,-35.32044368089261,0 148.9245744296417,-35.32042147275946,0 148.9244675198084,-35.32039990950622,0 148.9243604172924,-35.32037899231394,0 148.9242531279597,-35.32035872232824,0 148.9241456576865,-35.32033910065929,0 148.924038012359,-35.32032012838179,0 148.9239301978729,-35.32030180653484,0 148.9238222201331,-35.32028413612193,0 148.9237140850537,-35.32026711811086,0 148.9236057985572,-35.32025075343373,0 148.9234973665744,-35.32023504298679,0 148.9233887950441,-35.32021998763054,0 148.9232800899129,-35.32020558818955,0 148.9231712571344,-35.32019184545246,0 148.9230623026695,-35.32017876017199,0 148.9229532324854,-35.32016633306479,0 148.9228440525562,-35.32015456481151,0 148.9227347688615,-35.32014345605669,0 148.9226253873867,-35.32013300740876,0 148.9225159141228,-35.32012321943998,0 148.9224063550655,-35.32011409268645,0 148.9222967162154,-35.32010562764804,0 148.9221870035774,-35.32009782478838,0 148.9220772231605,-35.32009068453483,0 148.9219673809773,-35.32008420727846,0 148.9218574830439,-35.32007839337402,0 148.9217475353793,-35.32007324313996,0 148.9216375440055,-35.32006875685834,0 148.9215275149466,-35.32006493477488,0 148.9214174542289,-35.32006177709891,0 148.9213073678805,-35.32005928400338,0 148.9211972619308,-35.32005745562485,0 148.9210871424102,-35.32005629206343,0 148.92097701535,-35.32005579338288,0 148.9208668867819,-35.32005595961049,0 148.9207567627376,-35.32005679073716,0 148.9206466492485,-35.32005828671738,0 148.9205365523457,-35.3200604474692,0 148.9204264780591,-35.32006327287429,0 148.9203164324174,-35.32006676277791,0 148.9202064214479,-35.32007091698888,0 148.9200964511758,-35.32007573527971,0 148.9199865276242,-35.32008121738649,0 148.9198766568137,-35.32008736300897,0 148.9197668447618,-35.32009417181055,0 148.919657097483,-35.3201016434183,0 148.9195474209881,-35.32010977742303,0 148.919437821284,-35.32011857337922,0 148.9193283043737,-35.32012803080512,0 148.9192188762551,-35.32013814918275,0 148.9191095429219,-35.32014892795792,0 148.919000310362,-35.32016036654029,0 148.9188911845583,-35.32017246430334,0 148.9187821714875,-35.32018522058452,0 148.9186732771203,-35.32019863468513,0 148.9185645074207,-35.32021270587051,0 148.9184558683462,-35.32022743336996,0 148.9183473658468,-35.32024281637686,0 148.9182390058653,-35.3202588540487,0 148.9181307943365,-35.32027554550707,0 148.9180227371872,-35.3202928898378,0 148.9179148403355,-35.32031088609094,0 148.9178071096912,-35.32032953328083,0 148.9176995511544,-35.32034883038617,0 148.9175921706163,-35.32036877635005,0 148.9174849739581,-35.32038937008003,0 148.9173779670508,-35.32041061044821,0 148.9172711557553,-35.32043249629123,0 148.9171645459217,-35.32045502641043,0 148.9170581433888,-35.32047819957182,0 148.9169519539845,-35.3205020145062,0 148.9168459835247,-35.32052646990925,0 148.9167402378133,-35.32055156444153,0 148.9166347226421,-35.32057729672862,0 148.9165294437901,-35.32060366536117,0 148.9164244070235,-35.32063066889496,0 148.9163196180951,-35.32065830585102,0 148.9162150827442,-35.32068657471566,0 148.9161108066962,-35.3207154739406,0 148.9160067956623,-35.32074500194304,0 148.9159030553391,-35.32077515710573,0 148.9157995914085,-35.32080593777707,0 148.9156964095373,-35.32083734227119,0 148.9155935153767,-35.3208693688681,0 148.9154909145621,-35.32090201581367,0 148.9153886127131,-35.32093528131985,0 148.9152866154328,-35.32096916356469,0 148.9151849283074,-35.32100366069245,0 148.9150835569065,-35.32103877081374,0 148.914982506782,-35.32107449200556,0 148.9148817834686,-35.32111082231147,0 148.9147813924828,-35.32114775974166,0 148.914681339323,-35.32118530227308,0 148.9145816294692,-35.32122344784951,0 148.9144822683824,-35.32126219438173,0 148.9143832615046,-35.32130153974759,0 148.9142846142586,-35.32134148179215,0 148.9141863320471,-35.32138201832778,0 148.914088420253,-35.3214231471343,0 148.9139908842391,-35.32146486595909,0 148.9138937293473,-35.32150717251721,0 148.9137969608988,-35.32155006449153,0 148.9137005841936,-35.32159353953285,0 148.9136046045103,-35.32163759526005,0 148.9135090271056,-35.32168222926021,0 148.9134138572143,-35.32172743908873,0 148.913319100049,-35.32177322226944,0 148.9132247607994,-35.32181957629483,0 148.9131308446324,-35.32186649862607,0 148.9130373566919,-35.32191398669324,0 148.9129443020982,-35.32196203789542,0 148.9128516859479,-35.32201064960084,0 148.9127595133136,-35.32205981914704,0 148.9126677892436,-35.32210954384102,0 148.9125765187615,-35.32215982095934,0 148.9124857068663,-35.32221064774834,0 148.9123953585318,-35.32226202142423,0 148.9123054787063,-35.32231393917328,0 148.9122160723124,-35.32236639815196,0 148.9121271442471,-35.3224193954871,0 148.9120386993809,-35.32247292827602,0 148.9119507425579,-35.32252699358674,0 148.9118632785955,-35.32258158845811,0 148.9117763122841,-35.32263670989997,0 148.9116898483868,-35.32269235489333,0 148.9116038916393,-35.32274852039049,0 148.9115184467494,-35.32280520331528,0 148.911433518397,-35.3228624005632,0 148.9113491112334,-35.32292010900154,0 148.9112652298818,-35.32297832546961,0 148.9111818789364,-35.32303704677889,0 148.9110990629621,-35.32309626971325,0 148.9110167864949,-35.32315599102901,0 148.910935054041,-35.32321620745527,0 148.910853870077,-35.32327691569395,0 148.9107732390492,-35.32333811242009,0 148.9106931653738,-35.32339979428193,0 148.9106136534365,-35.32346195790117,0 148.9105347075921,-35.3235245998731,0 148.9104563321644,-35.32358771676683,0 148.9103785314462,-35.32365130512544,0 148.9103013096984,-35.32371536146621,0 148.9102246711507,-35.32377988228077,0 148.9101486200004,-35.32384486403534,0 148.9100731604128,-35.32391030317083,0 148.9099982965211,-35.32397619610318,0 148.9099240324252,-35.32404253922342,0 148.9098503721928,-35.32410932889794,0 148.9097773198581,-35.32417656146867,0 148.9097048794223,-35.3242442332533,0 148.909633054853,-35.32431234054544,0 148.9095618500839,-35.32438087961484,0 148.9094912690149,-35.32444984670766,0 148.9094213155119,-35.32451923804653,0 148.9093519934059,-35.32458904983092,0 148.909283306494,-35.32465927823723,0 148.909215258538,-35.32472991941906,0 148.909147853265,-35.32480096950739,0 148.9090810943667,-35.3248724246108,0 148.9090149854995,-35.32494428081572,0 148.9089495302842,-35.32501653418657,0 148.9088847323057,-35.32508918076605,0 148.9088205951131,-35.3251622165753,0 148.9087571222191,-35.32523563761416,0 148.9086943171002,-35.32530943986135,0 148.9086321831961,-35.32538361927475,0 148.90857072391,-35.32545817179152,0 148.9085099426079,-35.32553309332846,0 148.9084498426189,-35.32560837978209,0 148.9083904272347,-35.325684027029,0 148.9083316997093,-35.32576003092597,0 148.9082736632594,-35.32583638731029,0 148.9082163210635,-35.32591309199991,0 148.9081596762623,-35.32599014079373,0 148.9081037319582,-35.32606752947178,0 148.9080484912154,-35.3261452537955,0 148.9079939570593,-35.3262233095079,0 148.9079401324767,-35.32630169233391,0 148.9078870204157,-35.32638039798049,0 148.9078346237851,-35.32645942213694,0 148.9077829454548,-35.32653876047511,0 148.9077319882552,-35.32661840864963,0 148.9076817549771,-35.3266983622982,0 148.9076322483719,-35.32677861704173,0 148.907583471151,-35.32685916848469,0 148.907535425986,-35.32694001221528,0 148.9074881155082,-35.32702114380569,0 148.907441542309,-35.32710255881234,0 148.907395708939,-35.32718425277616,0 148.9073506179086,-35.32726622122274,0 148.9073062716874,-35.3273484596627,0 148.9072626727043,-35.32743096359182,0 148.9072198233472,-35.32751372849139,0 148.9071777259629,-35.32759674982837,0 148.9071363828571,-35.32768002305567,0 148.9070957962941,-35.32776354361243,0 148.907055968497,-35.32784730692425,0 148.907016901647,-35.32793130840339,0 148.9069785978838,-35.3280155434491,0 148.9069410593054,-35.32810000744785,0 148.9069042879677,-35.32818469577353,0 148.9068682858847,-35.32826960378777,0 148.9068330550282,-35.32835472684015,0 148.9067985973278,-35.32844006026851,0 148.9067649146708,-35.32852559939913,0 148.906732008902,-35.32861133954703,0 148.9066998818235,-35.32869727601623,0 148.9066685351951,-35.32878340409999,0 148.9066379707335,-35.32886971908109,0 148.9066081901127,-35.32895621623205,0 148.906579194964,-35.32904289081543,0 148.9065509868752,-35.32912973808407,0 148.9065235673914,-35.32921675328134,0 148.9064969380144,-35.32930393164144,0 148.9064711002026,-35.3293912683896,0 148.9064460553711,-35.32947875874239,0 148.9064218048917,-35.32956639790797,0 148.9063983500926,-35.32965418108635,0 148.9063756922584,-35.32974210346965,0 148.90635383263,-35.32983016024236,0 148.9063327724047,-35.32991834658162,0 148.906312512736,-35.33000665765746,0 148.9062930547335,-35.33009508863309,0 148.9062743994628,-35.33018363466517,0 148.9062565479459,-35.330272290904,0 148.9062395011603,-35.33036105249391,0 148.9062232600397,-35.33044991457342,0 148.9062078254737,-35.33053887227556,0 148.9061931983076,-35.33062792072812,0 148.9061793793425,-35.33071705505393,0 148.9061663693354,-35.33080627037109,0 148.9061541689987,-35.33089556179331,0 148.9061427790006,-35.33098492443006,0 148.9061321999651,-35.33107435338699,0 148.9061224324715,-35.33116384376606,0 148.9061134770547,-35.3312533906659,0 148.9061053342054,-35.33134298918202,0 148.9060980043693,-35.33143263440711,0 148.9060914879481,-35.33152232143132,0 148.9060857852986,-35.33161204534248,0 148.9060808967331,-35.33170180122643,0 148.9060768225194,-35.33179158416723,0 148.9060735628806,-35.33188138924749,0 148.9060711179953,-35.33197121154856,0 148.9060694879974,-35.33206104615091,0 148.9060686729761,-35.33215088813429,0 148.9060686729761,-35.33224073257806,0 148.9060694879974,-35.33233057456143,0 148.9060711179953,-35.33242040916379,0 148.9060735628806,-35.33251023146487,0 148.9060768225194,-35.33260003654512,0 148.9060808967331,-35.33268981948592,0 148.9060857852986,-35.33277957536987,0 148.9060914879481,-35.33286929928103,0 148.9060980043693,-35.33295898630524,0 148.9061053342054,-35.33304863153032,0 148.9061134770547,-35.33313823004645,0 148.9061224324715,-35.33322777694628,0 148.9061321999651,-35.33331726732536,0 148.9061427790006,-35.33340669628228,0 148.9061541689987,-35.33349605891904,0 148.9061663693354,-35.33358535034125,0 148.9061793793425,-35.33367456565841,0 148.9061931983076,-35.33376369998422,0 148.9062078254737,-35.33385274843678,0 148.9062232600397,-35.33394170613893,0 148.9062395011603,-35.33403056821844,0 148.9062565479459,-35.33411932980835,0 148.9062743994628,-35.33420798604718,0 148.9062930547335,-35.33429653207926,0 148.906312512736,-35.33438496305489,0 148.9063327724047,-35.33447327413073,0 148.90635383263,-35.33456146046998,0 148.9063756922584,-35.3346495172427,0 148.9063983500926,-35.334737439626,0 148.9064218048917,-35.33482522280438,0 148.9064460553711,-35.33491286196996,0 148.9064711002026,-35.33500035232275,0 148.9064969380144,-35.33508768907091,0 148.9065235673914,-35.335174867431,0 148.9065509868752,-35.33526188262828,0 148.906579194964,-35.33534872989691,0 148.9066081901127,-35.3354354044803,0 148.9066379707335,-35.33552190163126,0 148.9066685351951,-35.33560821661235,0 148.9066998818235,-35.33569434469612,0 148.906732008902,-35.33578028116532,0 148.9067649146708,-35.33586602131322,0 148.9067985973278,-35.33595156044383,0 148.9068330550282,-35.33603689387219,0 148.9068682858847,-35.33612201692458,0 148.9069042879677,-35.33620692493882,0 148.9069410593054,-35.3362916132645,0 148.9069785978838,-35.33637607726324,0 148.907016901647,-35.33646031230896,0 148.907055968497,-35.3365443137881,0 148.9070957962941,-35.33662807709991,0 148.9071363828571,-35.33671159765667,0 148.9071777259629,-35.33679487088398,0 148.9072198233472,-35.33687789222095,0 148.9072626727043,-35.33696065712052,0 148.9073062716874,-35.33704316104965,0 148.9073506179086,-35.3371253994896,0 148.907395708939,-35.33720736793619,0 148.907441542309,-35.3372890619,0 148.9074881155082,-35.33737047690666,0 148.907535425986,-35.33745160849707,0 148.907583471151,-35.33753245222766,0 148.9076322483719,-35.33761300367062,0 148.9076817549771,-35.33769325841416,0 148.9077319882552,-35.33777321206271,0 148.9077829454548,-35.33785286023724,0 148.9078346237851,-35.33793219857541,0 148.9078870204157,-35.33801122273185,0 148.9079401324767,-35.33808992837843,0 148.9079939570593,-35.33816831120444,0 148.9080484912154,-35.33824636691686,0 148.9081037319582,-35.33832409124057,0 148.9081596762623,-35.33840147991862,0 148.9082163210635,-35.33847852871244,0 148.9082736632594,-35.33855523340205,0 148.9083316997093,-35.33863158978637,0 148.9083904272347,-35.33870759368335,0 148.9084498426189,-35.33878324093025,0 148.9085099426079,-35.33885852738389,0 148.90857072391,-35.33893344892082,0 148.9086321831961,-35.33900800143761,0 148.9086943171002,-35.33908218085099,0 148.9087571222191,-35.33915598309819,0 148.9088205951131,-35.33922940413705,0 148.9088847323057,-35.3393024399463,0 148.9089495302842,-35.33937508652578,0 148.9090149854995,-35.33944733989663,0 148.9090810943667,-35.33951919610154,0 148.909147853265,-35.33959065120496,0 148.909215258538,-35.33966170129329,0 148.909283306494,-35.33973234247512,0 148.9093519934059,-35.33980257088142,0 148.9094213155119,-35.33987238266582,0 148.9094912690149,-35.33994177400469,0 148.9095618500839,-35.3400107410975,0 148.909633054853,-35.34007928016691,0 148.9097048794223,-35.34014738745905,0 148.9097773198581,-35.34021505924368,0 148.9098503721928,-35.34028229181441,0 148.9099240324252,-35.34034908148893,0 148.9099982965211,-35.34041542460917,0 148.9100731604128,-35.34048131754151,0 148.9101486200004,-35.34054675667701,0 148.9102246711507,-35.34061173843157,0 148.9103013096984,-35.34067625924613,0 148.9103785314462,-35.34074031558691,0 148.9104563321644,-35.34080390394552,0 148.9105347075921,-35.34086702083925,0 148.9106136534365,-35.34092966281118,0 148.9106931653738,-35.34099182643041,0 148.9107732390492,-35.34105350829226,0 148.910853870077,-35.3411147050184,0 148.910935054041,-35.34117541325708,0 148.9110167864949,-35.34123562968333,0 148.9110990629621,-35.3412953509991,0 148.9111818789364,-35.34135457393345,0 148.9112652298818,-35.34141329524274,0 148.9113491112334,-35.34147151171081,0 148.911433518397,-35.34152922014915,0 148.9115184467494,-35.34158641739706,0 148.9116038916393,-35.34164310032185,0 148.9116898483868,-35.34169926581902,0 148.9117763122841,-35.34175491081237,0 148.9118632785955,-35.34181003225423,0 148.9119507425579,-35.3418646271256,0 148.9120386993809,-35.34191869243632,0 148.9121271442471,-35.34197222522525,0 148.9122160723124,-35.34202522256038,0 148.9123054787063,-35.34207768153906,0 148.9123953585318,-35.34212959928811,0 148.9124857068663,-35.34218097296401,0 148.9125765187615,-35.34223179975301,0 148.9126677892436,-35.34228207687133,0 148.9127595133136,-35.34233180156531,0 148.9128516859479,-35.34238097111151,0 148.9129443020982,-35.34242958281693,0 148.9130373566919,-35.3424776340191,0 148.9131308446324,-35.34252512208628,0 148.9132247607994,-35.34257204441752,0 148.913319100049,-35.34261839844291,0 148.9134138572143,-35.34266418162363,0 148.9135090271056,-35.34270939145213,0 148.9136046045103,-35.34275402545229,0 148.9137005841936,-35.3427980811795,0 148.9137969608988,-35.34284155622083,0 148.9138937293473,-35.34288444819514,0 148.9139908842391,-35.34292675475326,0 148.914088420253,-35.34296847357804,0 148.9141863320471,-35.34300960238456,0 148.9142846142586,-35.34305013892019,0 148.9143832615046,-35.34309008096476,0 148.9144822683824,-35.34312942633062,0 148.9145816294692,-35.34316817286283,0 148.914681339323,-35.34320631843926,0 148.9147813924828,-35.34324386097068,0 148.9148817834686,-35.34328079840088,0 148.914982506782,-35.34331712870679,0 148.9150835569065,-35.34335284989861,0 148.9151849283074,-35.3433879600199,0 148.9152866154328,-35.34342245714765,0 148.9153886127131,-35.34345633939249,0 148.9154909145621,-35.34348960489867,0 148.9155935153767,-35.34352225184425,0 148.9156964095373,-35.34355427844115,0 148.9157995914085,-35.34358568293528,0 148.9159030553391,-35.34361646360662,0 148.9160067956623,-35.34364661876931,0 148.9161108066962,-35.34367614677175,0 148.9162150827442,-35.34370504599669,0 148.9163196180951,-35.34373331486133,0 148.9164244070235,-35.34376095181739,0 148.9165294437901,-35.34378795535117,0 148.9166347226421,-35.34381432398372,0 148.9167402378133,-35.34384005627081,0 148.9168459835247,-35.3438651508031,0 148.9169519539845,-35.34388960620615,0 148.9170581433888,-35.34391342114053,0 148.9171645459217,-35.34393659430192,0 148.9172711557553,-35.34395912442111,0 148.9173779670508,-35.34398101026414,0 148.9174849739581,-35.34400225063231,0 148.9175921706163,-35.3440228443623,0 148.9176995511544,-35.34404279032618,0 148.9178071096912,-35.34406208743152,0 148.9179148403355,-35.34408073462141,0 148.9180227371872,-35.34409873087454,0 148.9181307943365,-35.34411607520528,0 148.9182390058653,-35.34413276666366,0 148.9183473658468,-35.34414880433548,0 148.9184558683462,-35.34416418734239,0 148.9185645074207,-35.34417891484184,0 148.9186732771203,-35.34419298602721,0 148.9187821714875,-35.34420640012783,0 148.9188911845583,-35.344219156409,0 148.919000310362,-35.34423125417207,0 148.9191095429219,-35.34424269275443,0 148.9192188762551,-35.3442534715296,0 148.9193283043737,-35.34426358990723,0 148.919437821284,-35.34427304733313,0 148.9195474209881,-35.34428184328932,0 148.919657097483,-35.34428997729404,0 148.9197668447618,-35.3442974489018,0 148.9198766568137,-35.34430425770338,0 148.9199865276242,-35.34431040332586,0 148.9200964511758,-35.34431588543264,0 148.9202064214479,-35.34432070372346,0 148.9203164324174,-35.34432485793445,0 148.9204264780591,-35.34432834783805,0 148.9205365523457,-35.34433117324314,0 148.9206466492485,-35.34433333399497,0 148.9207567627376,-35.34433482997519,0 148.9208668867819,-35.34433566110186,0 148.92097701535,-35.34433582732947,0 148.9210871424102,-35.34433532864891,0 148.9211972619308,-35.3443341650875,0 148.9213073678805,-35.34433233670897,0 148.9214174542289,-35.34432984361344,0 148.9215275149466,-35.34432668593747,0 148.9216375440055,-35.344322863854,0 148.9217475353793,-35.34431837757239,0 148.9218574830439,-35.34431322733833,0 148.9219673809773,-35.3443074134339,0 148.9220772231605,-35.34430093617752,0 148.9221870035774,-35.34429379592397,0 148.9222967162154,-35.34428599306431,0 148.9224063550655,-35.34427752802589,0 148.9225159141228,-35.34426840127237,0 148.9226253873867,-35.34425861330359,0 148.9227347688615,-35.34424816465565,0 148.9228440525562,-35.34423705590084,0 148.9229532324854,-35.34422528764755,0 148.9230623026695,-35.34421286054036,0 148.9231712571344,-35.34419977525988,0 148.9232800899129,-35.3441860325228,0 148.9233887950441,-35.3441716330818,0 148.9234973665744,-35.34415657772555,0 148.9236057985572,-35.34414086727863,0 148.9237140850537,-35.34412450260149,0 148.9238222201331,-35.34410748459042,0 148.9239301978729,-35.34408981417751,0 148.924038012359,-35.34407149233056,0 148.9241456576865,-35.34405252005305,0 148.9242531279597,-35.34403289838411,0 148.9243604172924,-35.3440126283984,0 148.9244675198084,-35.34399171120612,0 148.9245744296417,-35.34397014795289,0 148.9246811409369,-35.34394793981974,0 148.9247876478493,-35.343925088023,0 148.9248939445456,-35.34390159381426,0 148.925000025204,-35.34387745848031,0 148.9251058840143,-35.34385268334303,0 148.9252115151788,-35.34382726975935,0 148.9253169129119,-35.34380121912118,0 148.9254220714411,-35.34377453285531,0 148.9255269850069,-35.34374721242335,0 148.9256316478631,-35.34371925932163,0 148.9257360542774,-35.34369067508114,0 148.9258401985313,-35.34366146126744,0 148.9259440749211,-35.34363161948058,0 148.9260476777572,-35.34360115135497,0 148.9261510013655,-35.34357005855937,0 148.9262540400869,-35.34353834279671,0 148.9263567882779,-35.34350600580409,0 148.9264592403111,-35.34347304935258,0 148.9265613905751,-35.34343947524722,0 148.9266632334752,-35.34340528532684,0 148.9267647634335,-35.34337048146404,0 148.9268659748891,-35.34333506556503,0 148.9269668622987,-35.34329903956952,0 148.9270674201368,-35.34326240545065,0 148.9271676428958,-35.3432251652149,0 148.9272675250864,-35.34318732090188,0 148.9273670612381,-35.34314887458434,0 148.9274662458994,-35.34310982836797,0 148.9275650736379,-35.34307018439134,0 148.9276635390408,-35.34302994482576,0 148.9277616367152,-35.34298911187513,0 148.9278593612883,-35.34294768777588,0 148.9279567074076,-35.3429056747968,0 148.9280536697416,-35.34286307523893,0 148.9281502429796,-35.34281989143546,0 148.9282464218323,-35.34277612575157,0 148.9283422010321,-35.34273178058429,0 148.928437575333,-35.34268685836241,0 148.9285325395114,-35.34264136154631,0 148.9286270883662,-35.34259529262786,0 148.9287212167189,-35.34254865413023,0 148.9288149194142,-35.34250144860785,0 148.9289081913198,-35.34245367864613,0 148.9290010273274,-35.34240534686143,0 148.9290934223523,-35.34235645590091,0 148.9291853713339,-35.34230700844229,0 148.9292768692364,-35.34225700719382,0 148.9293679110483,-35.34220645489406,0 148.9294584917833,-35.34215535431176,0 148.9295486064803,-35.34210370824571,0 148.9296382502037,-35.34205151952455,0 148.9297274180437,-35.34199879100665,0 148.9298161051167,-35.34194552557994,0 148.9299043065652,-35.3418917261618,0 148.9299920175584,-35.34183739569879,0 148.9300792332924,-35.34178253716659,0 148.9301659489904,-35.34172715356983,0 148.930252159903,-35.34167124794182,0 148.9303378613084,-35.34161482334454,0 148.9304230485128,-35.34155788286836,0 148.9305077168505,-35.34150042963189,0 148.9305918616841,-35.34144246678186,0 148.9306754784051,-35.34138399749289,0 148.9307585624338,-35.34132502496733,0 148.9308411092196,-35.3412655524351,0 148.9309231142416,-35.34120558315352,0 148.9310045730083,-35.34114512040711,0 148.9310854810581,-35.3410841675074,0 148.9311658339598,-35.34102272779278,0 148.9312456273124,-35.3409608046283,0 148.9313248567458,-35.34089840140548,0 148.9314035179203,-35.34083552154216,0 148.9314816065279,-35.34077216848226,0 148.9315591182915,-35.34070834569562,0 148.931636048966,-35.34064405667781,0 148.9317123943377,-35.34057930494994,0 148.9317881502252,-35.34051409405846,0 148.9318633124795,-35.34044842757497,0 148.9319378769838,-35.34038230909601,0 148.9320118396543,-35.3403157422429,0 148.9320851964401,-35.34024873066149,0 148.9321579433233,-35.34018127802201,0 148.9322300763197,-35.34011338801884,0 148.9323015914786,-35.3400450643703,0 148.9323724848829,-35.33997631081849,0 148.93244275265,-35.33990713112902,0 148.9325123909313,-35.33983752909087,0 148.9325813959126,-35.33976750851615,0 148.9326497638147,-35.33969707323985,0 148.9327174908928,-35.33962622711974,0 148.9327845734378,-35.33955497403606,0 148.9328510077754,-35.33948331789131,0 148.932916790267,-35.33941126261012,0 148.9329819173097,-35.33933881213894,0 148.9330463853367,-35.33926597044588,0 148.9331101908168,-35.33919274152048,0 148.9331733302555,-35.33911912937348,0 148.9332358001947,-35.33904513803662,0 148.9332975972129,-35.33897077156241,0 148.9333587179254,-35.33889603402388,0 148.9334191589848,-35.33882092951441,0 148.9334789170805,-35.33874546214747,0 148.9335379889397,-35.3386696360564,0 148.9335963713271,-35.3385934553942,0 148.933654061045,-35.33851692433328,0 148.9337110549337,-35.33844004706524,0 148.9337673498717,-35.33836282780064,0 148.9338229427758,-35.33828527076879,0 148.9338778306011,-35.33820738021746,0 148.9339320103413,-35.33812916041274,0 148.9339854790292,-35.33805061563871,0 148.9340382337361,-35.33797175019726,0 148.9340902715728,-35.33789256840785,0 148.9341415896891,-35.33781307460727,0 148.9341921852744,-35.33773327314938,0 148.9342420555575,-35.33765316840492,0 148.934291197807,-35.33757276476121,0 148.9343396093313,-35.33749206662195,0 148.9343872874792,-35.33741107840699,0 148.934434229639,-35.33732980455203,0 148.93448043324,-35.33724824950845,0 148.9345258957514,-35.33716641774301,0 148.9345706146833,-35.33708431373763,0 148.9346145875865,-35.33700194198914,0 148.9346578120526,-35.33691930700906,0 148.9347002857141,-35.33683641332328,0 148.9347420062448,-35.33675326547188,0 148.9347829713596,-35.33666986800888,0 148.9348231788149,-35.33658622550196,0 148.9348626264085,-35.3365023425322,0 148.93490131198,-35.33641822369387,0 148.9349392334104,-35.33633387359416,0 148.9349763886228,-35.33624929685291,0 148.9350127755823,-35.3361644981024,0 148.9350483922959,-35.33607948198704,0 148.9350832368129,-35.33599425316316,0 148.9351173072248,-35.33590881629876,0 148.9351506016657,-35.33582317607318,0 148.935183118312,-35.33573733717696,0 148.9352148553827,-35.33565130431147,0 148.9352458111397,-35.33556508218874,0 148.9352759838874,-35.33547867553116,0 148.9353053719733,-35.33539208907118,0 148.9353339737879,-35.33530532755119,0 148.9353617877646,-35.33521839572307,0 148.93538881238,-35.33513129834809,0 148.935415046154,-35.33504404019657,0 148.9354404876499,-35.33495662604764,0 148.9354651354741,-35.33486906068895,0 148.9354889882766,-35.33478134891647,0 148.9355120447511,-35.33469349553417,0 148.9355343036348,-35.33460550535376,0 148.9355557637086,-35.33451738319447,0 148.935576423797,-35.33442913388274,0 148.9355962827686,-35.33434076225198,0 148.9356153395357,-35.33425227314231,0 148.9356335930545,-35.33416367140027,0 148.9356510423252,-35.33407496187857,0 148.9356676863922,-35.33398614943582,0 148.9356835243439,-35.3338972389363,0 148.9356985553129,-35.3338082352496,0 148.9357127784758,-35.33371914325047,0 148.9357261930538,-35.33362996781846,0 148.935738798312,-35.33354071383771,0 148.9357505935602,-35.33345138619667,0 148.9357615781522,-35.3333619897878,0 148.9357717514864,-35.33327252950733,0 148.9357811130056,-35.333183010255,0 148.9357896621972,-35.33309343693378,0 148.9357973985929,-35.33300381444959,0 148.935804321769,-35.33291414771107,0 148.9358104313462,-35.33282444162923,0 148.9358157269899,-35.33273470111728,0 148.9358202084102,-35.33264493109032,0 148.9358238753615,-35.33255513646504,0 148.935826727643,-35.33246532215948,0 148.9358287650986,-35.33237549309276,0 148.9358299876166,-35.33228565418484,0 
						</coordinates>
					</LinearRing>
				</outerBoundaryIs>
			</Polygon>
		</Placemark>
		<Placemark id="500">
			<name>Corin Forest NFZ_0</name>
			<styleUrl>#503</styleUrl>
			<Polygon id="499">
				<outerBoundaryIs>
					<LinearRing id="501">
						<coordinates>
							148.9122543521947,-35.52937923790372,0 148.9106448962593,-35.5287296423817,0 148.909111176753,-35.52796832087373,0 148.9076648745329,-35.52710107278023,0 148.9063170035273,-35.5261345042012,0 148.9050778268042,-35.52507597753985,0 148.9039567784016,-35.52393355534419,0 148.902962391514,-35.52271593881734,0 148.9021022335832,-35.52143240146813,0 148.9013828487839,-35.52009271840993,0 148.9008097083412,-35.51870709184922,0 148.9003871690518,-35.51728607333384,0 148.9001184403201,-35.51584048335507,0 148.9000055599551,-35.51438132891786,0 148.9000493789028,-35.51291971970805,0 148.9002495550255,-35.51146678349577,0 148.9006045559654,-35.51003358141959,0 148.9011116710637,-35.50863102379622,0 148.9017670322377,-35.50726978709596,0 148.9025656436473,-35.50596023271481,0 148.9035014199215,-35.50471232815986,0 148.9045672326451,-35.50353557124598,0 148.9057549647492,-35.50243891787809,0 148.9070555723865,-35.50143071396642,0 148.9084591538188,-35.50051863198958,0 148.9099550247909,-35.49970961268558,0 148.9115317998173,-35.49900981231141,0 148.9131774787646,-35.49842455586967,0 148.9148795380747,-35.49795829665527,0 148.9166250259356,-35.49761458242766,0 148.9184006606845,-35.49739602846365,0 148.9201929316964,-35.49730429769427,0 148.9219882020005,-35.49734008807516,0 148.9237728118479,-35.49750312728591,0 148.9255331824508,-35.49779217479817,0 148.927255919113,-35.49820503129713,0 148.9289279129709,-35.49873855538514,0 148.9305364405799,-35.49938868744152,0 148.9320692605946,-35.50015048045897,0 148.9335147068108,-35.50101813762355,0 148.9348617768679,-35.5019850563549,0 148.9361002159388,-35.50304387847422,0 148.9372205947709,-35.50418654612106,0 148.9382143814896,-35.50540436299645,0 148.9390740066115,-35.50668806046911,0 148.9397929207754,-35.50802786804487,0 148.9403656447453,-35.50941358766546,0 148.9407878113031,-35.51083467127381,0 148.9410561987039,-35.51228030105759,0 148.9411687554356,-35.51373947176235,0 148.9411246160851,-35.51520107444837,0 148.9409241081854,-35.51665398105518,0 148.9405687499796,-35.51808712912997,0 148.9400612391161,-35.51948960607467,0 148.9394054323483,-35.52085073226974,0 148.9386063163901,-35.52216014244043,0 148.9376699701406,-35.52340786464435,0 148.9366035185584,-35.52458439627679,0 148.9354150785358,-35.52568077651262,0 148.9341136971769,-35.52668865463035,0 148.9327092829513,-35.52760035369499,0 148.9312125302426,-35.52840892911182,0 148.92963483787,-35.52910822160207,0 148.9279882222021,-35.52969290419384,0 148.9262852255306,-35.53015852286785,0 148.9245388204023,-35.53050153054544,0 148.9227623106468,-35.53071931415818,0 148.9209692298556,-35.53081021459052,0 148.9191732380968,-35.5307735393427,0 148.9173880176562,-35.53060956781626,0 148.9156271686084,-35.53031954918131,0 148.913904105019,-35.52990569284265,0 148.9122543521947,-35.52937923790372,0 
						</coordinates>
					</LinearRing>
				</outerBoundaryIs>
			</Polygon>
		</Placemark>
		<Placemark id="507">
			<name>Corin Forest NFZ</name>
			<styleUrl>#510</styleUrl>
			<Polygon id="506">
				<extrude>1</extrude>
				<altitudeMode>absolute</altitudeMode>
				<outerBoundaryIs>
					<LinearRing id="508">
						<coordinates>
							148.9122543521947,-35.52937923790372,1798.32 148.9106448962593,-35.5287296423817,1798.32 148.909111176753,-35.52796832087373,1798.32 148.9076648745329,-35.52710107278023,1798.32 148.9063170035273,-35.5261345042012,1798.32 148.9050778268042,-35.52507597753985,1798.32 148.9039567784016,-35.52393355534419,1798.32 148.902962391514,-35.52271593881734,1798.32 148.9021022335832,-35.52143240146813,1798.32 148.9013828487839,-35.52009271840993,1798.32 148.9008097083412,-35.51870709184922,1798.32 148.9003871690518,-35.51728607333384,1798.32 148.9001184403201,-35.51584048335507,1798.32 148.9000055599551,-35.51438132891786,1798.32 148.9000493789028,-35.51291971970805,1798.32 148.9002495550255,-35.51146678349577,1798.32 148.9006045559654,-35.51003358141959,1798.32 148.9011116710637,-35.50863102379622,1798.32 148.9017670322377,-35.50726978709596,1798.32 148.9025656436473,-35.50596023271481,1798.32 148.9035014199215,-35.50471232815986,1798.32 148.9045672326451,-35.50353557124598,1798.32 148.9057549647492,-35.50243891787809,1798.32 148.9070555723865,-35.50143071396642,1798.32 148.9084591538188,-35.50051863198958,1798.32 148.9099550247909,-35.49970961268558,1798.32 148.9115317998173,-35.49900981231141,1798.32 148.9131774787646,-35.49842455586967,1798.32 148.9148795380747,-35.49795829665527,1798.32 148.9166250259356,-35.49761458242766,1798.32 148.9184006606845,-35.49739602846365,1798.32 148.9201929316964,-35.49730429769427,1798.32 148.9219882020005,-35.49734008807516,1798.32 148.9237728118479,-35.49750312728591,1798.32 148.9255331824508,-35.49779217479817,1798.32 148.927255919113,-35.49820503129713,1798.32 148.9289279129709,-35.49873855538514,1798.32 148.9305364405799,-35.49938868744152,1798.32 148.9320692605946,-35.50015048045897,1798.32 148.9335147068108,-35.50101813762355,1798.32 148.9348617768679,-35.5019850563549,1798.32 148.9361002159388,-35.50304387847422,1798.32 148.9372205947709,-35.50418654612106,1798.32 148.9382143814896,-35.50540436299645,1798.32 148.9390740066115,-35.50668806046911,1798.32 148.9397929207754,-35.50802786804487,1798.32 148.9403656447453,-35.50941358766546,1798.32 148.9407878113031,-35.51083467127381,1798.32 148.9410561987039,-35.51228030105759,1798.32 148.9411687554356,-35.51373947176235,1798.32 148.9411246160851,-35.51520107444837,1798.32 148.9409241081854,-35.51665398105518,1798.32 148.9405687499796,-35.51808712912997,1798.32 148.9400612391161,-35.51948960607467,1798.32 148.9394054323483,-35.52085073226974,1798.32 148.9386063163901,-35.52216014244043,1798.32 148.9376699701406,-35.52340786464435,1798.32 148.9366035185584,-35.52458439627679,1798.32 148.9354150785358,-35.52568077651262,1798.32 148.9341136971769,-35.52668865463035,1798.32 148.9327092829513,-35.52760035369499,1798.32 148.9312125302426,-35.52840892911182,1798.32 148.92963483787,-35.52910822160207,1798.32 148.9279882222021,-35.52969290419384,1798.32 148.9262852255306,-35.53015852286785,1798.32 148.9245388204023,-35.53050153054544,1798.32 148.9227623106468,-35.53071931415818,1798.32 148.9209692298556,-35.53081021459052,1798.32 148.9191732380968,-35.5307735393427,1798.32 148.9173880176562,-35.53060956781626,1798.32 148.9156271686084,-35.53031954918131,1798.32 148.913904105019,-35.52990569284265,1798.32 148.9122543521947,-35.52937923790372,1798.32 
						</coordinates>
					</LinearRing>
				</outerBoundaryIs>
			</Polygon>
		</Placemark>
		<Placemark id="514">
			<name>Corin Forest NFZ_nfz_0</name>
			<styleUrl>#517</styleUrl>
			<Polygon id="513">
				<outerBoundaryIs>
					<LinearRing id="515">
						<coordinates>
							148.9245486111106,-35.51426910748867,0 148.924547116004,-35.5141792420705,0 148.9245426317806,-35.51408944256211,0 148.9245351617294,-35.51399977482492,0 148.924524711329,-35.51391030462374,0 148.9245112882442,-35.51382109757845,0 148.9244949023196,-35.51373221911598,0 148.9244755655733,-35.51364373442223,0 148.9244532921874,-35.51355570839432,0 148.9244280984977,-35.51346820559297,0 148.924400002982,-35.51338129019513,0 148.9243690262464,-35.51329502594697,0 148.9243351910099,-35.51320947611703,0 148.9242985220883,-35.51312470344995,0 148.9242590463757,-35.51304077012032,0 148.9242167928245,-35.51295773768717,0 148.9241717924248,-35.51287566704875,0 148.9241240781809,-35.51279461839795,0 148.924073685088,-35.51271465117807,0 148.9240206501056,-35.51263582403929,0 148.9239650121311,-35.51255819479559,0 148.9239068119709,-35.5124818203824,0 148.9238460923106,-35.51240675681481,0 148.9237828976836,-35.51233305914653,0 148.9237172744387,-35.51226078142945,0 148.9236492707058,-35.51218997667404,0 148.9235789363606,-35.51212069681045,0 148.9235063229883,-35.51205299265045,0 148.9234314838456,-35.51198691385012,0 148.9233544738215,-35.5119225088735,0 148.9232753493974,-35.51185982495696,0 148.9231941686052,-35.51179890807462,0 148.9231109909851,-35.51173980290459,0 148.923025877542,-35.51168255279622,0 148.9229388907004,-35.51162719973834,0 148.9228500942588,-35.5115737843284,0 148.922759553343,-35.51152234574273,0 148.9226673343583,-35.5114729217078,0 148.9225735049404,-35.51142554847257,0 148.9224781339065,-35.51138026078187,0 148.9223812912044,-35.51133709185095,0 148.9222830478612,-35.51129607334107,0 148.9221834759312,-35.51125723533637,0 148.9220826484432,-35.51122060632169,0 148.921980639347,-35.51118621316176,0 148.9218775234587,-35.51115408108146,0 148.9217733764064,-35.51112423364737,0 148.9216682745744,-35.51109669275041,0 148.9215622950474,-35.51107147858983,0 148.9214555155535,-35.51104860965839,0 148.921348014408,-35.51102810272879,0 148.9212398704549,-35.51100997284138,0 148.9211311630101,-35.51099423329313,0 148.9210219718026,-35.51098089562783,0 148.9209123769164,-35.51096996962772,0 148.9208024587312,-35.51096146330623,0 148.920692297864,-35.51095538290211,0 148.9205819751101,-35.51095173287491,0 148.9204715713829,-35.51095051590165,0 148.9203611676558,-35.51095173287491,0 148.9202508449018,-35.51095538290211,0 148.9201406840347,-35.51096146330623,0 148.9200307658495,-35.51096996962772,0 148.9199211709632,-35.51098089562783,0 148.9198119797558,-35.51099423329313,0 148.919703272311,-35.51100997284138,0 148.9195951283579,-35.51102810272879,0 148.9194876272123,-35.51104860965839,0 148.9193808477185,-35.51107147858983,0 148.9192748681914,-35.51109669275041,0 148.9191697663595,-35.51112423364737,0 148.9190656193072,-35.51115408108146,0 148.9189625034189,-35.51118621316176,0 148.9188604943226,-35.51122060632169,0 148.9187596668347,-35.51125723533637,0 148.9186600949047,-35.51129607334107,0 148.9185618515614,-35.51133709185095,0 148.9184650088594,-35.51138026078187,0 148.9183696378255,-35.51142554847257,0 148.9182758084076,-35.5114729217078,0 148.9181835894228,-35.51152234574273,0 148.918093048507,-35.5115737843284,0 148.9180042520654,-35.51162719973834,0 148.9179172652238,-35.51168255279622,0 148.9178321517807,-35.51173980290459,0 148.9177489741607,-35.51179890807462,0 148.9176677933685,-35.51185982495696,0 148.9175886689444,-35.5119225088735,0 148.9175116589203,-35.51198691385012,0 148.9174368197775,-35.51205299265045,0 148.9173642064053,-35.51212069681045,0 148.9172938720601,-35.51218997667404,0 148.9172258683271,-35.51226078142945,0 148.9171602450823,-35.51233305914653,0 148.9170970504553,-35.51240675681481,0 148.917036330795,-35.5124818203824,0 148.9169781306348,-35.51255819479559,0 148.9169224926603,-35.51263582403929,0 148.9168694576779,-35.51271465117807,0 148.916819064585,-35.51279461839795,0 148.9167713503411,-35.51287566704875,0 148.9167263499413,-35.51295773768717,0 148.9166840963902,-35.51304077012032,0 148.9166446206775,-35.51312470344995,0 148.916607951756,-35.51320947611703,0 148.9165741165195,-35.51329502594697,0 148.9165431397839,-35.51338129019513,0 148.9165150442682,-35.51346820559297,0 148.9164898505785,-35.51355570839432,0 148.9164675771925,-35.51364373442223,0 148.9164482404462,-35.51373221911598,0 148.9164318545217,-35.51382109757845,0 148.9164184314369,-35.51391030462374,0 148.9164079810365,-35.51399977482492,0 148.9164005109853,-35.51408944256211,0 148.9163960267619,-35.5141792420705,0 148.9163945316553,-35.51426910748867,0 148.9163960267619,-35.51435897290683,0 148.9164005109853,-35.51444877241523,0 148.9164079810365,-35.51453844015242,0 148.9164184314369,-35.5146279103536,0 148.9164318545217,-35.51471711739888,0 148.9164482404462,-35.51480599586135,0 148.9164675771925,-35.5148944805551,0 148.9164898505785,-35.51498250658301,0 148.9165150442682,-35.51507000938436,0 148.9165431397839,-35.5151569247822,0 148.9165741165195,-35.51524318903037,0 148.916607951756,-35.5153287388603,0 148.9166446206775,-35.51541351152738,0 148.9166840963902,-35.51549744485701,0 148.9167263499413,-35.51558047729017,0 148.9167713503411,-35.51566254792859,0 148.916819064585,-35.51574359657938,0 148.9168694576779,-35.51582356379926,0 148.9169224926603,-35.51590239093805,0 148.9169781306348,-35.51598002018174,0 148.917036330795,-35.51605639459494,0 148.9170970504553,-35.51613145816252,0 148.9171602450823,-35.5162051558308,0 148.9172258683271,-35.51627743354788,0 148.9172938720601,-35.5163482383033,0 148.9173642064053,-35.51641751816689,0 148.9174368197775,-35.51648522232689,0 148.9175116589203,-35.51655130112722,0 148.9175886689444,-35.51661570610383,0 148.9176677933685,-35.51667839002037,0 148.9177489741607,-35.51673930690271,0 148.9178321517807,-35.51679841207275,0 148.9179172652238,-35.51685566218111,0 148.9180042520654,-35.516911015239,0 148.918093048507,-35.51696443064894,0 148.9181835894228,-35.51701586923461,0 148.9182758084076,-35.51706529326953,0 148.9183696378255,-35.51711266650477,0 148.9184650088594,-35.51715795419547,0 148.9185618515614,-35.51720112312639,0 148.9186600949047,-35.51724214163626,0 148.9187596668347,-35.51728097964097,0 148.9188604943226,-35.51731760865565,0 148.9189625034189,-35.51735200181558,0 148.9190656193072,-35.51738413389587,0 148.9191697663595,-35.51741398132996,0 148.9192748681914,-35.51744152222692,0 148.9193808477185,-35.5174667363875,0 148.9194876272123,-35.51748960531895,0 148.9195951283579,-35.51751011224855,0 148.919703272311,-35.51752824213595,0 148.9198119797558,-35.51754398168421,0 148.9199211709632,-35.5175573193495,0 148.9200307658495,-35.51756824534961,0 148.9201406840347,-35.51757675167111,0 148.9202508449018,-35.51758283207522,0 148.9203611676558,-35.51758648210242,0 148.9204715713829,-35.51758769907568,0 148.9205819751101,-35.51758648210242,0 148.920692297864,-35.51758283207522,0 148.9208024587312,-35.51757675167111,0 148.9209123769164,-35.51756824534961,0 148.9210219718026,-35.5175573193495,0 148.9211311630101,-35.51754398168421,0 148.9212398704549,-35.51752824213595,0 148.921348014408,-35.51751011224855,0 148.9214555155535,-35.51748960531895,0 148.9215622950474,-35.5174667363875,0 148.9216682745744,-35.51744152222692,0 148.9217733764064,-35.51741398132996,0 148.9218775234587,-35.51738413389587,0 148.921980639347,-35.51735200181558,0 148.9220826484432,-35.51731760865565,0 148.9221834759312,-35.51728097964097,0 148.9222830478612,-35.51724214163626,0 148.9223812912044,-35.51720112312639,0 148.9224781339065,-35.51715795419547,0 148.9225735049404,-35.51711266650477,0 148.9226673343583,-35.51706529326953,0 148.922759553343,-35.51701586923461,0 148.9228500942588,-35.51696443064894,0 148.9229388907004,-35.516911015239,0 148.923025877542,-35.51685566218111,0 148.9231109909851,-35.51679841207275,0 148.9231941686052,-35.51673930690271,0 148.9232753493974,-35.51667839002037,0 148.9233544738215,-35.51661570610383,0 148.9234314838456,-35.51655130112722,0 148.9235063229883,-35.51648522232689,0 148.9235789363606,-35.51641751816689,0 148.9236492707058,-35.5163482383033,0 148.9237172744387,-35.51627743354788,0 148.9237828976836,-35.5162051558308,0 148.9238460923106,-35.51613145816252,0 148.9239068119709,-35.51605639459494,0 148.9239650121311,-35.51598002018174,0 148.9240206501056,-35.51590239093805,0 148.924073685088,-35.51582356379926,0 148.9241240781809,-35.51574359657938,0 148.9241717924248,-35.51566254792859,0 148.9242167928245,-35.51558047729017,0 148.9242590463757,-35.51549744485701,0 148.9242985220883,-35.51541351152738,0 148.9243351910099,-35.5153287388603,0 148.9243690262464,-35.51524318903037,0 148.924400002982,-35.5151569247822,0 148.9244280984977,-35.51507000938436,0 148.9244532921874,-35.51498250658301,0 148.9244755655733,-35.5148944805551,0 148.9244949023196,-35.51480599586135,0 148.9245112882442,-35.51471711739888,0 148.924524711329,-35.5146279103536,0 148.9245351617294,-35.51453844015242,0 148.9245426317806,-35.51444877241523,0 148.924547116004,-35.51435897290683,0 
						</coordinates>
					</LinearRing>
				</outerBoundaryIs>
			</Polygon>
		</Placemark>
		<Placemark id="521">
			<name>Corin Forest NFZ_grb_0</name>
			<styleUrl>#524</styleUrl>
			<Polygon id="520">
				<outerBoundaryIs>
					<LinearRing id="522">
						<coordinates>
							148.9337784559232,-35.51426910748867,0 148.9337779975578,-35.51417920654396,0 148.933776622493,-35.51408931179265,0 148.9337743308236,-35.51399942942775,0 148.9337711227075,-35.51390956564136,0 148.9337669983657,-35.51381972662433,0 148.9337619580823,-35.51372991856582,0 148.9337560022045,-35.51364014765283,0 148.9337491311428,-35.51355042006981,0 148.9337413453703,-35.51346074199822,0 148.9337326454236,-35.51337111961612,0 148.9337230319019,-35.51328155909774,0 148.9337125054675,-35.51319206661302,0 148.9337010668456,-35.51310264832724,0 148.9336887168243,-35.51301331040055,0 148.9336754562544,-35.51292405898756,0 148.9336612860493,-35.51283490023697,0 148.9336462071853,-35.51274584029102,0 148.9336302207013,-35.5126568852852,0 148.9336133276985,-35.51256804134773,0 148.9335955293406,-35.51247931459923,0 148.933576826854,-35.5123907111522,0 148.933557221527,-35.51230223711067,0 148.9335367147103,-35.51221389856973,0 148.9335153078165,-35.51212570161517,0 148.9334930023205,-35.512037652323,0 148.9334697997589,-35.51194975675908,0 148.9334457017302,-35.51186202097864,0 148.9334207098945,-35.51177445102594,0 148.9333948259736,-35.51168705293382,0 148.9333680517506,-35.51159983272323,0 148.93334038907,-35.51151279640292,0 148.9333118398376,-35.51142594996895,0 148.9332824060202,-35.5113392994043,0 148.9332520896454,-35.51125285067844,0 148.933220892802,-35.51116660974697,0 148.9331888176389,-35.51108058255113,0 148.933155866366,-35.51099477501749,0 148.9331220412533,-35.51090919305745,0 148.933087344631,-35.51082384256686,0 148.9330517788896,-35.51073872942566,0 148.9330153464791,-35.51065385949742,0 148.9329780499094,-35.51056923862893,0 148.93293989175,-35.51048487264988,0 148.9329008746295,-35.51040076737233,0 148.9328610012361,-35.51031692859046,0 148.9328202743165,-35.51023336208,0 148.9327786966766,-35.51015007359802,0 148.9327362711807,-35.51006706888234,0 148.9326930007515,-35.50998435365131,0 148.93264888837,-35.5099019336033,0 148.9326039370751,-35.50981981441632,0 148.9325581499637,-35.50973800174771,0 148.9325115301901,-35.50965650123367,0 148.932464080966,-35.50957531848887,0 148.9324158055601,-35.50949445910612,0 148.9323667072984,-35.50941392865595,0 148.9323167895632,-35.5093337326862,0 148.9322660557934,-35.50925387672171,0 148.9322145094843,-35.50917436626386,0 148.9321621541868,-35.50909520679025,0 148.9321089935077,-35.50901640375429,0 148.9320550311095,-35.50893796258483,0 148.9320002707097,-35.50885988868582,0 148.9319447160808,-35.50878218743587,0 148.93188837105,-35.50870486418793,0 148.9318312394991,-35.50862792426893,0 148.9317733253638,-35.50855137297936,0 148.9317146326341,-35.50847521559295,0 148.9316551653533,-35.5083994573563,0 148.9315949276182,-35.50832410348851,0 148.9315339235786,-35.50824915918082,0 148.9314721574374,-35.50817462959624,0 148.9314096334494,-35.50810051986925,0 148.9313463559223,-35.50802683510534,0 148.9312823292152,-35.50795358038079,0 148.9312175577391,-35.50788076074222,0 148.9311520459561,-35.50780838120629,0 148.9310857983795,-35.50773644675931,0 148.9310188195731,-35.50766496235697,0 148.9309511141513,-35.50759393292393,0 148.9308826867782,-35.50752336335351,0 148.9308135421681,-35.50745325850737,0 148.9307436850843,-35.50738362321511,0 148.9306731203395,-35.507314462274,0 148.9306018527949,-35.50724578044869,0 148.9305298873603,-35.50717758247072,0 148.9304572289935,-35.50710987303838,0 148.9303838827,-35.50704265681626,0 148.9303098535327,-35.50697593843498,0 148.9302351465917,-35.50690972249089,0 148.9301597670236,-35.50684401354567,0 148.9300837200213,-35.50677881612614,0 148.930007010824,-35.50671413472383,0 148.9299296447162,-35.50664997379473,0 148.9298516270277,-35.506586337759,0 148.9297729631334,-35.5065232310006,0 148.9296936584525,-35.50646065786707,0 148.9296137184485,-35.50639862266914,0 148.9295331486284,-35.50633712968052,0 148.9294519545429,-35.50627618313756,0 148.9293701417855,-35.50621578723895,0 148.9292877159925,-35.50615594614545,0 148.9292046828423,-35.5060966639796,0 148.9291210480552,-35.50603794482544,0 148.9290368173928,-35.50597979272823,0 148.928951996658,-35.50592221169413,0 148.9288665916943,-35.50586520568999,0 148.9287806083851,-35.50580877864305,0 148.9286940526542,-35.50575293444064,0 148.9286069304644,-35.50569767692996,0 148.9285192478177,-35.50564300991778,0 148.9284310107547,-35.50558893717018,0 148.9283422253542,-35.50553546241231,0 148.9282528977328,-35.50548258932815,0 148.9281630340442,-35.50543032156018,0 148.9280726404795,-35.5053786627092,0 148.9279817232659,-35.50532761633409,0 148.9278902886669,-35.50527718595149,0 148.9277983429815,-35.50522737503563,0 148.9277058925439,-35.50517818701806,0 148.9276129437234,-35.50512962528742,0 148.9275195029231,-35.50508169318917,0 148.9274255765805,-35.50503439402546,0 148.9273311711662,-35.50498773105478,0 148.9272362931839,-35.50494170749181,0 148.9271409491699,-35.50489632650719,0 148.9270451456927,-35.50485159122727,0 148.9269488893523,-35.50480750473395,0 148.9268521867799,-35.5047640700644,0 148.9267550446374,-35.50472129021089,0 148.9266574696173,-35.5046791681206,0 148.9265594684414,-35.50463770669539,0 148.9264610478614,-35.50459690879158,0 148.9263622146574,-35.5045567772198,0 148.9262629756384,-35.5045173147448,0 148.926163337641,-35.50447852408517,0 148.9260633075294,-35.50444040791328,0 148.9259628921949,-35.504402968855,0 148.9258620985552,-35.50436620948957,0 148.9257609335541,-35.50433013234938,0 148.9256594041611,-35.50429473991986,0 148.9255575173705,-35.50426003463924,0 148.9254552802017,-35.5042260188984,0 148.9253526996978,-35.50419269504076,0 148.9252497829258,-35.50416006536203,0 148.9251465369758,-35.50412813211013,0 148.9250429689604,-35.50409689748498,0 148.9249390860148,-35.50406636363839,0 148.9248348952955,-35.50403653267387,0 148.9247304039803,-35.50400740664652,0 148.9246256192679,-35.50397898756287,0 148.924520548377,-35.50395127738079,0 148.9244151985461,-35.50392427800922,0 148.924309577033,-35.50389799130822,0 148.9242036911139,-35.50387241908872,0 148.9240975480836,-35.50384756311242,0 148.9239911552544,-35.50382342509168,0 148.9238845199559,-35.50380000668941,0 148.9237776495344,-35.50377730951895,0 148.9236705513522,-35.50375533514391,0 148.9235632327876,-35.50373408507817,0 148.9234557012339,-35.50371356078566,0 148.9233479640991,-35.50369376368033,0 148.9232400288053,-35.50367469512605,0 148.9231319027884,-35.50365635643645,0 148.9230235934974,-35.50363874887493,0 148.9229151083938,-35.5036218736545,0 148.9228064549513,-35.50360573193772,0 148.9226976406552,-35.5035903248366,0 148.922588673002,-35.50357565341258,0 148.9224795594985,-35.50356171867638,0 148.9223703076617,-35.503548521588,0 148.9222609250182,-35.50353606305659,0 148.9221514191035,-35.50352434394044,0 148.9220417974616,-35.50351336504691,0 148.9219320676445,-35.50350312713234,0 148.9218222372117,-35.50349363090204,0 148.9217123137295,-35.50348487701021,0 148.9216023047707,-35.50347686605993,0 148.9214922179141,-35.50346959860309,0 148.9213820607435,-35.50346307514034,0 148.921271840848,-35.5034572961211,0 148.9211615658209,-35.5034522619435,0 148.9210512432589,-35.50344797295435,0 148.9209408807625,-35.5034444294491,0 148.9208304859347,-35.50344163167191,0 148.9207200663808,-35.5034395798155,0 148.9206096297076,-35.50343827402121,0 148.9204991835234,-35.50343771437903,0 148.920388735437,-35.50343790092749,0 148.9202782930573,-35.50343883365376,0 148.9201678639928,-35.50344051249356,0 148.9200574558511,-35.50344293733125,0 148.9199470762385,-35.50344610799977,0 148.9198367327591,-35.5034500242807,0 148.9197264330147,-35.50345468590422,0 148.9196161846039,-35.5034600925492,0 148.9195059951221,-35.50346624384316,0 148.9193958721602,-35.50347313936233,0 148.9192858233047,-35.50348077863169,0 148.9191758561373,-35.50348916112493,0 148.9190659782336,-35.50349828626457,0 148.9189561971632,-35.50350815342198,0 148.9188465204892,-35.50351876191738,0 148.9187369557674,-35.50353011101996,0 148.9186275105458,-35.50354219994783,0 148.9185181923643,-35.5035550278682,0 148.9184090087539,-35.50356859389731,0 148.9182999672365,-35.50358289710059,0 148.9181910753242,-35.50359793649267,0 148.9180823405186,-35.50361371103747,0 148.9179737703105,-35.50363021964824,0 148.9178653721798,-35.50364746118769,0 148.9177571535939,-35.50366543446803,0 148.9176491220082,-35.50368413825103,0 148.9175412848653,-35.50370357124818,0 148.9174336495942,-35.50372373212072,0 148.9173262236099,-35.50374461947971,0 148.9172190143132,-35.50376623188621,0 148.9171120290901,-35.50378856785131,0 148.9170052753108,-35.50381162583624,0 148.9168987603297,-35.50383540425251,0 148.9167924914848,-35.50385990146199,0 148.9166864760972,-35.50388511577702,0 148.9165807214704,-35.50391104546056,0 148.91647523489,-35.50393768872628,0 148.916370023623,-35.50396504373868,0 148.9162650949178,-35.50399310861322,0 148.9161604560029,-35.50402188141649,0 148.9160561140872,-35.50405136016629,0 148.9159520763588,-35.50408154283176,0 148.915848349985,-35.5041124273336,0 148.9157449421118,-35.5041440115441,0 148.9156418598631,-35.50417629328741,0 148.9155391103403,-35.50420927033958,0 148.9154367006221,-35.50424294042877,0 148.9153346377635,-35.50427730123539,0 148.9152329287959,-35.5043123503923,0 148.915131580726,-35.50434808548488,0 148.9150306005361,-35.5043845040513,0 148.9149299951826,-35.50442160358264,0 148.9148297715964,-35.50445938152305,0 148.9147299366822,-35.50449783526995,0 148.9146304973177,-35.50453696217421,0 148.9145314603534,-35.50457675954031,0 148.9144328326121,-35.50461722462657,0 148.9143346208884,-35.50465835464527,0 148.9142368319482,-35.50470014676292,0 148.9141394725285,-35.50474259810038,0 148.9140425493364,-35.50478570573313,0 148.9139460690492,-35.50482946669142,0 148.9138500383134,-35.50487387796048,0 148.9137544637448,-35.50491893648077,0 148.9136593519276,-35.50496463914813,0 148.9135647094143,-35.50501098281404,0 148.9134705427249,-35.50505796428582,0 148.9133768583467,-35.50510558032684,0 148.9132836627337,-35.50515382765676,0 148.9131909623064,-35.50520270295176,0 148.913098763451,-35.50525220284474,0 148.9130070725192,-35.50530232392559,0 148.9129158958277,-35.50535306274138,0 148.9128252396578,-35.50540441579665,0 148.9127351102551,-35.50545637955361,0 148.9126455138285,-35.50550895043239,0 148.9125564565506,-35.50556212481131,0 148.9124679445566,-35.50561589902712,0 148.9123799839443,-35.50567026937522,0 148.9122925807734,-35.50572523210996,0 148.9122057410652,-35.50578078344489,0 148.9121194708023,-35.50583691955298,0 148.9120337759279,-35.50589363656693,0 148.9119486623457,-35.50595093057943,0 148.9118641359192,-35.50600879764341,0 148.9117802024716,-35.50606723377232,0 148.9116968677853,-35.50612623494041,0 148.9116141376013,-35.50618579708301,0 148.911532017619,-35.50624591609677,0 148.9114505134957,-35.50630658784003,0 148.9113696308464,-35.50636780813301,0 148.9112893752431,-35.50642957275817,0 148.911209752215,-35.50649187746043,0 148.9111307672472,-35.50655471794755,0 148.9110524257812,-35.50661808989034,0 148.910974733214,-35.50668198892302,0 148.910897694898,-35.50674641064349,0 148.9108213161405,-35.50681135061365,0 148.9107456022033,-35.50687680435967,0 148.9106705583025,-35.50694276737237,0 148.9105961896079,-35.50700923510744,0 148.910522501243,-35.50707620298583,0 148.9104494982842,-35.50714366639402,0 148.9103771857607,-35.50721162068436,0 148.9103055686544,-35.50728006117537,0 148.910234651899,-35.50734898315211,0 148.9101644403801,-35.5074183818664,0 148.9100949389346,-35.5074882525373,0 148.9100261523507,-35.50755859035129,0 148.9099580853671,-35.50762939046272,0 148.909890742673,-35.50770064799404,0 148.9098241289079,-35.50777235803622,0 148.9097582486608,-35.50784451564907,0 148.9096931064703,-35.50791711586151,0 148.9096287068241,-35.50799015367203,0 148.9095650541588,-35.50806362404895,0 148.9095021528596,-35.50813752193077,0 148.9094400072599,-35.50821184222657,0 148.9093786216409,-35.50828657981631,0 148.9093180002315,-35.50836172955119,0 148.9092581472081,-35.50843728625406,0 148.909199066694,-35.5085132447197,0 148.9091407627594,-35.50858959971522,0 148.909083239421,-35.50866634598041,0 148.9090265006415,-35.50874347822811,0 148.9089705503299,-35.50882099114455,0 148.9089153923405,-35.50889887938976,0 148.9088610304734,-35.50897713759791,0 148.9088074684736,-35.50905576037767,0 148.908754710031,-35.50913474231261,0 148.9087027587802,-35.50921407796154,0 148.9086516183004,-35.50929376185891,0 148.9086012921145,-35.50937378851517,0 148.9085517836897,-35.50945415241719,0 148.9085030964367,-35.50953484802856,0 148.9084552337095,-35.50961586979005,0 148.9084081988056,-35.50969721211995,0 148.9083619949652,-35.50977886941446,0 148.9083166253714,-35.50986083604811,0 148.9082720931497,-35.50994310637407,0 148.9082284013681,-35.51002567472463,0 148.9081855530366,-35.51010853541153,0 148.9081435511069,-35.51019168272639,0 148.9081023984728,-35.51027511094104,0 148.9080620979692,-35.51035881430801,0 148.9080226523726,-35.51044278706085,0 148.9079840644004,-35.51052702341455,0 148.9079463367109,-35.51061151756594,0 148.9079094719034,-35.51069626369409,0 148.9078734725174,-35.51078125596073,0 148.907838341033,-35.5108664885106,0 148.9078040798705,-35.51095195547191,0 148.9077706913902,-35.51103765095672,0 148.9077381778922,-35.51112356906134,0 148.9077065416165,-35.51120970386673,0 148.9076757847425,-35.51129604943896,0 148.9076459093891,-35.51138259982954,0 148.9076169176146,-35.5114693490759,0 148.907588811416,-35.51155629120174,0 148.9075615927298,-35.51164342021749,0 148.9075352634312,-35.51173073012072,0 148.9075098253338,-35.5118182148965,0 148.9074852801902,-35.51190586851789,0 148.9074616296914,-35.5119936849463,0 148.9074388754667,-35.51208165813193,0 148.9074170190836,-35.51216978201417,0 148.9073960620478,-35.51225805052204,0 148.9073760058033,-35.51234645757459,0 148.9073568517315,-35.51243499708133,0 148.9073386011521,-35.51252366294263,0 148.9073212553224,-35.5126124490502,0 148.9073048154374,-35.5127013492874,0 148.9072892826296,-35.51279035752978,0 148.9072746579692,-35.51287946764543,0 148.9072609424636,-35.51296867349541,0 148.9072481370577,-35.51305796893421,0 148.9072362426336,-35.51314734781013,0 148.907225260011,-35.51323680396573,0 148.9072151899462,-35.51332633123825,0 148.9072060331331,-35.51341592346,0 148.9071977902025,-35.51350557445887,0 148.9071904617223,-35.51359527805865,0 148.9071840481973,-35.51368502807954,0 148.9071785500694,-35.51377481833852,0 148.9071739677174,-35.51386464264981,0 148.9071703014568,-35.51395449482527,0 148.9071675515404,-35.51404436867487,0 148.9071657181575,-35.51413425800705,0 148.9071648014345,-35.51422415662922,0 148.9071648014345,-35.51431405834812,0 148.9071657181575,-35.51440395697028,0 148.9071675515404,-35.51449384630246,0 148.9071703014568,-35.51458372015207,0 148.9071739677174,-35.51467357232753,0 148.9071785500694,-35.51476339663881,0 148.9071840481973,-35.5148531868978,0 148.9071904617223,-35.51494293691868,0 148.9071977902025,-35.51503264051846,0 148.9072060331331,-35.51512229151733,0 148.9072151899462,-35.51521188373909,0 148.907225260011,-35.51530141101161,0 148.9072362426336,-35.51539086716721,0 148.9072481370577,-35.51548024604313,0 148.9072609424636,-35.51556954148192,0 148.9072746579692,-35.51565874733191,0 148.9072892826296,-35.51574785744756,0 148.9073048154374,-35.51583686568993,0 148.9073212553224,-35.51592576592714,0 148.9073386011521,-35.5160145520347,0 148.9073568517315,-35.516103217896,0 148.9073760058033,-35.51619175740274,0 148.9073960620478,-35.5162801644553,0 148.9074170190836,-35.51636843296316,0 148.9074388754667,-35.51645655684541,0 148.9074616296914,-35.51654453003103,0 148.9074852801902,-35.51663234645945,0 148.9075098253338,-35.51672000008084,0 148.9075352634312,-35.51680748485662,0 148.9075615927298,-35.51689479475985,0 148.907588811416,-35.5169819237756,0 148.9076169176146,-35.51706886590144,0 148.9076459093891,-35.51715561514779,0 148.9076757847425,-35.51724216553838,0 148.9077065416165,-35.5173285111106,0 148.9077381778922,-35.517414645916,0 148.9077706913902,-35.51750056402062,0 148.9078040798705,-35.51758625950542,0 148.907838341033,-35.51767172646674,0 148.9078734725174,-35.5177569590166,0 148.9079094719034,-35.51784195128324,0 148.9079463367109,-35.51792669741139,0 148.9079840644004,-35.51801119156278,0 148.9080226523726,-35.51809542791648,0 148.9080620979692,-35.51817940066932,0 148.9081023984728,-35.51826310403629,0 148.9081435511069,-35.51834653225095,0 148.9081855530366,-35.5184296795658,0 148.9082284013681,-35.51851254025271,0 148.9082720931497,-35.51859510860326,0 148.9083166253714,-35.51867737892923,0 148.9083619949652,-35.51875934556287,0 148.9084081988056,-35.51884100285739,0 148.9084552337095,-35.51892234518728,0 148.9085030964367,-35.51900336694877,0 148.9085517836897,-35.51908406256015,0 148.9086012921145,-35.51916442646216,0 148.9086516183004,-35.51924445311843,0 148.9087027587802,-35.5193241370158,0 148.908754710031,-35.51940347266472,0 148.9088074684736,-35.51948245459966,0 148.9088610304734,-35.51956107737942,0 148.9089153923405,-35.51963933558757,0 148.9089705503299,-35.51971722383279,0 148.9090265006415,-35.51979473674923,0 148.909083239421,-35.51987186899692,0 148.9091407627594,-35.51994861526211,0 148.909199066694,-35.52002497025763,0 148.9092581472081,-35.52010092872327,0 148.9093180002315,-35.52017648542614,0 148.9093786216409,-35.52025163516103,0 148.9094400072599,-35.52032637275077,0 148.9095021528596,-35.52040069304656,0 148.9095650541588,-35.52047459092839,0 148.9096287068241,-35.5205480613053,0 148.9096931064703,-35.52062109911582,0 148.9097582486608,-35.52069369932827,0 148.9098241289079,-35.52076585694111,0 148.909890742673,-35.5208375669833,0 148.9099580853671,-35.52090882451462,0 148.9100261523507,-35.52097962462604,0 148.9100949389346,-35.52104996244004,0 148.9101644403801,-35.52111983311093,0 148.910234651899,-35.52118923182523,0 148.9103055686544,-35.52125815380196,0 148.9103771857607,-35.52132659429298,0 148.9104494982842,-35.52139454858332,0 148.910522501243,-35.52146201199151,0 148.9105961896079,-35.52152897986989,0 148.9106705583025,-35.52159544760497,0 148.9107456022033,-35.52166141061766,0 148.9108213161405,-35.52172686436369,0 148.910897694898,-35.52179180433384,0 148.910974733214,-35.52185622605431,0 148.9110524257812,-35.52192012508699,0 148.9111307672472,-35.52198349702978,0 148.911209752215,-35.5220463375169,0 148.9112893752431,-35.52210864221917,0 148.9113696308464,-35.52217040684432,0 148.9114505134957,-35.5222316271373,0 148.911532017619,-35.52229229888056,0 148.9116141376013,-35.52235241789433,0 148.9116968677853,-35.52241198003692,0 148.9117802024716,-35.52247098120501,0 148.9118641359192,-35.52252941733392,0 148.9119486623457,-35.5225872843979,0 148.9120337759279,-35.5226445784104,0 148.9121194708023,-35.52270129542435,0 148.9122057410652,-35.52275743153245,0 148.9122925807734,-35.52281298286737,0 148.9123799839443,-35.52286794560212,0 148.9124679445566,-35.52292231595021,0 148.9125564565506,-35.52297609016603,0 148.9126455138285,-35.52302926454495,0 148.9127351102551,-35.52308183542372,0 148.9128252396578,-35.52313379918068,0 148.9129158958277,-35.52318515223595,0 148.9130070725192,-35.52323589105174,0 148.913098763451,-35.52328601213259,0 148.9131909623064,-35.52333551202557,0 148.9132836627337,-35.52338438732057,0 148.9133768583467,-35.5234326346505,0 148.9134705427249,-35.52348025069151,0 148.9135647094143,-35.52352723216329,0 148.9136593519276,-35.5235735758292,0 148.9137544637448,-35.52361927849656,0 148.9138500383134,-35.52366433701685,0 148.9139460690492,-35.52370874828592,0 148.9140425493364,-35.5237525092442,0 148.9141394725285,-35.52379561687695,0 148.9142368319482,-35.52383806821442,0 148.9143346208884,-35.52387986033207,0 148.9144328326121,-35.52392099035076,0 148.9145314603534,-35.52396145543702,0 148.9146304973177,-35.52400125280312,0 148.9147299366822,-35.52404037970739,0 148.9148297715964,-35.52407883345429,0 148.9149299951826,-35.5241166113947,0 148.9150306005361,-35.52415371092603,0 148.915131580726,-35.52419012949245,0 148.9152329287959,-35.52422586458504,0 148.9153346377635,-35.52426091374194,0 148.9154367006221,-35.52429527454857,0 148.9155391103403,-35.52432894463775,0 148.9156418598631,-35.52436192168992,0 148.9157449421118,-35.52439420343323,0 148.915848349985,-35.52442578764374,0 148.9159520763588,-35.52445667214558,0 148.9160561140872,-35.52448685481105,0 148.9161604560029,-35.52451633356084,0 148.9162650949178,-35.52454510636411,0 148.916370023623,-35.52457317123866,0 148.91647523489,-35.52460052625106,0 148.9165807214704,-35.52462716951677,0 148.9166864760972,-35.52465309920031,0 148.9167924914848,-35.52467831351534,0 148.9168987603297,-35.52470281072483,0 148.9170052753108,-35.52472658914109,0 148.9171120290901,-35.52474964712602,0 148.9172190143132,-35.52477198309112,0 148.9173262236099,-35.52479359549762,0 148.9174336495942,-35.52481448285661,0 148.9175412848653,-35.52483464372915,0 148.9176491220082,-35.5248540767263,0 148.9177571535939,-35.52487278050931,0 148.9178653721798,-35.52489075378964,0 148.9179737703105,-35.52490799532909,0 148.9180823405186,-35.52492450393986,0 148.9181910753242,-35.52494027848466,0 148.9182999672365,-35.52495531787674,0 148.9184090087539,-35.52496962108002,0 148.9185181923643,-35.52498318710913,0 148.9186275105458,-35.5249960150295,0 148.9187369557674,-35.52500810395738,0 148.9188465204892,-35.52501945305995,0 148.9189561971632,-35.52503006155536,0 148.9190659782336,-35.52503992871276,0 148.9191758561373,-35.52504905385241,0 148.9192858233047,-35.52505743634565,0 148.9193958721602,-35.525065075615,0 148.9195059951221,-35.52507197113417,0 148.9196161846039,-35.52507812242814,0 148.9197264330147,-35.52508352907311,0 148.9198367327591,-35.52508819069664,0 148.9199470762385,-35.52509210697756,0 148.9200574558511,-35.52509527764608,0 148.9201678639928,-35.52509770248377,0 148.9202782930573,-35.52509938132357,0 148.920388735437,-35.52510031404984,0 148.9204991835234,-35.5251005005983,0 148.9206096297076,-35.52509994095612,0 148.9207200663808,-35.52509863516184,0 148.9208304859347,-35.52509658330542,0 148.9209408807625,-35.52509378552823,0 148.9210512432589,-35.52509024202299,0 148.9211615658209,-35.52508595303383,0 148.921271840848,-35.52508091885623,0 148.9213820607435,-35.52507513983699,0 148.9214922179141,-35.52506861637425,0 148.9216023047707,-35.5250613489174,0 148.9217123137295,-35.52505333796712,0 148.9218222372117,-35.5250445840753,0 148.9219320676445,-35.525035087845,0 148.9220417974616,-35.52502484993042,0 148.9221514191035,-35.52501387103689,0 148.9222609250182,-35.52500215192075,0 148.9223703076617,-35.52498969338934,0 148.9224795594985,-35.52497649630095,0 148.922588673002,-35.52496256156475,0 148.9226976406552,-35.52494789014073,0 148.9228064549513,-35.52493248303961,0 148.9229151083938,-35.52491634132283,0 148.9230235934974,-35.5248994661024,0 148.9231319027884,-35.52488185854088,0 148.9232400288053,-35.52486351985129,0 148.9233479640991,-35.524844451297,0 148.9234557012339,-35.52482465419168,0 148.9235632327876,-35.52480412989917,0 148.9236705513522,-35.52478287983342,0 148.9237776495344,-35.52476090545839,0 148.9238845199559,-35.52473820828792,0 148.9239911552544,-35.52471478988565,0 148.9240975480836,-35.52469065186492,0 148.9242036911139,-35.52466579588862,0 148.924309577033,-35.52464022366911,0 148.9244151985461,-35.52461393696812,0 148.924520548377,-35.52458693759655,0 148.9246256192679,-35.52455922741446,0 148.9247304039803,-35.52453080833082,0 148.9248348952955,-35.52450168230347,0 148.9249390860148,-35.52447185133895,0 148.9250429689604,-35.52444131749235,0 148.9251465369758,-35.52441008286721,0 148.9252497829258,-35.5243781496153,0 148.9253526996978,-35.52434551993657,0 148.9254552802017,-35.52431219607893,0 148.9255575173705,-35.5242781803381,0 148.9256594041611,-35.52424347505747,0 148.9257609335541,-35.52420808262795,0 148.9258620985552,-35.52417200548777,0 148.9259628921949,-35.52413524612233,0 148.9260633075294,-35.52409780706405,0 148.926163337641,-35.52405969089217,0 148.9262629756384,-35.52402090023254,0 148.9263622146574,-35.52398143775753,0 148.9264610478614,-35.52394130618575,0 148.9265594684414,-35.52390050828194,0 148.9266574696173,-35.52385904685673,0 148.9267550446374,-35.52381692476644,0 148.9268521867799,-35.52377414491294,0 148.9269488893523,-35.52373071024338,0 148.9270451456927,-35.52368662375006,0 148.9271409491699,-35.52364188847015,0 148.9272362931839,-35.52359650748553,0 148.9273311711662,-35.52355048392256,0 148.9274255765805,-35.52350382095187,0 148.9275195029231,-35.52345652178816,0 148.9276129437234,-35.52340858968992,0 148.9277058925439,-35.52336002795927,0 148.9277983429815,-35.5233108399417,0 148.9278902886669,-35.52326102902584,0 148.9279817232659,-35.52321059864325,0 148.9280726404795,-35.52315955226813,0 148.9281630340442,-35.52310789341716,0 148.9282528977328,-35.52305562564919,0 148.9283422253542,-35.52300275256502,0 148.9284310107547,-35.52294927780716,0 148.9285192478177,-35.52289520505956,0 148.9286069304644,-35.52284053804738,0 148.9286940526542,-35.52278528053669,0 148.9287806083851,-35.52272943633429,0 148.9288665916943,-35.52267300928734,0 148.928951996658,-35.52261600328321,0 148.9290368173928,-35.52255842224911,0 148.9291210480552,-35.52250027015189,0 148.9292046828423,-35.52244155099773,0 148.9292877159925,-35.52238226883188,0 148.9293701417855,-35.52232242773839,0 148.9294519545429,-35.52226203183977,0 148.9295331486284,-35.52220108529681,0 148.9296137184485,-35.52213959230819,0 148.9296936584525,-35.52207755711027,0 148.9297729631334,-35.52201498397674,0 148.9298516270277,-35.52195187721833,0 148.9299296447162,-35.5218882411826,0 148.930007010824,-35.52182408025351,0 148.9300837200213,-35.5217593988512,0 148.9301597670236,-35.52169420143166,0 148.9302351465917,-35.52162849248645,0 148.9303098535327,-35.52156227654235,0 148.9303838827,-35.52149555816108,0 148.9304572289935,-35.52142834193896,0 148.9305298873603,-35.52136063250661,0 148.9306018527949,-35.52129243452865,0 148.9306731203395,-35.52122375270333,0 148.9307436850843,-35.52115459176223,0 148.9308135421681,-35.52108495646997,0 148.9308826867782,-35.52101485162382,0 148.9309511141513,-35.52094428205341,0 148.9310188195731,-35.52087325262037,0 148.9310857983795,-35.52080176821803,0 148.9311520459561,-35.52072983377105,0 148.9312175577391,-35.52065745423511,0 148.9312823292152,-35.52058463459654,0 148.9313463559223,-35.52051137987199,0 148.9314096334494,-35.52043769510809,0 148.9314721574374,-35.52036358538109,0 148.9315339235786,-35.52028905579651,0 148.9315949276182,-35.52021411148882,0 148.9316551653533,-35.52013875762103,0 148.9317146326341,-35.52006299938439,0 148.9317733253638,-35.51998684199798,0 148.9318312394991,-35.5199102907084,0 148.93188837105,-35.5198333507894,0 148.9319447160808,-35.51975602754147,0 148.9320002707097,-35.51967832629151,0 148.9320550311095,-35.5196002523925,0 148.9321089935077,-35.51952181122304,0 148.9321621541868,-35.51944300818709,0 148.9322145094843,-35.51936384871347,0 148.9322660557934,-35.51928433825562,0 148.9323167895632,-35.51920448229113,0 148.9323667072984,-35.51912428632139,0 148.9324158055601,-35.51904375587121,0 148.932464080966,-35.51896289648846,0 148.9325115301901,-35.51888171374367,0 148.9325581499637,-35.51880021322962,0 148.9326039370751,-35.51871840056101,0 148.93264888837,-35.51863628137404,0 148.9326930007515,-35.51855386132602,0 148.9327362711807,-35.51847114609499,0 148.9327786966766,-35.51838814137932,0 148.9328202743165,-35.51830485289733,0 148.9328610012361,-35.51822128638688,0 148.9329008746295,-35.518137447605,0 148.93293989175,-35.51805334232746,0 148.9329780499094,-35.51796897634841,0 148.9330153464791,-35.51788435547992,0 148.9330517788896,-35.51779948555168,0 148.933087344631,-35.51771437241047,0 148.9331220412533,-35.51762902191989,0 148.933155866366,-35.51754343995984,0 148.9331888176389,-35.5174576324262,0 148.933220892802,-35.51737160523037,0 148.9332520896454,-35.51728536429889,0 148.9332824060202,-35.51719891557304,0 148.9333118398376,-35.51711226500839,0 148.93334038907,-35.51702541857441,0 148.9333680517506,-35.51693838225411,0 148.9333948259736,-35.51685116204352,0 148.9334207098945,-35.51676376395139,0 148.9334457017302,-35.51667619399869,0 148.9334697997589,-35.51658845821826,0 148.9334930023205,-35.51650056265433,0 148.9335153078165,-35.51641251336216,0 148.9335367147103,-35.51632431640761,0 148.933557221527,-35.51623597786666,0 148.933576826854,-35.51614750382513,0 148.9335955293406,-35.5160589003781,0 148.9336133276985,-35.5159701736296,0 148.9336302207013,-35.51588132969214,0 148.9336462071853,-35.51579237468631,0 148.9336612860493,-35.51570331474037,0 148.9336754562544,-35.51561415598977,0 148.9336887168243,-35.51552490457679,0 148.9337010668456,-35.51543556665009,0 148.9337125054675,-35.51534614836432,0 148.9337230319019,-35.51525665587959,0 148.9337326454236,-35.51516709536121,0 148.9337413453703,-35.51507747297912,0 148.9337491311428,-35.51498779490753,0 148.9337560022045,-35.51489806732451,0 148.9337619580823,-35.51480829641152,0 148.9337669983657,-35.514718488353,0 148.9337711227075,-35.51462864933598,0 148.9337743308236,-35.51453878554959,0 148.933776622493,-35.51444890318468,0 148.9337779975578,-35.51435900843337,0 
						</coordinates>
					</LinearRing>
				</outerBoundaryIs>
			</Polygon>
		</Placemark>
		<Placemark id="528">
			<name>Corin Forest NFZ_dv_0</name>
			<styleUrl>#531</styleUrl>
			<Polygon id="527">
				<outerBoundaryIs>
					<LinearRing id="529">
						<coordinates>
							148.9424073909058,-35.51426910748867,0 148.9424071129002,-35.514179214426,0 148.9424062788905,-35.51408932364187,0 148.9424048888978,-35.51399943741475,0 148.9424029429574,-35.513909558023,0 148.9424004411186,-35.51381968774483,0 148.9423973834447,-35.51372982885817,0 148.9423937700134,-35.51363998364071,0 148.9423896009161,-35.51355015436977,0 148.9423848762586,-35.51346034332226,0 148.9423795961606,-35.51337055277463,0 148.9423737607559,-35.51328078500284,0 148.9423673701925,-35.51319104228223,0 148.9423604246324,-35.51310132688754,0 148.9423529242515,-35.5130116410928,0 148.9423448692401,-35.51292198717127,0 148.9423362598023,-35.51283236739546,0 148.9423270961562,-35.51274278403694,0 148.9423173785343,-35.51265323936643,0 148.9423071071827,-35.51256373565362,0 148.9422962823619,-35.51247427516716,0 148.9422849043462,-35.51238486017466,0 148.942272973424,-35.51229549294251,0 148.9422604898978,-35.51220617573592,0 148.9422474540839,-35.51211691081883,0 148.9422338663128,-35.51202770045386,0 148.9422197269289,-35.51193854690223,0 148.9422050362906,-35.51184945242375,0 148.9421897947702,-35.5117604192767,0 148.9421740027542,-35.51167144971782,0 148.9421576606427,-35.51158254600223,0 148.94214076885,-35.51149371038341,0 148.9421233278042,-35.51140494511307,0 148.9421053379475,-35.51131625244118,0 148.9420867997357,-35.51122763461583,0 148.9420677136389,-35.51113909388324,0 148.9420480801408,-35.51105063248767,0 148.9420278997391,-35.51096225267137,0 148.9420071729452,-35.51087395667451,0 148.9419859002845,-35.51078574673515,0 148.9419640822964,-35.51069762508916,0 148.9419417195336,-35.51060959397018,0 148.9419188125631,-35.51052165560954,0 148.9418953619655,-35.51043381223625,0 148.9418713683353,-35.51034606607688,0 148.9418468322806,-35.51025841935553,0 148.9418217544233,-35.51017087429383,0 148.941796135399,-35.51008343311077,0 148.9417699758572,-35.50999609802276,0 148.9417432764609,-35.50990887124349,0 148.9417160378869,-35.50982175498392,0 148.9416882608255,-35.50973475145219,0 148.9416599459809,-35.50964786285358,0 148.9416310940708,-35.50956109139051,0 148.9416017058264,-35.50947443926237,0 148.9415717819927,-35.50938790866554,0 148.9415413233282,-35.50930150179334,0 148.9415103306048,-35.50921522083594,0 148.9414788046083,-35.5091290679803,0 148.9414467461376,-35.50904304541019,0 148.9414141560054,-35.508957155306,0 148.9413810350378,-35.50887139984482,0 148.9413473840741,-35.50878578120031,0 148.9413132039676,-35.50870030154265,0 148.9412784955844,-35.50861496303853,0 148.9412432598043,-35.50852976785102,0 148.9412074975205,-35.50844471813959,0 148.9411712096395,-35.50835981605999,0 148.9411343970811,-35.50827506376428,0 148.9410970607782,-35.50819046340067,0 148.9410592016774,-35.50810601711354,0 148.9410208207382,-35.50802172704337,0 148.9409819189335,-35.50793759532669,0 148.9409424972492,-35.50785362409598,0 148.9409025566848,-35.50776981547968,0 148.9408620982525,-35.50768617160211,0 148.9408211229779,-35.50760269458339,0 148.9407796318995,-35.50751938653945,0 148.940737626069,-35.5074362495819,0 148.9406951065512,-35.50735328581803,0 148.9406520744238,-35.50727049735072,0 148.9406085307776,-35.50718788627846,0 148.9405644767162,-35.50710545469519,0 148.9405199133563,-35.50702320469031,0 148.9404748418276,-35.50694113834862,0 148.9404292632723,-35.5068592577503,0 148.9403831788458,-35.50677756497077,0 148.9403365897162,-35.50669606208071,0 148.9402894970644,-35.506614751146,0 148.9402419020841,-35.50653363422764,0 148.9401938059817,-35.50645271338171,0 148.9401452099762,-35.50637199065933,0 148.9400961152994,-35.5062914681066,0 148.9400465231959,-35.50621114776452,0 148.9399964349225,-35.506131031669,0 148.9399458517488,-35.50605112185075,0 148.9398947749571,-35.50597142033526,0 148.939843205842,-35.50589192914274,0 148.9397911457105,-35.50581265028807,0 148.9397385958823,-35.50573358578074,0 148.9396855576894,-35.50565473762482,0 148.9396320324761,-35.50557610781888,0 148.9395780215991,-35.50549769835596,0 148.9395235264275,-35.50541951122354,0 148.9394685483426,-35.50534154840342,0 148.9394130887379,-35.50526381187175,0 148.9393571490191,-35.50518630359893,0 148.9393007306042,-35.50510902554957,0 148.9392438349232,-35.50503197968246,0 148.9391864634183,-35.50495516795048,0 148.9391286175436,-35.50487859230062,0 148.9390702987654,-35.50480225467383,0 148.9390115085619,-35.50472615700507,0 148.9389522484234,-35.50465030122318,0 148.9388925198517,-35.50457468925092,0 148.938832324361,-35.5044993230048,0 148.9387716634769,-35.50442420439519,0 148.9387105387372,-35.50434933532609,0 148.938648951691,-35.50427471769525,0 148.9385869038995,-35.50420035339401,0 148.9385243969354,-35.50412624430729,0 148.9384614323831,-35.50405239231355,0 148.9383980118386,-35.50397879928472,0 148.9383341369093,-35.5039054670862,0 148.9382698092144,-35.50383239757672,0 148.9382050303843,-35.50375959260842,0 148.9381398020611,-35.50368705402668,0 148.938074125898,-35.50361478367015,0 148.9380080035598,-35.50354278337068,0 148.9379414367226,-35.50347105495329,0 148.9378744270734,-35.50339960023608,0 148.937806976311,-35.50332842103022,0 148.937739086145,-35.50325751913991,0 148.9376707582961,-35.50318689636232,0 148.9376019944964,-35.50311655448751,0 148.9375327964887,-35.50304649529849,0 148.9374631660271,-35.50297672057103,0 148.9373931048765,-35.50290723207373,0 148.9373226148127,-35.50283803156794,0 148.9372516976225,-35.50276912080769,0 148.9371803551035,-35.50270050153966,0 148.9371085890639,-35.50263217550318,0 148.9370364013228,-35.5025641444301,0 148.9369637937099,-35.50249641004483,0 148.9368907680658,-35.50242897406424,0 148.9368173262413,-35.50236183819764,0 148.936743470098,-35.50229500414675,0 148.936669201508,-35.50222847360561,0 148.9365945223537,-35.50216224826057,0 148.9365194345281,-35.50209632979028,0 148.9364439399344,-35.50203071986557,0 148.9363680404862,-35.50196542014949,0 148.9362917381073,-35.50190043229718,0 148.9362150347318,-35.5018357579559,0 148.936137932304,-35.50177139876497,0 148.9360604327781,-35.50170735635572,0 148.9359825381185,-35.50164363235142,0 148.9359042502996,-35.50158022836732,0 148.9358255713058,-35.50151714601053,0 148.9357465031314,-35.50145438688,0 148.9356670477806,-35.50139195256649,0 148.9355872072673,-35.50132984465255,0 148.9355069836153,-35.50126806471243,0 148.935426378858,-35.50120661431209,0 148.9353453950385,-35.50114549500912,0 148.9352640342094,-35.50108470835271,0 148.9351822984332,-35.50102425588363,0 148.9351001897815,-35.50096413913419,0 148.9350177103356,-35.50090435962819,0 148.9349348621861,-35.50084491888085,0 148.934851647433,-35.50078581839883,0 148.9347680681855,-35.50072705968017,0 148.9346841265621,-35.50066864421424,0 148.9345998246905,-35.50061057348169,0 148.9345151647076,-35.50055284895447,0 148.9344301487591,-35.50049547209572,0 148.9343447790001,-35.50043844435978,0 148.9342590575944,-35.50038176719215,0 148.9341729867148,-35.50032544202944,0 148.9340865685429,-35.50026947029932,0 148.9339998052693,-35.50021385342053,0 148.9339126990931,-35.50015859280279,0 148.9338252522222,-35.50010368984681,0 148.9337374668731,-35.50004914594422,0 148.933649345271,-35.49999496247755,0 148.9335608896496,-35.49994114082021,0 148.9334721022507,-35.49988768233641,0 148.9333829853252,-35.49983458838119,0 148.9332935411316,-35.49978186030032,0 148.9332037719373,-35.49972949943031,0 148.9331136800176,-35.49967750709836,0 148.9330232676561,-35.49962588462234,0 148.9329325371445,-35.49957463331072,0 148.9328414907826,-35.49952375446259,0 148.9327501308781,-35.49947324936757,0 148.9326584597467,-35.49942311930583,0 148.9325664797121,-35.49937336554802,0 148.9324741931057,-35.49932398935528,0 148.9323816022666,-35.49927499197911,0 148.9322887095419,-35.4992263746615,0 148.932195517286,-35.49917813863475,0 148.9321020278612,-35.4991302851215,0 148.9320082436371,-35.4990828153347,0 148.9319141669909,-35.49903573047759,0 148.9318198003071,-35.49898903174363,0 148.9317251459777,-35.49894272031649,0 148.931630206402,-35.49889679737005,0 148.9315349839864,-35.49885126406832,0 148.9314394811444,-35.49880612156545,0 148.9313437002968,-35.49876137100565,0 148.9312476438714,-35.49871701352325,0 148.931151314303,-35.49867305024257,0 148.9310547140333,-35.49862948227797,0 148.9309578455106,-35.49858631073376,0 148.9308607111906,-35.49854353670421,0 148.9307633135351,-35.49850116127355,0 148.930665655013,-35.49845918551585,0 148.9305677380996,-35.49841761049509,0 148.9304695652768,-35.49837643726509,0 148.9303711390332,-35.49833566686944,0 148.9302724618633,-35.49829530034159,0 148.9301735362686,-35.4982553387047,0 148.9300743647564,-35.4982157829717,0 148.9299749498405,-35.4981766341452,0 148.9298752940407,-35.49813789321752,0 148.9297753998831,-35.49809956117062,0 148.9296752698996,-35.49806163897613,0 148.9295749066283,-35.49802412759527,0 148.9294743126133,-35.49798702797882,0 148.929373490404,-35.49795034106718,0 148.9292724425563,-35.49791406779025,0 148.9291711716312,-35.49787820906746,0 148.9290696801958,-35.49784276580771,0 148.9289679708226,-35.49780773890941,0 148.9288660460897,-35.49777312926038,0 148.9287639085805,-35.49773893773787,0 148.9286615608839,-35.49770516520856,0 148.9285590055942,-35.49767181252847,0 148.9284562453108,-35.49763888054301,0 148.9283532826385,-35.49760637008689,0 148.928250120187,-35.49757428198419,0 148.9281467605713,-35.49754261704823,0 148.9280432064111,-35.49751137608163,0 148.9279394603314,-35.49748055987627,0 148.9278355249617,-35.49745016921324,0 148.9277314029365,-35.49742020486288,0 148.9276270968952,-35.49739066758467,0 148.9275226094814,-35.49736155812733,0 148.9274179433436,-35.49733287722868,0 148.927313101135,-35.4973046256157,0 148.9272080855128,-35.49727680400451,0 148.927102899139,-35.49724941310028,0 148.9269975446798,-35.49722245359732,0 148.9268920248055,-35.49719592617895,0 148.9267863421909,-35.4971698315176,0 148.9266804995146,-35.49714417027466,0 148.9265744994595,-35.49711894310059,0 148.9264683447124,-35.49709415063482,0 148.926362037964,-35.49706979350577,0 148.9262555819089,-35.49704587233084,0 148.9261489792454,-35.49702238771634,0 148.9260422326756,-35.49699934025755,0 148.9259353449053,-35.49697673053867,0 148.9258283186438,-35.49695455913277,0 148.9257211566037,-35.49693282660185,0 148.9256138615015,-35.49691153349676,0 148.9255064360568,-35.49689068035722,0 148.9253988829925,-35.4968702677118,0 148.9252912050347,-35.4968502960779,0 148.9251834049127,-35.49683076596176,0 148.9250754853591,-35.49681167785839,0 148.9249674491092,-35.49679303225164,0 148.9248592989016,-35.4967748296141,0 148.9247510374773,-35.49675707040718,0 148.9246426675807,-35.49673975508102,0 148.9245341919586,-35.49672288407451,0 148.9244256133605,-35.49670645781528,0 148.9243169345386,-35.49669047671969,0 148.9242081582476,-35.49667494119281,0 148.9240992872446,-35.49665985162844,0 148.9239903242893,-35.49664520840905,0 148.9238812721435,-35.4966310119058,0 148.9237721335714,-35.49661726247853,0 148.9236629113393,-35.49660396047575,0 148.9235536082158,-35.49659110623464,0 148.9234442269714,-35.496578700081,0 148.9233347703785,-35.49656674232931,0 148.9232252412116,-35.49655523328265,0 148.9231156422469,-35.49654417323275,0 148.9230059762625,-35.49653356245994,0 148.9228962460381,-35.49652340123319,0 148.922786454355,-35.49651368981006,0 148.9226766039961,-35.49650442843668,0 148.9225666977459,-35.49649561734783,0 148.9224567383902,-35.49648725676683,0 148.922346728716,-35.49647934690559,0 148.9222366715119,-35.49647188796462,0 148.9221265695675,-35.49646488013298,0 148.9220164256736,-35.4964583235883,0 148.921906242622,-35.49645221849676,0 148.9217960232054,-35.49644656501311,0 148.9216857702178,-35.49644136328066,0 148.9215754864537,-35.49643661343124,0 148.9214651747084,-35.49643231558526,0 148.9213548377781,-35.49642846985166,0 148.9212444784595,-35.4964250763279,0 148.9211340995498,-35.49642213510003,0 148.9210237038469,-35.49641964624256,0 148.9209132941491,-35.49641760981861,0 148.9208028732548,-35.49641602587978,0 148.9206924439629,-35.49641489446622,0 148.9205820090726,-35.49641421560662,0 148.9204715713829,-35.49641398931817,0 148.9203611336933,-35.49641421560662,0 148.920250698803,-35.49641489446622,0 148.9201402695111,-35.49641602587978,0 148.9200298486168,-35.49641760981861,0 148.9199194389189,-35.49641964624256,0 148.919809043216,-35.49642213510003,0 148.9196986643064,-35.4964250763279,0 148.9195883049878,-35.49642846985166,0 148.9194779680575,-35.49643231558526,0 148.9193676563122,-35.49643661343124,0 148.9192573725481,-35.49644136328066,0 148.9191471195604,-35.49644656501311,0 148.9190369001439,-35.49645221849676,0 148.9189267170923,-35.4964583235883,0 148.9188165731983,-35.49646488013298,0 148.918706471254,-35.49647188796462,0 148.9185964140498,-35.49647934690559,0 148.9184864043757,-35.49648725676683,0 148.91837644502,-35.49649561734783,0 148.9182665387697,-35.49650442843668,0 148.9181566884109,-35.49651368981006,0 148.9180468967278,-35.49652340123319,0 148.9179371665034,-35.49653356245994,0 148.917827500519,-35.49654417323275,0 148.9177179015543,-35.49655523328265,0 148.9176083723874,-35.49656674232931,0 148.9174989157945,-35.496578700081,0 148.9173895345501,-35.49659110623464,0 148.9172802314266,-35.49660396047575,0 148.9171710091945,-35.49661726247853,0 148.9170618706224,-35.4966310119058,0 148.9169528184766,-35.49664520840905,0 148.9168438555213,-35.49665985162844,0 148.9167349845183,-35.49667494119281,0 148.9166262082273,-35.49669047671969,0 148.9165175294054,-35.49670645781528,0 148.9164089508072,-35.49672288407451,0 148.9163004751851,-35.49673975508102,0 148.9161921052885,-35.49675707040718,0 148.9160838438643,-35.4967748296141,0 148.9159756936566,-35.49679303225164,0 148.9158676574068,-35.49681167785839,0 148.9157597378532,-35.49683076596176,0 148.9156519377312,-35.4968502960779,0 148.9155442597734,-35.4968702677118,0 148.915436706709,-35.49689068035722,0 148.9153292812643,-35.49691153349676,0 148.9152219861621,-35.49693282660185,0 148.9151148241221,-35.49695455913277,0 148.9150077978606,-35.49697673053867,0 148.9149009100902,-35.49699934025755,0 148.9147941635205,-35.49702238771634,0 148.914687560857,-35.49704587233084,0 148.9145811048019,-35.49706979350577,0 148.9144747980535,-35.49709415063482,0 148.9143686433064,-35.49711894310059,0 148.9142626432513,-35.49714417027466,0 148.914156800575,-35.4971698315176,0 148.9140511179603,-35.49719592617895,0 148.9139455980861,-35.49722245359732,0 148.9138402436268,-35.49724941310028,0 148.913735057253,-35.49727680400451,0 148.9136300416309,-35.4973046256157,0 148.9135251994223,-35.49733287722868,0 148.9134205332845,-35.49736155812733,0 148.9133160458707,-35.49739066758467,0 148.9132117398293,-35.49742020486288,0 148.9131076178042,-35.49745016921324,0 148.9130036824345,-35.49748055987627,0 148.9128999363548,-35.49751137608163,0 148.9127963821946,-35.49754261704823,0 148.9126930225788,-35.49757428198419,0 148.9125898601274,-35.49760637008689,0 148.912486897455,-35.49763888054301,0 148.9123841371717,-35.49767181252847,0 148.912281581882,-35.49770516520856,0 148.9121792341854,-35.49773893773787,0 148.9120770966762,-35.49777312926038,0 148.9119751719432,-35.49780773890941,0 148.91187346257,-35.49784276580771,0 148.9117719711347,-35.49787820906746,0 148.9116707002096,-35.49791406779025,0 148.9115696523619,-35.49795034106718,0 148.9114688301526,-35.49798702797882,0 148.9113682361375,-35.49802412759527,0 148.9112678728663,-35.49806163897613,0 148.9111677428828,-35.49809956117062,0 148.9110678487252,-35.49813789321752,0 148.9109681929254,-35.4981766341452,0 148.9108687780095,-35.4982157829717,0 148.9107696064973,-35.4982553387047,0 148.9106706809025,-35.49829530034159,0 148.9105720037327,-35.49833566686944,0 148.910473577489,-35.49837643726509,0 148.9103754046663,-35.49841761049509,0 148.9102774877529,-35.49845918551585,0 148.9101798292308,-35.49850116127355,0 148.9100824315753,-35.49854353670421,0 148.9099852972552,-35.49858631073376,0 148.9098884287326,-35.49862948227797,0 148.9097918284628,-35.49867305024257,0 148.9096954988944,-35.49871701352325,0 148.9095994424691,-35.49876137100565,0 148.9095036616215,-35.49880612156545,0 148.9094081587795,-35.49885126406832,0 148.9093129363638,-35.49889679737005,0 148.9092179967881,-35.49894272031649,0 148.9091233424588,-35.49898903174363,0 148.909028975775,-35.49903573047759,0 148.9089348991288,-35.4990828153347,0 148.9088411149047,-35.4991302851215,0 148.9087476254799,-35.49917813863475,0 148.908654433224,-35.4992263746615,0 148.9085615404992,-35.49927499197911,0 148.9084689496602,-35.49932398935528,0 148.9083766630538,-35.49937336554802,0 148.9082846830191,-35.49942311930583,0 148.9081930118878,-35.49947324936757,0 148.9081016519833,-35.49952375446259,0 148.9080106056213,-35.49957463331072,0 148.9079198751097,-35.49962588462234,0 148.9078294627483,-35.49967750709836,0 148.9077393708286,-35.49972949943031,0 148.9076496016343,-35.49978186030032,0 148.9075601574407,-35.49983458838119,0 148.9074710405152,-35.49988768233641,0 148.9073822531163,-35.49994114082021,0 148.9072937974948,-35.49999496247755,0 148.9072056758928,-35.50004914594422,0 148.9071178905437,-35.50010368984681,0 148.9070304436728,-35.50015859280279,0 148.9069433374966,-35.50021385342053,0 148.906856574223,-35.50026947029932,0 148.9067701560511,-35.50032544202944,0 148.9066840851715,-35.50038176719215,0 148.9065983637658,-35.50043844435978,0 148.9065129940068,-35.50049547209572,0 148.9064279780583,-35.50055284895447,0 148.9063433180754,-35.50061057348169,0 148.9062590162038,-35.50066864421424,0 148.9061750745804,-35.50072705968017,0 148.9060914953329,-35.50078581839883,0 148.9060082805798,-35.50084491888085,0 148.9059254324303,-35.50090435962819,0 148.9058429529843,-35.50096413913419,0 148.9057608443327,-35.50102425588363,0 148.9056791085564,-35.50108470835271,0 148.9055977477274,-35.50114549500912,0 148.9055167639079,-35.50120661431209,0 148.9054361591506,-35.50126806471243,0 148.9053559354985,-35.50132984465255,0 148.9052760949853,-35.50139195256649,0 148.9051966396345,-35.50145438688,0 148.9051175714601,-35.50151714601053,0 148.9050388924663,-35.50158022836732,0 148.9049606046474,-35.50164363235142,0 148.9048827099878,-35.50170735635572,0 148.9048052104619,-35.50177139876497,0 148.904728108034,-35.5018357579559,0 148.9046514046586,-35.50190043229718,0 148.9045751022797,-35.50196542014949,0 148.9044992028315,-35.50203071986557,0 148.9044237082378,-35.50209632979028,0 148.9043486204122,-35.50216224826057,0 148.9042739412579,-35.50222847360561,0 148.9041996726679,-35.50229500414675,0 148.9041258165246,-35.50236183819764,0 148.9040523747001,-35.50242897406424,0 148.903979349056,-35.50249641004483,0 148.9039067414431,-35.5025641444301,0 148.903834553702,-35.50263217550318,0 148.9037627876624,-35.50270050153966,0 148.9036914451433,-35.50276912080769,0 148.9036205279531,-35.50283803156794,0 148.9035500378894,-35.50290723207373,0 148.9034799767388,-35.50297672057103,0 148.9034103462772,-35.50304649529849,0 148.9033411482695,-35.50311655448751,0 148.9032723844698,-35.50318689636232,0 148.9032040566209,-35.50325751913991,0 148.9031361664549,-35.50332842103022,0 148.9030687156924,-35.50339960023608,0 148.9030017060433,-35.50347105495329,0 148.902935139206,-35.50354278337068,0 148.9028690168679,-35.50361478367015,0 148.9028033407048,-35.50368705402668,0 148.9027381123815,-35.50375959260842,0 148.9026733335515,-35.50383239757672,0 148.9026090058566,-35.5039054670862,0 148.9025451309273,-35.50397879928472,0 148.9024817103827,-35.50405239231355,0 148.9024187458305,-35.50412624430729,0 148.9023562388664,-35.50420035339401,0 148.9022941910749,-35.50427471769525,0 148.9022326040287,-35.50434933532609,0 148.9021714792889,-35.50442420439519,0 148.9021108184049,-35.5044993230048,0 148.9020506229141,-35.50457468925092,0 148.9019908943425,-35.50465030122318,0 148.9019316342039,-35.50472615700507,0 148.9018728440005,-35.50480225467383,0 148.9018145252223,-35.50487859230062,0 148.9017566793476,-35.50495516795048,0 148.9016993078427,-35.50503197968246,0 148.9016424121617,-35.50510902554957,0 148.9015859937468,-35.50518630359893,0 148.901530054028,-35.50526381187175,0 148.9014745944233,-35.50534154840342,0 148.9014196163384,-35.50541951122354,0 148.9013651211668,-35.50549769835596,0 148.9013111102898,-35.50557610781888,0 148.9012575850765,-35.50565473762482,0 148.9012045468836,-35.50573358578074,0 148.9011519970554,-35.50581265028807,0 148.9010999369239,-35.50589192914274,0 148.9010483678088,-35.50597142033526,0 148.900997291017,-35.50605112185075,0 148.9009467078434,-35.506131031669,0 148.90089661957,-35.50621114776452,0 148.9008470274664,-35.5062914681066,0 148.9007979327897,-35.50637199065933,0 148.9007493367842,-35.50645271338171,0 148.9007012406818,-35.50653363422764,0 148.9006536457015,-35.506614751146,0 148.9006065530497,-35.50669606208071,0 148.9005599639201,-35.50677756497077,0 148.9005138794936,-35.5068592577503,0 148.9004683009383,-35.50694113834862,0 148.9004232294095,-35.50702320469031,0 148.9003786660497,-35.50710545469519,0 148.9003346119883,-35.50718788627846,0 148.9002910683421,-35.50727049735072,0 148.9002480362147,-35.50735328581803,0 148.9002055166969,-35.5074362495819,0 148.9001635108664,-35.50751938653945,0 148.900122019788,-35.50760269458339,0 148.9000810445133,-35.50768617160211,0 148.9000405860811,-35.50776981547968,0 148.9000006455166,-35.50785362409598,0 148.8999612238324,-35.50793759532669,0 148.8999223220277,-35.50802172704337,0 148.8998839410885,-35.50810601711354,0 148.8998460819877,-35.50819046340067,0 148.8998087456848,-35.50827506376428,0 148.8997719331263,-35.50835981605999,0 148.8997356452453,-35.50844471813959,0 148.8996998829616,-35.50852976785102,0 148.8996646471815,-35.50861496303853,0 148.8996299387983,-35.50870030154265,0 148.8995957586917,-35.50878578120031,0 148.8995621077281,-35.50887139984482,0 148.8995289867605,-35.508957155306,0 148.8994963966283,-35.50904304541019,0 148.8994643381576,-35.5091290679803,0 148.8994328121611,-35.50921522083594,0 148.8994018194377,-35.50930150179334,0 148.8993713607732,-35.50938790866554,0 148.8993414369395,-35.50947443926237,0 148.8993120486951,-35.50956109139051,0 148.899283196785,-35.50964786285358,0 148.8992548819404,-35.50973475145219,0 148.899227104879,-35.50982175498392,0 148.899199866305,-35.50990887124349,0 148.8991731669086,-35.50999609802276,0 148.8991470073668,-35.51008343311077,0 148.8991213883426,-35.51017087429383,0 148.8990963104853,-35.51025841935553,0 148.8990717744306,-35.51034606607688,0 148.8990477808003,-35.51043381223625,0 148.8990243302028,-35.51052165560954,0 148.8990014232323,-35.51060959397018,0 148.8989790604695,-35.51069762508916,0 148.8989572424813,-35.51078574673515,0 148.8989359698207,-35.51087395667451,0 148.8989152430268,-35.51096225267137,0 148.898895062625,-35.51105063248767,0 148.8988754291269,-35.51113909388324,0 148.8988563430302,-35.51122763461583,0 148.8988378048184,-35.51131625244118,0 148.8988198149617,-35.51140494511307,0 148.8988023739159,-35.51149371038341,0 148.8987854821232,-35.51158254600223,0 148.8987691400117,-35.51167144971782,0 148.8987533479956,-35.5117604192767,0 148.8987381064753,-35.51184945242375,0 148.8987234158369,-35.51193854690223,0 148.898709276453,-35.51202770045386,0 148.898695688682,-35.51211691081883,0 148.8986826528681,-35.51220617573592,0 148.8986701693418,-35.51229549294251,0 148.8986582384197,-35.51238486017466,0 148.898646860404,-35.51247427516716,0 148.8986360355832,-35.51256373565362,0 148.8986257642316,-35.51265323936643,0 148.8986160466096,-35.51274278403694,0 148.8986068829636,-35.51283236739546,0 148.8985982735257,-35.51292198717127,0 148.8985902185143,-35.5130116410928,0 148.8985827181335,-35.51310132688754,0 148.8985757725733,-35.51319104228223,0 148.89856938201,-35.51328078500284,0 148.8985635466053,-35.51337055277463,0 148.8985582665073,-35.51346034332226,0 148.8985535418498,-35.51355015436977,0 148.8985493727525,-35.51363998364071,0 148.8985457593212,-35.51372982885817,0 148.8985427016473,-35.51381968774483,0 148.8985401998085,-35.513909558023,0 148.898538253868,-35.51399943741475,0 148.8985368638754,-35.51408932364187,0 148.8985360298657,-35.514179214426,0 148.8985357518601,-35.51426910748867,0 148.8985360298657,-35.51435900055133,0 148.8985368638754,-35.51444889133547,0 148.898538253868,-35.51453877756258,0 148.8985401998085,-35.51462865695433,0 148.8985427016473,-35.5147185272325,0 148.8985457593212,-35.51480838611916,0 148.8985493727525,-35.51489823133662,0 148.8985535418498,-35.51498806060756,0 148.8985582665073,-35.51507787165508,0 148.8985635466053,-35.5151676622027,0 148.89856938201,-35.5152574299745,0 148.8985757725733,-35.5153471726951,0 148.8985827181335,-35.51543688808979,0 148.8985902185143,-35.51552657388454,0 148.8985982735257,-35.51561622780606,0 148.8986068829636,-35.51570584758188,0 148.8986160466096,-35.51579543094039,0 148.8986257642316,-35.5158849756109,0 148.8986360355832,-35.51597447932371,0 148.898646860404,-35.51606393981017,0 148.8986582384197,-35.51615335480267,0 148.8986701693418,-35.51624272203482,0 148.8986826528681,-35.51633203924141,0 148.898695688682,-35.51642130415851,0 148.898709276453,-35.51651051452348,0 148.8987234158369,-35.5165996680751,0 148.8987381064753,-35.51668876255358,0 148.8987533479956,-35.51677779570064,0 148.8987691400117,-35.51686676525952,0 148.8987854821232,-35.51695566897511,0 148.8988023739159,-35.51704450459393,0 148.8988198149617,-35.51713326986426,0 148.8988378048184,-35.51722196253615,0 148.8988563430302,-35.5173105803615,0 148.8988754291269,-35.51739912109409,0 148.898895062625,-35.51748758248966,0 148.8989152430268,-35.51757596230597,0 148.8989359698207,-35.51766425830282,0 148.8989572424813,-35.51775246824219,0 148.8989790604695,-35.51784058988817,0 148.8990014232323,-35.51792862100716,0 148.8990243302028,-35.51801655936779,0 148.8990477808003,-35.51810440274108,0 148.8990717744306,-35.51819214890046,0 148.8990963104853,-35.5182797956218,0 148.8991213883426,-35.51836734068351,0 148.8991470073668,-35.51845478186657,0 148.8991731669086,-35.51854211695457,0 148.899199866305,-35.51862934373384,0 148.899227104879,-35.51871645999342,0 148.8992548819404,-35.51880346352515,0 148.899283196785,-35.51889035212375,0 148.8993120486951,-35.51897712358682,0 148.8993414369395,-35.51906377571497,0 148.8993713607732,-35.51915030631179,0 148.8994018194377,-35.51923671318399,0 148.8994328121611,-35.51932299414139,0 148.8994643381576,-35.51940914699703,0 148.8994963966283,-35.51949516956715,0 148.8995289867605,-35.51958105967134,0 148.8995621077281,-35.51966681513252,0 148.8995957586917,-35.51975243377703,0 148.8996299387983,-35.51983791343468,0 148.8996646471815,-35.51992325193881,0 148.8996998829616,-35.52000844712632,0 148.8997356452453,-35.52009349683775,0 148.8997719331263,-35.52017839891734,0 148.8998087456848,-35.52026315121306,0 148.8998460819877,-35.52034775157667,0 148.8998839410885,-35.5204321978638,0 148.8999223220277,-35.52051648793396,0 148.8999612238324,-35.52060061965065,0 148.9000006455166,-35.52068459088135,0 148.9000405860811,-35.52076839949765,0 148.9000810445133,-35.52085204337522,0 148.900122019788,-35.52093552039394,0 148.9001635108664,-35.52101882843788,0 148.9002055166969,-35.52110196539544,0 148.9002480362147,-35.52118492915931,0 148.9002910683421,-35.52126771762661,0 148.9003346119883,-35.52135032869887,0 148.9003786660497,-35.52143276028215,0 148.9004232294095,-35.52151501028703,0 148.9004683009383,-35.52159707662871,0 148.9005138794936,-35.52167895722704,0 148.9005599639201,-35.52176065000657,0 148.9006065530497,-35.52184215289662,0 148.9006536457015,-35.52192346383134,0 148.9007012406818,-35.52200458074969,0 148.9007493367842,-35.52208550159562,0 148.9007979327897,-35.522166224318,0 148.9008470274664,-35.52224674687074,0 148.90089661957,-35.52232706721282,0 148.9009467078434,-35.52240718330834,0 148.900997291017,-35.52248709312659,0 148.9010483678088,-35.52256679464207,0 148.9010999369239,-35.5226462858346,0 148.9011519970554,-35.52272556468926,0 148.9012045468836,-35.52280462919659,0 148.9012575850765,-35.52288347735252,0 148.9013111102898,-35.52296210715846,0 148.9013651211668,-35.52304051662137,0 148.9014196163384,-35.52311870375379,0 148.9014745944233,-35.52319666657392,0 148.901530054028,-35.52327440310559,0 148.9015859937468,-35.52335191137841,0 148.9016424121617,-35.52342918942777,0 148.9016993078427,-35.52350623529487,0 148.9017566793476,-35.52358304702685,0 148.9018145252223,-35.52365962267671,0 148.9018728440005,-35.5237359603035,0 148.9019316342039,-35.52381205797227,0 148.9019908943425,-35.52388791375415,0 148.9020506229141,-35.52396352572642,0 148.9021108184049,-35.52403889197253,0 148.9021714792889,-35.52411401058215,0 148.9022326040287,-35.52418887965124,0 148.9022941910749,-35.52426349728208,0 148.9023562388664,-35.52433786158333,0 148.9024187458305,-35.52441197067004,0 148.9024817103827,-35.52448582266378,0 148.9025451309273,-35.52455941569261,0 148.9026090058566,-35.52463274789113,0 148.9026733335515,-35.52470581740061,0 148.9027381123815,-35.52477862236891,0 148.9028033407048,-35.52485116095065,0 148.9028690168679,-35.52492343130718,0 148.902935139206,-35.52499543160665,0 148.9030017060433,-35.52506716002404,0 148.9030687156924,-35.52513861474126,0 148.9031361664549,-35.52520979394712,0 148.9032040566209,-35.52528069583742,0 148.9032723844698,-35.52535131861502,0 148.9033411482695,-35.52542166048982,0 148.9034103462772,-35.52549171967885,0 148.9034799767388,-35.5255614944063,0 148.9035500378894,-35.5256309829036,0 148.9036205279531,-35.52570018340939,0 148.9036914451433,-35.52576909416965,0 148.9037627876624,-35.52583771343767,0 148.903834553702,-35.52590603947416,0 148.9039067414431,-35.52597407054723,0 148.903979349056,-35.5260418049325,0 148.9040523747001,-35.52610924091309,0 148.9041258165246,-35.52617637677969,0 148.9041996726679,-35.52624321083058,0 148.9042739412579,-35.52630974137173,0 148.9043486204122,-35.52637596671676,0 148.9044237082378,-35.52644188518705,0 148.9044992028315,-35.52650749511176,0 148.9045751022797,-35.52657279482784,0 148.9046514046586,-35.52663778268016,0 148.904728108034,-35.52670245702144,0 148.9048052104619,-35.52676681621237,0 148.9048827099878,-35.52683085862162,0 148.9049606046474,-35.52689458262591,0 148.9050388924663,-35.52695798661001,0 148.9051175714601,-35.5270210689668,0 148.9051966396345,-35.52708382809734,0 148.9052760949853,-35.52714626241084,0 148.9053559354985,-35.52720837032478,0 148.9054361591506,-35.5272701502649,0 148.9055167639079,-35.52733160066524,0 148.9055977477274,-35.52739271996822,0 148.9056791085564,-35.52745350662463,0 148.9057608443327,-35.5275139590937,0 148.9058429529843,-35.52757407584314,0 148.9059254324303,-35.52763385534915,0 148.9060082805798,-35.52769329609648,0 148.9060914953329,-35.5277523965785,0 148.9061750745804,-35.52781115529716,0 148.9062590162038,-35.52786957076309,0 148.9063433180754,-35.52792764149564,0 148.9064279780583,-35.52798536602286,0 148.9065129940068,-35.52804274288161,0 148.9065983637658,-35.52809977061755,0 148.9066840851715,-35.52815644778518,0 148.9067701560511,-35.5282127729479,0 148.906856574223,-35.52826874467802,0 148.9069433374966,-35.52832436155681,0 148.9070304436728,-35.52837962217454,0 148.9071178905437,-35.52843452513053,0 148.9072056758928,-35.52848906903311,0 148.9072937974948,-35.52854325249978,0 148.9073822531163,-35.52859707415713,0 148.9074710405152,-35.52865053264092,0 148.9075601574407,-35.52870362659614,0 148.9076496016343,-35.52875635467701,0 148.9077393708286,-35.52880871554702,0 148.9078294627483,-35.52886070787897,0 148.9079198751097,-35.52891233035499,0 148.9080106056213,-35.52896358166661,0 148.9081016519833,-35.52901446051474,0 148.9081930118878,-35.52906496560976,0 148.9082846830191,-35.5291150956715,0 148.9083766630538,-35.52916484942931,0 148.9084689496602,-35.52921422562206,0 148.9085615404992,-35.52926322299822,0 148.908654433224,-35.52931184031583,0 148.9087476254799,-35.52936007634258,0 148.9088411149047,-35.52940792985584,0 148.9089348991288,-35.52945539964263,0 148.909028975775,-35.52950248449974,0 148.9091233424588,-35.5295491832337,0 148.9092179967881,-35.52959549466084,0 148.9093129363638,-35.52964141760729,0 148.9094081587795,-35.52968695090901,0 148.9095036616215,-35.52973209341189,0 148.9095994424691,-35.52977684397168,0 148.9096954988944,-35.52982120145408,0 148.9097918284628,-35.52986516473476,0 148.9098884287326,-35.52990873269937,0 148.9099852972552,-35.52995190424358,0 148.9100824315753,-35.52999467827312,0 148.9101798292308,-35.53003705370379,0 148.9102774877529,-35.53007902946148,0 148.9103754046663,-35.53012060448224,0 148.910473577489,-35.53016177771225,0 148.9105720037327,-35.53020254810789,0 148.9106706809025,-35.53024291463574,0 148.9107696064973,-35.53028287627263,0 148.9108687780095,-35.53032243200564,0 148.9109681929254,-35.53036158083214,0 148.9110678487252,-35.53040032175981,0 148.9111677428828,-35.53043865380671,0 148.9112678728663,-35.53047657600121,0 148.9113682361375,-35.53051408738207,0 148.9114688301526,-35.53055118699852,0 148.9115696523619,-35.53058787391016,0 148.9116707002096,-35.53062414718708,0 148.9117719711347,-35.53066000590988,0 148.91187346257,-35.53069544916962,0 148.9119751719432,-35.53073047606793,0 148.9120770966762,-35.53076508571696,0 148.9121792341854,-35.53079927723946,0 148.912281581882,-35.53083304976877,0 148.9123841371717,-35.53086640244886,0 148.912486897455,-35.53089933443433,0 148.9125898601274,-35.53093184489044,0 148.9126930225788,-35.53096393299315,0 148.9127963821946,-35.53099559792911,0 148.9128999363548,-35.5310268388957,0 148.9130036824345,-35.53105765510107,0 148.9131076178042,-35.53108804576409,0 148.9132117398293,-35.53111801011445,0 148.9133160458707,-35.53114754739266,0 148.9134205332845,-35.53117665685,0 148.9135251994223,-35.53120533774865,0 148.9136300416309,-35.53123358936163,0 148.913735057253,-35.53126141097282,0 148.9138402436268,-35.53128880187705,0 148.9139455980861,-35.53131576138001,0 148.9140511179603,-35.53134228879838,0 148.914156800575,-35.53136838345974,0 148.9142626432513,-35.53139404470268,0 148.9143686433064,-35.53141927187674,0 148.9144747980535,-35.53144406434252,0 148.9145811048019,-35.53146842147156,0 148.914687560857,-35.53149234264649,0 148.9147941635205,-35.53151582726099,0 148.9149009100902,-35.53153887471978,0 148.9150077978606,-35.53156148443867,0 148.9151148241221,-35.53158365584456,0 148.9152219861621,-35.53160538837548,0 148.9153292812643,-35.53162668148057,0 148.915436706709,-35.53164753462011,0 148.9155442597734,-35.53166794726553,0 148.9156519377312,-35.53168791889943,0 148.9157597378532,-35.53170744901558,0 148.9158676574068,-35.53172653711894,0 148.9159756936566,-35.5317451827257,0 148.9160838438643,-35.53176338536323,0 148.9161921052885,-35.53178114457015,0 148.9163004751851,-35.53179845989632,0 148.9164089508072,-35.53181533090283,0 148.9165175294054,-35.53183175716206,0 148.9166262082273,-35.53184773825765,0 148.9167349845183,-35.53186327378452,0 148.9168438555213,-35.53187836334889,0 148.9169528184766,-35.53189300656829,0 148.9170618706224,-35.53190720307153,0 148.9171710091945,-35.5319209524988,0 148.9172802314266,-35.53193425450158,0 148.9173895345501,-35.53194710874269,0 148.9174989157945,-35.53195951489633,0 148.9176083723874,-35.53197147264802,0 148.9177179015543,-35.53198298169469,0 148.917827500519,-35.53199404174458,0 148.9179371665034,-35.53200465251739,0 148.9180468967278,-35.53201481374414,0 148.9181566884109,-35.53202452516728,0 148.9182665387697,-35.53203378654065,0 148.91837644502,-35.53204259762951,0 148.9184864043757,-35.53205095821051,0 148.9185964140498,-35.53205886807174,0 148.918706471254,-35.53206632701271,0 148.9188165731983,-35.53207333484435,0 148.9189267170923,-35.53207989138904,0 148.9190369001439,-35.53208599648057,0 148.9191471195604,-35.53209164996423,0 148.9192573725481,-35.53209685169668,0 148.9193676563122,-35.5321016015461,0 148.9194779680575,-35.53210589939207,0 148.9195883049878,-35.53210974512568,0 148.9196986643064,-35.53211313864943,0 148.919809043216,-35.53211607987731,0 148.9199194389189,-35.53211856873477,0 148.9200298486168,-35.53212060515872,0 148.9201402695111,-35.53212218909756,0 148.920250698803,-35.53212332051111,0 148.9203611336933,-35.53212399937071,0 148.9204715713829,-35.53212422565917,0 148.9205820090726,-35.53212399937071,0 148.9206924439629,-35.53212332051111,0 148.9208028732548,-35.53212218909756,0 148.9209132941491,-35.53212060515872,0 148.9210237038469,-35.53211856873477,0 148.9211340995498,-35.53211607987731,0 148.9212444784595,-35.53211313864943,0 148.9213548377781,-35.53210974512568,0 148.9214651747084,-35.53210589939207,0 148.9215754864537,-35.5321016015461,0 148.9216857702178,-35.53209685169668,0 148.9217960232054,-35.53209164996423,0 148.921906242622,-35.53208599648057,0 148.9220164256736,-35.53207989138904,0 148.9221265695675,-35.53207333484435,0 148.9222366715119,-35.53206632701271,0 148.922346728716,-35.53205886807174,0 148.9224567383902,-35.53205095821051,0 148.9225666977459,-35.53204259762951,0 148.9226766039961,-35.53203378654065,0 148.922786454355,-35.53202452516728,0 148.9228962460381,-35.53201481374414,0 148.9230059762625,-35.53200465251739,0 148.9231156422469,-35.53199404174458,0 148.9232252412116,-35.53198298169469,0 148.9233347703785,-35.53197147264802,0 148.9234442269714,-35.53195951489633,0 148.9235536082158,-35.53194710874269,0 148.9236629113393,-35.53193425450158,0 148.9237721335714,-35.5319209524988,0 148.9238812721435,-35.53190720307153,0 148.9239903242893,-35.53189300656829,0 148.9240992872446,-35.53187836334889,0 148.9242081582476,-35.53186327378452,0 148.9243169345386,-35.53184773825765,0 148.9244256133605,-35.53183175716206,0 148.9245341919586,-35.53181533090283,0 148.9246426675807,-35.53179845989632,0 148.9247510374773,-35.53178114457015,0 148.9248592989016,-35.53176338536323,0 148.9249674491092,-35.5317451827257,0 148.9250754853591,-35.53172653711894,0 148.9251834049127,-35.53170744901558,0 148.9252912050347,-35.53168791889943,0 148.9253988829925,-35.53166794726553,0 148.9255064360568,-35.53164753462011,0 148.9256138615015,-35.53162668148057,0 148.9257211566037,-35.53160538837548,0 148.9258283186438,-35.53158365584456,0 148.9259353449053,-35.53156148443867,0 148.9260422326756,-35.53153887471978,0 148.9261489792454,-35.53151582726099,0 148.9262555819089,-35.53149234264649,0 148.926362037964,-35.53146842147156,0 148.9264683447124,-35.53144406434252,0 148.9265744994595,-35.53141927187674,0 148.9266804995146,-35.53139404470268,0 148.9267863421909,-35.53136838345974,0 148.9268920248055,-35.53134228879838,0 148.9269975446798,-35.53131576138001,0 148.927102899139,-35.53128880187705,0 148.9272080855128,-35.53126141097282,0 148.927313101135,-35.53123358936163,0 148.9274179433436,-35.53120533774865,0 148.9275226094814,-35.53117665685,0 148.9276270968952,-35.53114754739266,0 148.9277314029365,-35.53111801011445,0 148.9278355249617,-35.53108804576409,0 148.9279394603314,-35.53105765510107,0 148.9280432064111,-35.5310268388957,0 148.9281467605713,-35.53099559792911,0 148.928250120187,-35.53096393299315,0 148.9283532826385,-35.53093184489044,0 148.9284562453108,-35.53089933443433,0 148.9285590055942,-35.53086640244886,0 148.9286615608839,-35.53083304976877,0 148.9287639085805,-35.53079927723946,0 148.9288660460897,-35.53076508571696,0 148.9289679708226,-35.53073047606793,0 148.9290696801958,-35.53069544916962,0 148.9291711716312,-35.53066000590988,0 148.9292724425563,-35.53062414718708,0 148.929373490404,-35.53058787391016,0 148.9294743126133,-35.53055118699852,0 148.9295749066283,-35.53051408738207,0 148.9296752698996,-35.53047657600121,0 148.9297753998831,-35.53043865380671,0 148.9298752940407,-35.53040032175981,0 148.9299749498405,-35.53036158083214,0 148.9300743647564,-35.53032243200564,0 148.9301735362686,-35.53028287627263,0 148.9302724618633,-35.53024291463574,0 148.9303711390332,-35.53020254810789,0 148.9304695652768,-35.53016177771225,0 148.9305677380996,-35.53012060448224,0 148.930665655013,-35.53007902946148,0 148.9307633135351,-35.53003705370379,0 148.9308607111906,-35.52999467827312,0 148.9309578455106,-35.52995190424358,0 148.9310547140333,-35.52990873269937,0 148.931151314303,-35.52986516473476,0 148.9312476438714,-35.52982120145408,0 148.9313437002968,-35.52977684397168,0 148.9314394811444,-35.52973209341189,0 148.9315349839864,-35.52968695090901,0 148.931630206402,-35.52964141760729,0 148.9317251459777,-35.52959549466084,0 148.9318198003071,-35.5295491832337,0 148.9319141669909,-35.52950248449974,0 148.9320082436371,-35.52945539964263,0 148.9321020278612,-35.52940792985584,0 148.932195517286,-35.52936007634258,0 148.9322887095419,-35.52931184031583,0 148.9323816022666,-35.52926322299822,0 148.9324741931057,-35.52921422562206,0 148.9325664797121,-35.52916484942931,0 148.9326584597467,-35.5291150956715,0 148.9327501308781,-35.52906496560976,0 148.9328414907826,-35.52901446051474,0 148.9329325371445,-35.52896358166661,0 148.9330232676561,-35.52891233035499,0 148.9331136800176,-35.52886070787897,0 148.9332037719373,-35.52880871554702,0 148.9332935411316,-35.52875635467701,0 148.9333829853252,-35.52870362659614,0 148.9334721022507,-35.52865053264092,0 148.9335608896496,-35.52859707415713,0 148.933649345271,-35.52854325249978,0 148.9337374668731,-35.52848906903311,0 148.9338252522222,-35.52843452513053,0 148.9339126990931,-35.52837962217454,0 148.9339998052693,-35.52832436155681,0 148.9340865685429,-35.52826874467802,0 148.9341729867148,-35.5282127729479,0 148.9342590575944,-35.52815644778518,0 148.9343447790001,-35.52809977061755,0 148.9344301487591,-35.52804274288161,0 148.9345151647076,-35.52798536602286,0 148.9345998246905,-35.52792764149564,0 148.9346841265621,-35.52786957076309,0 148.9347680681855,-35.52781115529716,0 148.934851647433,-35.5277523965785,0 148.9349348621861,-35.52769329609648,0 148.9350177103356,-35.52763385534915,0 148.9351001897815,-35.52757407584314,0 148.9351822984332,-35.5275139590937,0 148.9352640342094,-35.52745350662463,0 148.9353453950385,-35.52739271996822,0 148.935426378858,-35.52733160066524,0 148.9355069836153,-35.5272701502649,0 148.9355872072673,-35.52720837032478,0 148.9356670477806,-35.52714626241084,0 148.9357465031314,-35.52708382809734,0 148.9358255713058,-35.5270210689668,0 148.9359042502996,-35.52695798661001,0 148.9359825381185,-35.52689458262591,0 148.9360604327781,-35.52683085862162,0 148.936137932304,-35.52676681621237,0 148.9362150347318,-35.52670245702144,0 148.9362917381073,-35.52663778268016,0 148.9363680404862,-35.52657279482784,0 148.9364439399344,-35.52650749511176,0 148.9365194345281,-35.52644188518705,0 148.9365945223537,-35.52637596671676,0 148.936669201508,-35.52630974137173,0 148.936743470098,-35.52624321083058,0 148.9368173262413,-35.52617637677969,0 148.9368907680658,-35.52610924091309,0 148.9369637937099,-35.5260418049325,0 148.9370364013228,-35.52597407054723,0 148.9371085890639,-35.52590603947416,0 148.9371803551035,-35.52583771343767,0 148.9372516976225,-35.52576909416965,0 148.9373226148127,-35.52570018340939,0 148.9373931048765,-35.5256309829036,0 148.9374631660271,-35.5255614944063,0 148.9375327964887,-35.52549171967885,0 148.9376019944964,-35.52542166048982,0 148.9376707582961,-35.52535131861502,0 148.937739086145,-35.52528069583742,0 148.937806976311,-35.52520979394712,0 148.9378744270734,-35.52513861474126,0 148.9379414367226,-35.52506716002404,0 148.9380080035598,-35.52499543160665,0 148.938074125898,-35.52492343130718,0 148.9381398020611,-35.52485116095065,0 148.9382050303843,-35.52477862236891,0 148.9382698092144,-35.52470581740061,0 148.9383341369093,-35.52463274789113,0 148.9383980118386,-35.52455941569261,0 148.9384614323831,-35.52448582266378,0 148.9385243969354,-35.52441197067004,0 148.9385869038995,-35.52433786158333,0 148.938648951691,-35.52426349728208,0 148.9387105387372,-35.52418887965124,0 148.9387716634769,-35.52411401058215,0 148.938832324361,-35.52403889197253,0 148.9388925198517,-35.52396352572642,0 148.9389522484234,-35.52388791375415,0 148.9390115085619,-35.52381205797227,0 148.9390702987654,-35.5237359603035,0 148.9391286175436,-35.52365962267671,0 148.9391864634183,-35.52358304702685,0 148.9392438349232,-35.52350623529487,0 148.9393007306042,-35.52342918942777,0 148.9393571490191,-35.52335191137841,0 148.9394130887379,-35.52327440310559,0 148.9394685483426,-35.52319666657392,0 148.9395235264275,-35.52311870375379,0 148.9395780215991,-35.52304051662137,0 148.9396320324761,-35.52296210715846,0 148.9396855576894,-35.52288347735252,0 148.9397385958823,-35.52280462919659,0 148.9397911457105,-35.52272556468926,0 148.939843205842,-35.5226462858346,0 148.9398947749571,-35.52256679464207,0 148.9399458517488,-35.52248709312659,0 148.9399964349225,-35.52240718330834,0 148.9400465231959,-35.52232706721282,0 148.9400961152994,-35.52224674687074,0 148.9401452099762,-35.522166224318,0 148.9401938059817,-35.52208550159562,0 148.9402419020841,-35.52200458074969,0 148.9402894970644,-35.52192346383134,0 148.9403365897162,-35.52184215289662,0 148.9403831788458,-35.52176065000657,0 148.9404292632723,-35.52167895722704,0 148.9404748418276,-35.52159707662871,0 148.9405199133563,-35.52151501028703,0 148.9405644767162,-35.52143276028215,0 148.9406085307776,-35.52135032869887,0 148.9406520744238,-35.52126771762661,0 148.9406951065512,-35.52118492915931,0 148.940737626069,-35.52110196539544,0 148.9407796318995,-35.52101882843788,0 148.9408211229779,-35.52093552039394,0 148.9408620982525,-35.52085204337522,0 148.9409025566848,-35.52076839949765,0 148.9409424972492,-35.52068459088135,0 148.9409819189335,-35.52060061965065,0 148.9410208207382,-35.52051648793396,0 148.9410592016774,-35.5204321978638,0 148.9410970607782,-35.52034775157667,0 148.9411343970811,-35.52026315121306,0 148.9411712096395,-35.52017839891734,0 148.9412074975205,-35.52009349683775,0 148.9412432598043,-35.52000844712632,0 148.9412784955844,-35.51992325193881,0 148.9413132039676,-35.51983791343468,0 148.9413473840741,-35.51975243377703,0 148.9413810350378,-35.51966681513252,0 148.9414141560054,-35.51958105967134,0 148.9414467461376,-35.51949516956715,0 148.9414788046083,-35.51940914699703,0 148.9415103306048,-35.51932299414139,0 148.9415413233282,-35.51923671318399,0 148.9415717819927,-35.51915030631179,0 148.9416017058264,-35.51906377571497,0 148.9416310940708,-35.51897712358682,0 148.9416599459809,-35.51889035212375,0 148.9416882608255,-35.51880346352515,0 148.9417160378869,-35.51871645999342,0 148.9417432764609,-35.51862934373384,0 148.9417699758572,-35.51854211695457,0 148.941796135399,-35.51845478186657,0 148.9418217544233,-35.51836734068351,0 148.9418468322806,-35.5182797956218,0 148.9418713683353,-35.51819214890046,0 148.9418953619655,-35.51810440274108,0 148.9419188125631,-35.51801655936779,0 148.9419417195336,-35.51792862100716,0 148.9419640822964,-35.51784058988817,0 148.9419859002845,-35.51775246824219,0 148.9420071729452,-35.51766425830282,0 148.9420278997391,-35.51757596230597,0 148.9420480801408,-35.51748758248966,0 148.9420677136389,-35.51739912109409,0 148.9420867997357,-35.5173105803615,0 148.9421053379475,-35.51722196253615,0 148.9421233278042,-35.51713326986426,0 148.94214076885,-35.51704450459393,0 148.9421576606427,-35.51695566897511,0 148.9421740027542,-35.51686676525952,0 148.9421897947702,-35.51677779570064,0 148.9422050362906,-35.51668876255358,0 148.9422197269289,-35.5165996680751,0 148.9422338663128,-35.51651051452348,0 148.9422474540839,-35.51642130415851,0 148.9422604898978,-35.51633203924141,0 148.942272973424,-35.51624272203482,0 148.9422849043462,-35.51615335480267,0 148.9422962823619,-35.51606393981017,0 148.9423071071827,-35.51597447932371,0 148.9423173785343,-35.5158849756109,0 148.9423270961562,-35.51579543094039,0 148.9423362598023,-35.51570584758188,0 148.9423448692401,-35.51561622780606,0 148.9423529242515,-35.51552657388454,0 148.9423604246324,-35.51543688808979,0 148.9423673701925,-35.5153471726951,0 148.9423737607559,-35.5152574299745,0 148.9423795961606,-35.5151676622027,0 148.9423848762586,-35.51507787165508,0 148.9423896009161,-35.51498806060756,0 148.9423937700134,-35.51489823133662,0 148.9423973834447,-35.51480838611916,0 148.9424004411186,-35.5147185272325,0 148.9424029429574,-35.51462865695433,0 148.9424048888978,-35.51453877756258,0 148.9424062788905,-35.51444889133547,0 148.9424071129002,-35.51435900055133,0 
						</coordinates>
					</LinearRing>
				</outerBoundaryIs>
			</Polygon>
		</Placemark>
		<Placemark id="535">
			<name>GRB_0</name>
			<styleUrl>#538</styleUrl>
			<Polygon id="534">
				<outerBoundaryIs>
					<LinearRing id="536">
						<coordinates>
							148.8758870075785,-35.30010303646808,0 148.8747638044966,-35.30006300783413,0 148.8736491529805,-35.29994322669259,0 148.8725515394126,-35.29974460500155,0 148.8714793203078,-35.29946865496549,0 148.8704406586244,-35.29911747750916,0 148.8694434615549,-35.29869374626458,0 148.8684953202776,-35.29820068719386,0 148.8676034521242,-35.29764205400394,0 148.8667746456093,-35.29702209954125,0 148.8660152087394,-35.29634554338508,0 148.8653309209969,-35.29561753588769,0 148.8647269893628,-35.29484361893593,0 148.8642080087155,-35.29402968373429,0 148.8637779269034,-35.29318192593195,0 148.8634400147576,-35.29230679843649,0 148.86319684127,-35.29141096227404,0 148.8630502541249,-35.29050123587142,0 148.8630013657287,-35.28958454314635,0 148.863050544841,-35.28866786080157,0 148.8631974138689,-35.28775816522447,0 148.8634408518412,-35.28686237939613,0 148.8637790030373,-35.28598732021396,0 148.864209291202,-35.28513964662851,0 148.864728439234,-35.28432580898838,0 148.8653324941994,-35.28355199997846,0 148.8660168574723,-35.28282410752344,0 148.8667763197765,-35.28214767001472,0 148.867605100857,-35.28152783419947,0 148.8684968934803,-35.28096931605194,0 148.8694449114263,-35.28047636492305,0 148.8704419411109,-35.28005273124,0 148.871480396442,-35.27970163800055,0 148.8725523764962,-35.27942575627781,0 148.8736497255796,-35.27922718492088,0 148.8747640952128,-35.27910743460489,0 148.8758870075785,-35.27906741635124,0 148.8770099199443,-35.27910743460489,0 148.8781242895776,-35.27922718492089,0 148.8792216386608,-35.27942575627784,0 148.8802936187151,-35.27970163800058,0 148.8813320740463,-35.28005273124003,0 148.8823291037309,-35.2804763649231,0 148.8832771216769,-35.28096931605199,0 148.8841689143001,-35.2815278341995,0 148.8849976953806,-35.28214767001477,0 148.8857571576849,-35.2828241075235,0 148.8864415209577,-35.28355199997851,0 148.8870455759231,-35.28432580898845,0 148.8875647239552,-35.28513964662856,0 148.8879950121197,-35.28598732021402,0 148.8883331633159,-35.28686237939618,0 148.8885766012883,-35.28775816522453,0 148.8887234703161,-35.28866786080163,0 148.8887726494284,-35.28958454314642,0 148.8887237610321,-35.2905012358715,0 148.8885771738871,-35.29141096227412,0 148.8883340003995,-35.29230679843656,0 148.8879960882536,-35.29318192593203,0 148.8875660064416,-35.29402968373435,0 148.8870470257943,-35.29484361893601,0 148.8864430941603,-35.29561753588778,0 148.8857588064176,-35.29634554338516,0 148.8849993695478,-35.29702209954133,0 148.8841705630329,-35.29764205400401,0 148.8832786948795,-35.29820068719391,0 148.8823305536021,-35.29869374626463,0 148.8813333565327,-35.29911747750922,0 148.8802946948491,-35.29946865496553,0 148.8792224757444,-35.29974460500159,0 148.8781248621765,-35.29994322669263,0 148.8770102106603,-35.30006300783415,0 148.8758870075785,-35.30010303646808,0 
						</coordinates>
					</LinearRing>
				</outerBoundaryIs>
			</Polygon>
		</Placemark>
		<Placemark id="542">
			<name>GRB</name>
			<styleUrl>#545</styleUrl>
			<Polygon id="541">
				<extrude>1</extrude>
				<altitudeMode>absolute</altitudeMode>
				<outerBoundaryIs>
					<LinearRing id="543">
						<coordinates>
							148.8758870075785,-35.30010303646808,1493.52 148.8747638044966,-35.30006300783413,1493.52 148.8736491529805,-35.29994322669259,1493.52 148.8725515394126,-35.29974460500155,1493.52 148.8714793203078,-35.29946865496549,1493.52 148.8704406586244,-35.29911747750916,1493.52 148.8694434615549,-35.29869374626458,1493.52 148.8684953202776,-35.29820068719386,1493.52 148.8676034521242,-35.29764205400394,1493.52 148.8667746456093,-35.29702209954125,1493.52 148.8660152087394,-35.29634554338508,1493.52 148.8653309209969,-35.29561753588769,1493.52 148.8647269893628,-35.29484361893593,1493.52 148.8642080087155,-35.29402968373429,1493.52 148.8637779269034,-35.29318192593195,1493.52 148.8634400147576,-35.29230679843649,1493.52 148.86319684127,-35.29141096227404,1493.52 148.8630502541249,-35.29050123587142,1493.52 148.8630013657287,-35.28958454314635,1493.52 148.863050544841,-35.28866786080157,1493.52 148.8631974138689,-35.28775816522447,1493.52 148.8634408518412,-35.28686237939613,1493.52 148.8637790030373,-35.28598732021396,1493.52 148.864209291202,-35.28513964662851,1493.52 148.864728439234,-35.28432580898838,1493.52 148.8653324941994,-35.28355199997846,1493.52 148.8660168574723,-35.28282410752344,1493.52 148.8667763197765,-35.28214767001472,1493.52 148.867605100857,-35.28152783419947,1493.52 148.8684968934803,-35.28096931605194,1493.52 148.8694449114263,-35.28047636492305,1493.52 148.8704419411109,-35.28005273124,1493.52 148.871480396442,-35.27970163800055,1493.52 148.8725523764962,-35.27942575627781,1493.52 148.8736497255796,-35.27922718492088,1493.52 148.8747640952128,-35.27910743460489,1493.52 148.8758870075785,-35.27906741635124,1493.52 148.8770099199443,-35.27910743460489,1493.52 148.8781242895776,-35.27922718492089,1493.52 148.8792216386608,-35.27942575627784,1493.52 148.8802936187151,-35.27970163800058,1493.52 148.8813320740463,-35.28005273124003,1493.52 148.8823291037309,-35.2804763649231,1493.52 148.8832771216769,-35.28096931605199,1493.52 148.8841689143001,-35.2815278341995,1493.52 148.8849976953806,-35.28214767001477,1493.52 148.8857571576849,-35.2828241075235,1493.52 148.8864415209577,-35.28355199997851,1493.52 148.8870455759231,-35.28432580898845,1493.52 148.8875647239552,-35.28513964662856,1493.52 148.8879950121197,-35.28598732021402,1493.52 148.8883331633159,-35.28686237939618,1493.52 148.8885766012883,-35.28775816522453,1493.52 148.8887234703161,-35.28866786080163,1493.52 148.8887726494284,-35.28958454314642,1493.52 148.8887237610321,-35.2905012358715,1493.52 148.8885771738871,-35.29141096227412,1493.52 148.8883340003995,-35.29230679843656,1493.52 148.8879960882536,-35.29318192593203,1493.52 148.8875660064416,-35.29402968373435,1493.52 148.8870470257943,-35.29484361893601,1493.52 148.8864430941603,-35.29561753588778,1493.52 148.8857588064176,-35.29634554338516,1493.52 148.8849993695478,-35.29702209954133,1493.52 148.8841705630329,-35.29764205400401,1493.52 148.8832786948795,-35.29820068719391,1493.52 148.8823305536021,-35.29869374626463,1493.52 148.8813333565327,-35.29911747750922,1493.52 148.8802946948491,-35.29946865496553,1493.52 148.8792224757444,-35.29974460500159,1493.52 148.8781248621765,-35.29994322669263,1493.52 148.8770102106603,-35.30006300783415,1493.52 148.8758870075785,-35.30010303646808,1493.52 
						</coordinates>
					</LinearRing>
				</outerBoundaryIs>
			</Polygon>
		</Placemark>
		<Placemark id="549">
			<name>GRB_nfz_0</name>
			<styleUrl>#552</styleUrl>
			<Polygon id="548">
				<outerBoundaryIs>
					<LinearRing id="550">
						<coordinates>
							148.8764378996701,-35.28972896904773,0 148.876427314433,-35.28964124457688,0 148.8763959655066,-35.28955689130825,0 148.8763450576123,-35.28947915089065,0 148.8762765471122,-35.28941101084472,0 148.8761930668262,-35.28935508975422,0 148.876097824855,-35.28931353663531,0 148.8759944812941,-35.28928794835101,0 148.8758870075785,-35.28927930824477,0 148.875779533863,-35.28928794835101,0 148.8756761903021,-35.28931353663531,0 148.8755809483308,-35.28935508975422,0 148.8754974680449,-35.28941101084472,0 148.8754289575448,-35.28947915089065,0 148.8753780496505,-35.28955689130825,0 148.8753467007241,-35.28964124457688,0 148.875336115487,-35.28972896904773,0 148.8753467007241,-35.28981669351858,0 148.8753780496505,-35.28990104678721,0 148.8754289575448,-35.28997878720481,0 148.8754974680449,-35.29004692725074,0 148.8755809483308,-35.29010284834123,0 148.8756761903021,-35.29014440146015,0 148.875779533863,-35.29016998974444,0 148.8758870075785,-35.29017862985069,0 148.8759944812941,-35.29016998974444,0 148.876097824855,-35.29014440146015,0 148.8761930668262,-35.29010284834123,0 148.8762765471122,-35.29004692725074,0 148.8763450576123,-35.28997878720481,0 148.8763959655066,-35.28990104678721,0 148.876427314433,-35.28981669351858,0 
						</coordinates>
					</LinearRing>
				</outerBoundaryIs>
			</Polygon>
		</Placemark>
		<Placemark id="556">
			<name>GRB_grb_0</name>
			<styleUrl>#559</styleUrl>
			<Polygon id="555">
				<outerBoundaryIs>
					<LinearRing id="557">
						<coordinates>
							148.8840040899921,-35.28972896904773,0 148.8840033425784,-35.28963905987607,0 148.884001100475,-35.28954916726192,0 148.8839973640947,-35.28945930775974,0 148.8839921341257,-35.28936949791791,0 148.883985411531,-35.28927975427564,0 148.8839771975488,-35.28919009335996,0 148.8839674936916,-35.28910053168266,0 148.8839563017466,-35.28901108573726,0 148.8839436237748,-35.28892177199597,0 148.883929462111,-35.28883260690664,0 148.8839138193631,-35.28874360688976,0 148.8838966984119,-35.28865478833542,0 148.8838781024103,-35.28856616760027,0 148.883858034783,-35.28847776100456,0 148.8838364992257,-35.2883895848291,0 148.8838134997041,-35.28830165531222,0 148.8837890404539,-35.2882139886469,0 148.8837631259795,-35.28812660097766,0 148.8837357610532,-35.28803950839765,0 148.8837069507145,-35.2879527269457,0 148.883676700269,-35.28786627260332,0 148.8836450152877,-35.28778016129178,0 148.8836119016055,-35.2876944088692,0 148.8835773653207,-35.28760903112758,0 148.8835414127933,-35.28752404378994,0 148.8835040506444,-35.28743946250739,0 148.8834652857544,-35.28735530285627,0 148.8834251252623,-35.28727158033527,0 148.8833835765639,-35.28718831036259,0 148.8833406473107,-35.28710550827306,0 148.8832963454086,-35.28702318931538,0 148.8832506790161,-35.28694136864926,0 148.883203656543,-35.28686006134264,0 148.8831552866489,-35.28677928236895,0 148.8831055782416,-35.28669904660426,0 148.8830545404751,-35.28661936882469,0 148.8830021827487,-35.28654026370352,0 148.8829485147043,-35.28646174580864,0 148.8828935462253,-35.28638382959974,0 148.8828372874348,-35.28630652942574,0 148.8827797486931,-35.2862298595221,0 148.8827209405966,-35.28615383400822,0 148.8826608739751,-35.28607846688481,0 148.8825995598906,-35.28600377203136,0 148.8825370096344,-35.28592976320353,0 148.8824732347257,-35.28585645403064,0 148.8824082469093,-35.28578385801321,0 148.8823420581529,-35.28571198852037,0 148.8822746806461,-35.28564085878748,0 148.8822061267968,-35.28557048191366,0 148.8821364092299,-35.2855008708594,0 148.8820655407843,-35.28543203844414,0 148.881993534511,-35.28536399734394,0 148.8819204036706,-35.28529676008912,0 148.8818461617309,-35.28523033906199,0 148.8817708223639,-35.28516474649449,0 148.8816943994442,-35.28509999446608,0 148.8816169070456,-35.28503609490134,0 148.8815383594388,-35.28497305956792,0 148.8814587710893,-35.28491090007427,0 148.8813781566538,-35.2848496278676,0 148.881296530978,-35.28478925423168,0 148.8812139090941,-35.2847297902848,0 148.8811303062175,-35.28467124697774,0 148.8810457377445,-35.28461363509174,0 148.8809602192489,-35.28455696523649,0 148.8808737664797,-35.28450124784821,0 148.8807863953579,-35.28444649318774,0 148.8806981219737,-35.28439271133856,0 148.8806089625832,-35.28433991220506,0 148.8805189336059,-35.28428810551063,0 148.8804280516214,-35.28423730079592,0 148.8803363333663,-35.28418750741699,0 148.8802437957314,-35.28413873454375,0 148.8801504557581,-35.28409099115808,0 148.8800563306359,-35.28404428605234,0 148.8799614376985,-35.28399862782766,0 148.8798657944215,-35.28395402489238,0 148.8797694184181,-35.28391048546049,0 148.8796723274369,-35.28386801755013,0 148.8795745393579,-35.28382662898211,0 148.8794760721898,-35.28378632737849,0 148.8793769440658,-35.28374712016114,0 148.8792771732415,-35.28370901455038,0 148.8791767780902,-35.28367201756367,0 148.8790757771007,-35.28363613601432,0 148.8789741888732,-35.28360137651021,0 148.8788720321158,-35.28356774545259,0 148.8787693256417,-35.28353524903488,0 148.878666088365,-35.28350389324158,0 148.8785623392978,-35.28347368384711,0 148.8784580975462,-35.28344462641477,0 148.8783533823073,-35.28341672629574,0 148.8782482128653,-35.28338998862804,0 148.8781426085879,-35.28336441833565,0 148.8780365889231,-35.28334002012754,0 148.8779301733952,-35.28331679849683,0 148.8778233816016,-35.28329475771999,0 148.8777162332087,-35.28327390185601,0 148.877608747949,-35.28325423474565,0 148.8775009456166,-35.28323576001078,0 148.8773928460643,-35.28321848105369,0 148.8772844691995,-35.28320240105642,0 148.8771758349806,-35.28318752298024,0 148.8770669634135,-35.28317384956507,0 148.876957874548,-35.28316138332899,0 148.8768485884735,-35.28315012656775,0 148.8767391253159,-35.28314008135438,0 148.8766295052339,-35.28313124953878,0 148.8765197484148,-35.28312363274742,0 148.8764098750713,-35.28311723238298,0 148.8762999054375,-35.28311204962413,0 148.8761898597651,-35.28310808542534,0 148.8760797583201,-35.28310534051663,0 148.8759696213784,-35.28310381540352,0 148.8758594692226,-35.28310351036686,0 148.8757493221383,-35.28310442546281,0 148.8756392004099,-35.28310656052287,0 148.8755291243173,-35.28310991515384,0 148.8754191141317,-35.28311448873794,0 148.8753091901126,-35.28312028043291,0 148.8751993725033,-35.28312728917216,0 148.8750896815277,-35.28313551366497,0 148.8749801373862,-35.28314495239673,0 148.8748707602523,-35.28315560362923,0 148.8747615702687,-35.28316746540094,0 148.8746525875436,-35.28318053552745,0 148.8745438321471,-35.28319481160176,0 148.8744353241074,-35.28321029099482,0 148.8743270834071,-35.28322697085596,0 148.8742191299797,-35.28324484811348,0 148.8741114837056,-35.28326391947512,0 148.8740041644088,-35.28328418142872,0 148.8738971918531,-35.28330563024289,0 148.8737905857382,-35.28332826196765,0 148.8736843656967,-35.28335207243517,0 148.8735785512897,-35.28337705726057,0 148.873473162004,-35.2834032118427,0 148.8733682172477,-35.28343053136496,0 148.8732637363473,-35.28345901079624,0 148.8731597385439,-35.28348864489182,0 148.8730562429895,-35.28351942819434,0 148.8729532687436,-35.2835513550348,0 148.8728508347698,-35.28358441953362,0 148.8727489599322,-35.28361861560168,0 148.8726476629917,-35.2836539369415,0 148.8725469626033,-35.28369037704839,0 148.8724468773115,-35.28372792921157,0 148.872347425548,-35.28376658651553,0 148.8722486256275,-35.28380634184118,0 148.872150495745,-35.28384718786727,0 148.8720530539718,-35.28388911707167,0 148.8719563182527,-35.28393212173278,0 148.8718603064023,-35.2839761939309,0 148.8717650361019,-35.28402132554982,0 148.8716705248965,-35.28406750827816,0 148.8715767901909,-35.28411473361098,0 148.8714838492473,-35.28416299285136,0 148.8713917191815,-35.28421227711198,0 148.87130041696,-35.28426257731671,0 148.8712099593967,-35.28431388420237,0 148.8711203631503,-35.28436618832038,0 148.8710316447206,-35.28441948003849,0 148.8709438204459,-35.28447374954261,0 148.8708569064997,-35.28452898683854,0 148.8707709188878,-35.28458518175392,0 148.8706858734458,-35.28464232393996,0 148.8706017858352,-35.28470040287347,0 148.8705186715417,-35.28475940785873,0 148.8704365458713,-35.2848193280295,0 148.8703554239483,-35.28488015235098,0 148.8702753207117,-35.28494186962187,0 148.8701962509134,-35.28500446847643,0 148.8701182291147,-35.28506793738656,0 148.8700412696839,-35.28513226466396,0 148.8699653867937,-35.28519743846222,0 148.8698905944186,-35.28526344677905,0 148.8698169063323,-35.28533027745847,0 148.869744336105,-35.28539791819307,0 148.869672897101,-35.28546635652625,0 148.8696026024765,-35.28553557985453,0 148.8695334651768,-35.28560557542988,0 148.8694654979341,-35.28567633036201,0 148.8693987132652,-35.28574783162085,0 148.8693331234689,-35.28582006603882,0 148.8692687406242,-35.28589302031339,0 148.8692055765878,-35.28596668100942,0 148.8691436429917,-35.28604103456168,0 148.8690829512416,-35.28611606727737,0 148.8690235125143,-35.28619176533859,0 148.868965337756,-35.28626811480491,0 148.8689084376801,-35.28634510161596,0 148.8688528227651,-35.286422711594,0 148.868798503253,-35.2865009304465,0 148.8687454891472,-35.28657974376881,0 148.8686937902106,-35.28665913704681,0 148.8686434159641,-35.2867390956596,0 148.8685943756845,-35.28681960488211,0 148.8685466784029,-35.28690064988793,0 148.8685003329032,-35.28698221575195,0 148.8684553477203,-35.28706428745314,0 148.8684117311387,-35.28714684987733,0 148.8683694911905,-35.28722988781998,0 148.8683286356547,-35.28731338598894,0 148.8682891720552,-35.28739732900738,0 148.8682511076595,-35.28748170141647,0 148.8682144494775,-35.28756648767835,0 148.86817920426,-35.28765167217892,0 148.8681453784979,-35.28773723923079,0 148.8681129784203,-35.28782317307604,0 148.868082009994,-35.28790945788928,0 148.8680524789221,-35.28799607778045,0 148.868024390643,-35.28808301679776,0 148.8679977503294,-35.28817025893071,0 148.8679725628872,-35.28825778811291,0 148.8679488329551,-35.28834558822518,0 148.867926564903,-35.28843364309837,0 148.8679057628318,-35.28852193651648,0 148.8678864305724,-35.28861045221954,0 148.8678685716849,-35.28869917390666,0 148.8678521894582,-35.28878808523901,0 148.8678372869093,-35.28887716984285,0 148.8678238667825,-35.2889664113125,0 148.8678119315494,-35.28905579321342,0 148.8678014834078,-35.2891452990852,0 148.8677925242818,-35.28923491244459,0 148.8677850558215,-35.28932461678857,0 148.8677790794021,-35.28941439559733,0 148.8677745961242,-35.28950423233739,0 148.8677716068135,-35.28959411046454,0 148.8677701120206,-35.28968401342702,0 148.8677701120206,-35.28977392466844,0 148.8677716068135,-35.28986382763092,0 148.8677745961242,-35.28995370575807,0 148.8677790794021,-35.29004354249813,0 148.8677850558215,-35.29013332130689,0 148.8677925242818,-35.29022302565087,0 148.8678014834078,-35.29031263901026,0 148.8678119315494,-35.29040214488204,0 148.8678238667825,-35.29049152678296,0 148.8678372869093,-35.29058076825261,0 148.8678521894582,-35.29066985285645,0 148.8678685716849,-35.29075876418879,0 148.8678864305724,-35.29084748587591,0 148.8679057628318,-35.29093600157898,0 148.867926564903,-35.29102429499709,0 148.8679488329551,-35.29111234987028,0 148.8679725628872,-35.29120014998254,0 148.8679977503294,-35.29128767916475,0 148.868024390643,-35.2913749212977,0 148.8680524789221,-35.29146186031501,0 148.868082009994,-35.29154848020617,0 148.8681129784203,-35.29163476501941,0 148.8681453784979,-35.29172069886467,0 148.86817920426,-35.29180626591653,0 148.8682144494775,-35.29189145041711,0 148.8682511076595,-35.29197623667899,0 148.8682891720552,-35.29206060908808,0 148.8683286356547,-35.29214455210651,0 148.8683694911905,-35.29222805027548,0 148.8684117311387,-35.29231108821813,0 148.8684553477203,-35.29239365064232,0 148.8685003329032,-35.29247572234351,0 148.8685466784029,-35.29255728820753,0 148.8685943756845,-35.29263833321335,0 148.8686434159641,-35.29271884243586,0 148.8686937902106,-35.29279880104865,0 148.8687454891472,-35.29287819432665,0 148.868798503253,-35.29295700764896,0 148.8688528227651,-35.29303522650145,0 148.8689084376801,-35.29311283647949,0 148.868965337756,-35.29318982329055,0 148.8690235125143,-35.29326617275687,0 148.8690829512416,-35.29334187081809,0 148.8691436429917,-35.29341690353377,0 148.8692055765878,-35.29349125708604,0 148.8692687406242,-35.29356491778207,0 148.8693331234689,-35.29363787205664,0 148.8693987132652,-35.29371010647461,0 148.8694654979341,-35.29378160773345,0 148.8695334651768,-35.29385236266558,0 148.8696026024765,-35.29392235824092,0 148.869672897101,-35.2939915815692,0 148.869744336105,-35.29406001990239,0 148.8698169063323,-35.29412766063699,0 148.8698905944186,-35.29419449131641,0 148.8699653867937,-35.29426049963324,0 148.8700412696839,-35.29432567343149,0 148.8701182291147,-35.29439000070889,0 148.8701962509134,-35.29445346961903,0 148.8702753207117,-35.29451606847359,0 148.8703554239483,-35.29457778574448,0 148.8704365458713,-35.29463861006596,0 148.8705186715417,-35.29469853023673,0 148.8706017858352,-35.29475753522199,0 148.8706858734458,-35.2948156141555,0 148.8707709188878,-35.29487275634154,0 148.8708569064997,-35.29492895125691,0 148.8709438204459,-35.29498418855285,0 148.8710316447206,-35.29503845805696,0 148.8711203631503,-35.29509174977508,0 148.8712099593967,-35.29514405389309,0 148.87130041696,-35.29519536077875,0 148.8713917191815,-35.29524566098348,0 148.8714838492473,-35.29529494524409,0 148.8715767901909,-35.29534320448447,0 148.8716705248965,-35.2953904298173,0 148.8717650361019,-35.29543661254564,0 148.8718603064023,-35.29548174416455,0 148.8719563182527,-35.29552581636268,0 148.8720530539718,-35.29556882102379,0 148.872150495745,-35.29561075022819,0 148.8722486256275,-35.29565159625427,0 148.872347425548,-35.29569135157993,0 148.8724468773115,-35.29573000888389,0 148.8725469626033,-35.29576756104707,0 148.8726476629917,-35.29580400115395,0 148.8727489599322,-35.29583932249378,0 148.8728508347698,-35.29587351856184,0 148.8729532687436,-35.29590658306066,0 148.8730562429895,-35.29593850990112,0 148.8731597385439,-35.29596929320364,0 148.8732637363473,-35.29599892729922,0 148.8733682172477,-35.2960274067305,0 148.873473162004,-35.29605472625276,0 148.8735785512897,-35.29608088083488,0 148.8736843656967,-35.29610586566029,0 148.8737905857382,-35.29612967612781,0 148.8738971918531,-35.29615230785257,0 148.8740041644088,-35.29617375666674,0 148.8741114837056,-35.29619401862034,0 148.8742191299797,-35.29621308998198,0 148.8743270834071,-35.2962309672395,0 148.8744353241074,-35.29624764710064,0 148.8745438321471,-35.2962631264937,0 148.8746525875436,-35.29627740256801,0 148.8747615702687,-35.29629047269452,0 148.8748707602523,-35.29630233446623,0 148.8749801373862,-35.29631298569873,0 148.8750896815277,-35.29632242443049,0 148.8751993725033,-35.2963306489233,0 148.8753091901126,-35.29633765766255,0 148.8754191141317,-35.29634344935751,0 148.8755291243173,-35.29634802294162,0 148.8756392004099,-35.29635137757258,0 148.8757493221383,-35.29635351263265,0 148.8758594692226,-35.2963544277286,0 148.8759696213784,-35.29635412269194,0 148.8760797583201,-35.29635259757882,0 148.8761898597651,-35.29634985267012,0 148.8762999054375,-35.29634588847133,0 148.8764098750713,-35.29634070571248,0 148.8765197484148,-35.29633430534804,0 148.8766295052339,-35.29632668855668,0 148.8767391253159,-35.29631785674108,0 148.8768485884735,-35.2963078115277,0 148.876957874548,-35.29629655476646,0 148.8770669634135,-35.29628408853038,0 148.8771758349806,-35.29627041511522,0 148.8772844691995,-35.29625553703904,0 148.8773928460643,-35.29623945704177,0 148.8775009456166,-35.29622217808468,0 148.877608747949,-35.2962037033498,0 148.8777162332087,-35.29618403623945,0 148.8778233816016,-35.29616318037547,0 148.8779301733952,-35.29614113959862,0 148.8780365889231,-35.29611791796792,0 148.8781426085879,-35.2960935197598,0 148.8782482128653,-35.29606794946741,0 148.8783533823073,-35.29604121179972,0 148.8784580975462,-35.29601331168069,0 148.8785623392978,-35.29598425424835,0 148.878666088365,-35.29595404485388,0 148.8787693256417,-35.29592268906057,0 148.8788720321158,-35.29589019264287,0 148.8789741888732,-35.29585656158525,0 148.8790757771007,-35.29582180208114,0 148.8791767780902,-35.29578592053178,0 148.8792771732415,-35.29574892354508,0 148.8793769440658,-35.29571081793432,0 148.8794760721898,-35.29567161071697,0 148.8795745393579,-35.29563130911335,0 148.8796723274369,-35.29558992054533,0 148.8797694184181,-35.29554745263497,0 148.8798657944215,-35.29550391320308,0 148.8799614376985,-35.29545931026779,0 148.8800563306359,-35.29541365204312,0 148.8801504557581,-35.29536694693738,0 148.8802437957314,-35.29531920355171,0 148.8803363333663,-35.29527043067846,0 148.8804280516214,-35.29522063729954,0 148.8805189336059,-35.29516983258483,0 148.8806089625832,-35.2951180258904,0 148.8806981219737,-35.2950652267569,0 148.8807863953579,-35.29501144490772,0 148.8808737664797,-35.29495669024725,0 148.8809602192489,-35.29490097285897,0 148.8810457377445,-35.29484430300372,0 148.8811303062175,-35.29478669111772,0 148.8812139090941,-35.29472814781066,0 148.881296530978,-35.29466868386378,0 148.8813781566538,-35.29460831022786,0 148.8814587710893,-35.29454703802119,0 148.8815383594388,-35.29448487852754,0 148.8816169070456,-35.29442184319412,0 148.8816943994442,-35.29435794362938,0 148.8817708223639,-35.29429319160096,0 148.8818461617309,-35.29422759903347,0 148.8819204036706,-35.29416117800633,0 148.881993534511,-35.29409394075152,0 148.8820655407843,-35.29402589965132,0 148.8821364092299,-35.29395706723606,0 148.8822061267968,-35.2938874561818,0 148.8822746806461,-35.29381707930798,0 148.8823420581529,-35.29374594957509,0 148.8824082469093,-35.29367408008225,0 148.8824732347257,-35.29360148406482,0 148.8825370096344,-35.29352817489193,0 148.8825995598906,-35.2934541660641,0 148.8826608739751,-35.29337947121065,0 148.8827209405966,-35.29330410408723,0 148.8827797486931,-35.29322807857336,0 148.8828372874348,-35.29315140866971,0 148.8828935462253,-35.29307410849572,0 148.8829485147043,-35.29299619228682,0 148.8830021827487,-35.29291767439194,0 148.8830545404751,-35.29283856927077,0 148.8831055782416,-35.2927588914912,0 148.8831552866489,-35.29267865572651,0 148.883203656543,-35.29259787675282,0 148.8832506790161,-35.2925165694462,0 148.8832963454086,-35.29243474878007,0 148.8833406473107,-35.2923524298224,0 148.8833835765639,-35.29226962773287,0 148.8834251252623,-35.29218635776019,0 148.8834652857544,-35.29210263523919,0 148.8835040506444,-35.29201847558807,0 148.8835414127933,-35.29193389430552,0 148.8835773653207,-35.29184890696788,0 148.8836119016055,-35.29176352922626,0 148.8836450152877,-35.29167777680368,0 148.883676700269,-35.29159166549214,0 148.8837069507145,-35.29150521114975,0 148.8837357610532,-35.29141842969781,0 148.8837631259795,-35.2913313371178,0 148.8837890404539,-35.29124394944856,0 148.8838134997041,-35.29115628278323,0 148.8838364992257,-35.29106835326636,0 148.883858034783,-35.29098017709089,0 148.8838781024103,-35.29089177049519,0 148.8838966984119,-35.29080314976004,0 148.8839138193631,-35.2907143312057,0 148.883929462111,-35.29062533118882,0 148.8839436237748,-35.29053616609949,0 148.8839563017466,-35.2904468523582,0 148.8839674936916,-35.2903574064128,0 148.8839771975488,-35.2902678447355,0 148.883985411531,-35.29017818381982,0 148.8839921341257,-35.29008844017754,0 148.8839973640947,-35.28999863033572,0 148.884001100475,-35.28990877083353,0 148.8840033425784,-35.28981887821939,0 
						</coordinates>
					</LinearRing>
				</outerBoundaryIs>
			</Polygon>
		</Placemark>
		<Placemark id="563">
			<name>GRB_dv_0</name>
			<styleUrl>#566</styleUrl>
			<Polygon id="562">
				<outerBoundaryIs>
					<LinearRing id="564">
						<coordinates>
							148.8926090244623,-35.28972896904773,0 148.8926086617853,-35.28963907405423,0 148.8926075737699,-35.28954918296013,0 148.8926057604633,-35.28945929966465,0 148.8926032219441,-35.28936942806666,0 148.8925999583226,-35.28927957206454,0 148.8925959697402,-35.28918973555601,0 148.89259125637,-35.28909992243791,0 148.8925858184164,-35.28901013660609,0 148.8925796561153,-35.2889203819552,0 148.892572769734,-35.28883066237855,0 148.8925651595712,-35.28874098176791,0 148.8925568259571,-35.28865134401339,0 148.892547769253,-35.28856175300321,0 148.892537989852,-35.28847221262359,0 148.8925274881781,-35.28838272675852,0 148.8925162646869,-35.28829329928967,0 148.8925043198653,-35.28820393409613,0 148.8924916542314,-35.28811463505433,0 148.8924782683345,-35.2880254060378,0 148.8924641627554,-35.28793625091704,0 148.8924493381058,-35.28784717355937,0 148.8924337950289,-35.28775817782869,0 148.8924175341989,-35.28766926758539,0 148.892400556321,-35.28758044668617,0 148.8923828621319,-35.2874917189838,0 148.8923644523988,-35.28740308832705,0 148.8923453279205,-35.28731455856048,0 148.8923254895266,-35.28722613352425,0 148.8923049380774,-35.28713781705399,0 148.8922836744646,-35.28704961298063,0 148.8922616996105,-35.2869615251302,0 148.8922390144682,-35.28687355732372,0 148.8922156200217,-35.28678571337697,0 148.892191517286,-35.28669799710038,0 148.8921667073064,-35.28661041229884,0 148.8921411911593,-35.28652296277153,0 148.8921149699512,-35.28643565231177,0 148.8920880448198,-35.28634848470683,0 148.8920604169329,-35.28626146373779,0 148.892032087489,-35.2861745931794,0 148.8920030577168,-35.28608787679986,0 148.8919733288757,-35.28600131836065,0 148.8919429022552,-35.28591492161647,0 148.891911779175,-35.28582869031494,0 148.8918799609853,-35.28574262819655,0 148.8918474490662,-35.28565673899443,0 148.891814244828,-35.28557102643419,0 148.891780349711,-35.28548549423383,0 148.8917457651855,-35.28540014610348,0 148.8917104927516,-35.28531498574532,0 148.8916745339394,-35.28523001685334,0 148.8916378903087,-35.28514524311327,0 148.8916005634489,-35.28506066820235,0 148.8915625549793,-35.2849762957892,0 148.8915238665484,-35.28489212953367,0 148.8914844998345,-35.28480817308665,0 148.8914444565452,-35.28472443008992,0 148.8914037384175,-35.28464090417603,0 148.8913623472176,-35.28455759896811,0 148.891320284741,-35.28447451807968,0 148.8912775528122,-35.28439166511458,0 148.8912341532847,-35.28430904366673,0 148.8911900880412,-35.28422665732,0 148.8911453589931,-35.28414450964811,0 148.8910999680805,-35.28406260421437,0 148.8910539172725,-35.28398094457161,0 148.8910072085666,-35.28389953426201,0 148.8909598439888,-35.28381837681691,0 148.8909118255937,-35.28373747575669,0 148.8908631554642,-35.28365683459062,0 148.8908138357115,-35.28357645681668,0 148.890763868475,-35.28349634592143,0 148.890713255922,-35.28341650537986,0 148.890662000248,-35.28333693865523,0 148.8906101036764,-35.28325764919892,0 148.8905575684582,-35.28317864045028,0 148.8905043968723,-35.28309991583649,0 148.8904505912251,-35.2830214787724,0 148.8903961538506,-35.2829433326604,0 148.8903410871101,-35.28286548089023,0 148.8902853933922,-35.2827879268389,0 148.8902290751128,-35.28271067387047,0 148.8901721347148,-35.28263372533598,0 148.8901145746682,-35.28255708457321,0 148.8900563974696,-35.28248075490665,0 148.8899976056428,-35.28240473964725,0 148.8899382017378,-35.28232904209234,0 148.8898781883315,-35.28225366552547,0 148.8898175680271,-35.28217861321626,0 148.8897563434542,-35.28210388842027,0 148.8896945172684,-35.28202949437886,0 148.8896320921516,-35.28195543431903,0 148.8895690708117,-35.28188171145329,0 148.8895054559823,-35.28180832897954,0 148.8894412504229,-35.2817352900809,0 148.8893764569186,-35.28166259792559,0 148.8893110782798,-35.28159025566679,0 148.8892451173425,-35.28151826644252,0 148.889178576968,-35.28144663337545,0 148.8891114600426,-35.28137535957283,0 148.8890437694775,-35.28130444812633,0 148.8889755082091,-35.28123390211187,0 148.8889066791984,-35.28116372458955,0 148.8888372854308,-35.28109391860345,0 148.8887673299166,-35.2810244871816,0 148.8886968156901,-35.2809554333357,0 148.8886257458102,-35.28088676006113,0 148.8885541233597,-35.28081847033675,0 148.8884819514452,-35.28075056712476,0 148.8884092331974,-35.28068305337062,0 148.8883359717707,-35.28061593200289,0 148.8882621703429,-35.28054920593309,0 148.8881878321153,-35.28048287805564,0 148.8881129603126,-35.28041695124762,0 148.8880375581823,-35.28035142836878,0 148.8879616289953,-35.2802863122613,0 148.8878851760451,-35.28022160574974,0 148.8878082026481,-35.28015731164089,0 148.8877307121431,-35.28009343272364,0 148.8876527078916,-35.28002997176889,0 148.887574193277,-35.27996693152939,0 148.8874951717051,-35.27990431473964,0 148.8874156466037,-35.2798421241158,0 148.8873356214223,-35.2797803623555,0 148.8872550996322,-35.27971903213781,0 148.8871740847262,-35.27965813612307,0 148.8870925802185,-35.27959767695275,0 148.8870105896446,-35.27953765724943,0 148.886928116561,-35.27947807961657,0 148.886845164545,-35.27941894663849,0 148.886761737195,-35.27936026088022,0 148.8866778381298,-35.27930202488738,0 148.8865934709886,-35.27924424118607,0 148.8865086394312,-35.2791869122828,0 148.8864233471372,-35.27913004066433,0 148.8863375978064,-35.2790736287976,0 148.8862513951584,-35.27901767912959,0 148.8861647429324,-35.27896219408724,0 148.886077644887,-35.27890717607734,0 148.8859901048005,-35.2788526274864,0 148.88590212647,-35.27879855068061,0 148.8858137137117,-35.27874494800565,0 148.8857248703609,-35.27869182178667,0 148.8856356002712,-35.27863917432811,0 148.885545907315,-35.27858700791369,0 148.8854557953828,-35.27853532480625,0 148.8853652683835,-35.27848412724764,0 148.8852743302438,-35.27843341745866,0 148.8851829849085,-35.27838319763899,0 148.8850912363398,-35.278333469967,0 148.8849990885176,-35.27828423659974,0 148.8849065454388,-35.27823549967281,0 148.8848136111179,-35.2781872613003,0 148.8847202895859,-35.27813952357463,0 148.884626584891,-35.27809228856655,0 148.8845325010978,-35.27804555832498,0 148.8844380422874,-35.27799933487692,0 148.8843432125571,-35.27795362022745,0 148.8842480160205,-35.27790841635952,0 148.8841524568067,-35.27786372523396,0 148.884056539061,-35.27781954878932,0 148.883960266944,-35.27777588894188,0 148.8838636446316,-35.27773274758548,0 148.8837666763152,-35.27769012659145,0 148.8836693662009,-35.27764802780858,0 148.8835717185097,-35.277606453063,0 148.8834737374774,-35.2775654041581,0 148.883375427354,-35.27752488287447,0 148.883276792404,-35.27748489096981,0 148.8831778369059,-35.27744543017885,0 148.8830785651521,-35.2774065022133,0 148.8829789814488,-35.27736810876173,0 148.8828790901156,-35.27733025148955,0 148.8827788954854,-35.2772929320389,0 148.8826784019046,-35.2772561520286,0 148.8825776137321,-35.27721991305405,0 148.88247653534,-35.2771842166872,0 148.8823751711126,-35.27714906447647,0 148.8822735254469,-35.27711445794665,0 148.8821716027521,-35.27708039859888,0 148.8820694074491,-35.27704688791055,0 148.881966943971,-35.27701392733528,0 148.8818642167624,-35.27698151830278,0 148.8817612302792,-35.27694966221888,0 148.8816579889888,-35.2769183604654,0 148.8815544973693,-35.27688761440013,0 148.8814507599101,-35.27685742535675,0 148.881346781111,-35.27682779464476,0 148.8812425654822,-35.27679872354947,0 148.8811381175444,-35.27677021333189,0 148.8810334418282,-35.27674226522874,0 148.8809285428741,-35.27671488045231,0 148.8808234252323,-35.27668806019047,0 148.8807180934627,-35.27666180560662,0 148.8806125521341,-35.27663611783959,0 148.8805068058247,-35.27661099800368,0 148.8804008591214,-35.27658644718848,0 148.8802947166199,-35.27656246645896,0 148.8801883829244,-35.27653905685533,0 148.8800818626473,-35.27651621939302,0 148.8799751604092,-35.27649395506267,0 148.8798682808385,-35.27647226483004,0 148.8797612285713,-35.276451149636,0 148.8796540082513,-35.27643061039645,0 148.8795466245294,-35.27641064800233,0 148.8794390820636,-35.27639126331957,0 148.8793313855188,-35.27637245718899,0 148.8792235395666,-35.27635423042638,0 148.879115548885,-35.27633658382235,0 148.8790074181583,-35.27631951814236,0 148.878899152077,-35.27630303412667,0 148.8787907553373,-35.27628713249032,0 148.8786822326412,-35.27627181392307,0 148.8785735886961,-35.27625707908939,0 148.8784648282147,-35.27624292862846,0 148.8783559559146,-35.27622936315406,0 148.8782469765185,-35.27621638325463,0 148.8781378947536,-35.27620398949321,0 148.8780287153515,-35.27619218240741,0 148.8779194430482,-35.27618096250937,0 148.8778100825835,-35.27617033028579,0 148.8777006387012,-35.27616028619786,0 148.8775911161487,-35.27615083068127,0 148.8774815196767,-35.27614196414618,0 148.8773718540394,-35.27613368697718,0 148.8772621239935,-35.27612599953331,0 148.8771523342989,-35.27611890214804,0 148.8770424897181,-35.27611239512924,0 148.8769325950156,-35.27610647875915,0 148.8768226549585,-35.27610115329442,0 148.8767126743157,-35.27609641896603,0 148.8766026578577,-35.27609227597938,0 148.8764926103569,-35.27608872451415,0 148.8763825365867,-35.27608576472441,0 148.8762724413219,-35.27608339673853,0 148.876162329338,-35.27608162065923,0 148.8760522054114,-35.27608043656357,0 148.8759420743191,-35.2760798445029,0 148.875831940838,-35.2760798445029,0 148.8757218097457,-35.27608043656357,0 148.8756116858191,-35.27608162065923,0 148.8755015738352,-35.27608339673853,0 148.8753914785704,-35.27608576472441,0 148.8752814048002,-35.27608872451415,0 148.8751713572994,-35.27609227597938,0 148.8750613408414,-35.27609641896603,0 148.8749513601986,-35.27610115329442,0 148.8748414201415,-35.27610647875915,0 148.874731525439,-35.27611239512924,0 148.8746216808582,-35.27611890214804,0 148.8745118911636,-35.27612599953331,0 148.8744021611178,-35.27613368697718,0 148.8742924954803,-35.27614196414618,0 148.8741828990084,-35.27615083068127,0 148.8740733764559,-35.27616028619786,0 148.8739639325736,-35.27617033028579,0 148.8738545721089,-35.27618096250937,0 148.8737452998056,-35.27619218240741,0 148.8736361204035,-35.27620398949321,0 148.8735270386385,-35.27621638325463,0 148.8734180592425,-35.27622936315406,0 148.8733091869424,-35.27624292862846,0 148.873200426461,-35.27625707908939,0 148.8730917825158,-35.27627181392307,0 148.8729832598198,-35.27628713249032,0 148.8728748630801,-35.27630303412667,0 148.8727665969988,-35.27631951814236,0 148.8726584662721,-35.27633658382235,0 148.8725504755905,-35.27635423042638,0 148.8724426296382,-35.27637245718899,0 148.8723349330935,-35.27639126331957,0 148.8722273906277,-35.27641064800233,0 148.8721200069058,-35.27643061039645,0 148.8720127865858,-35.276451149636,0 148.8719057343187,-35.27647226483004,0 148.8717988547479,-35.27649395506267,0 148.8716921525098,-35.27651621939302,0 148.8715856322327,-35.27653905685533,0 148.8714792985372,-35.27656246645896,0 148.8713731560357,-35.27658644718848,0 148.8712672093324,-35.27661099800368,0 148.871161463023,-35.27663611783959,0 148.8710559216944,-35.27666180560662,0 148.8709505899247,-35.27668806019047,0 148.870845472283,-35.27671488045231,0 148.8707405733289,-35.27674226522874,0 148.8706358976127,-35.27677021333189,0 148.8705314496749,-35.27679872354947,0 148.8704272340461,-35.27682779464476,0 148.8703232552469,-35.27685742535675,0 148.8702195177878,-35.27688761440013,0 148.8701160261683,-35.2769183604654,0 148.8700127848779,-35.27694966221888,0 148.8699097983947,-35.27698151830278,0 148.869807071186,-35.27701392733528,0 148.869704607708,-35.27704688791055,0 148.869602412405,-35.27708039859888,0 148.8695004897102,-35.27711445794665,0 148.8693988440445,-35.27714906447647,0 148.8692974798171,-35.2771842166872,0 148.869196401425,-35.27721991305405,0 148.8690956132525,-35.2772561520286,0 148.8689951196716,-35.2772929320389,0 148.8688949250415,-35.27733025148955,0 148.8687950337083,-35.27736810876173,0 148.8686954500049,-35.2774065022133,0 148.8685961782512,-35.27744543017885,0 148.8684972227531,-35.27748489096981,0 148.8683985878031,-35.27752488287447,0 148.8683002776797,-35.2775654041581,0 148.8682022966474,-35.277606453063,0 148.8681046489562,-35.27764802780858,0 148.8680073388419,-35.27769012659145,0 148.8679103705254,-35.27773274758548,0 148.8678137482131,-35.27777588894188,0 148.8677174760961,-35.27781954878932,0 148.8676215583504,-35.27786372523396,0 148.8675259991366,-35.27790841635952,0 148.8674308026,-35.27795362022745,0 148.8673359728697,-35.27799933487692,0 148.8672415140593,-35.27804555832498,0 148.8671474302661,-35.27809228856655,0 148.8670537255712,-35.27813952357463,0 148.8669604040392,-35.2781872613003,0 148.8668674697183,-35.27823549967281,0 148.8667749266396,-35.27828423659974,0 148.8666827788173,-35.278333469967,0 148.8665910302486,-35.27838319763899,0 148.8664996849133,-35.27843341745866,0 148.8664087467736,-35.27848412724764,0 148.8663182197743,-35.27853532480625,0 148.8662281078421,-35.27858700791369,0 148.8661384148859,-35.27863917432811,0 148.8660491447962,-35.27869182178667,0 148.8659603014453,-35.27874494800565,0 148.8658718886871,-35.27879855068061,0 148.8657839103566,-35.2788526274864,0 148.8656963702701,-35.27890717607734,0 148.8656092722247,-35.27896219408724,0 148.8655226199987,-35.27901767912959,0 148.8654364173507,-35.2790736287976,0 148.8653506680199,-35.27913004066433,0 148.8652653757259,-35.2791869122828,0 148.8651805441685,-35.27924424118607,0 148.8650961770273,-35.27930202488738,0 148.8650122779621,-35.27936026088022,0 148.8649288506121,-35.27941894663849,0 148.8648458985961,-35.27947807961657,0 148.8647634255125,-35.27953765724943,0 148.8646814349385,-35.27959767695275,0 148.8645999304309,-35.27965813612307,0 148.8645189155249,-35.27971903213781,0 148.8644383937348,-35.2797803623555,0 148.8643583685534,-35.2798421241158,0 148.864278843452,-35.27990431473964,0 148.8641998218801,-35.27996693152939,0 148.8641213072655,-35.28002997176889,0 148.8640433030139,-35.28009343272364,0 148.863965812509,-35.28015731164089,0 148.863888839112,-35.28022160574974,0 148.8638123861618,-35.2802863122613,0 148.8637364569748,-35.28035142836878,0 148.8636610548446,-35.28041695124762,0 148.8635861830417,-35.28048287805564,0 148.8635118448142,-35.28054920593309,0 148.8634380433864,-35.28061593200289,0 148.8633647819597,-35.28068305337062,0 148.8632920637119,-35.28075056712476,0 148.8632198917974,-35.28081847033675,0 148.8631482693469,-35.28088676006113,0 148.863077199467,-35.2809554333357,0 148.8630066852405,-35.2810244871816,0 148.8629367297263,-35.28109391860345,0 148.8628673359588,-35.28116372458955,0 148.862798506948,-35.28123390211187,0 148.8627302456796,-35.28130444812633,0 148.8626625551145,-35.28137535957283,0 148.8625954381891,-35.28144663337545,0 148.8625288978146,-35.28151826644252,0 148.8624629368773,-35.28159025566679,0 148.8623975582385,-35.28166259792559,0 148.8623327647342,-35.2817352900809,0 148.8622685591748,-35.28180832897954,0 148.8622049443454,-35.28188171145329,0 148.8621419230055,-35.28195543431903,0 148.8620794978887,-35.28202949437886,0 148.8620176717029,-35.28210388842027,0 148.86195644713,-35.28217861321626,0 148.8618958268256,-35.28225366552547,0 148.8618358134193,-35.28232904209234,0 148.8617764095143,-35.28240473964725,0 148.8617176176874,-35.28248075490665,0 148.8616594404889,-35.28255708457321,0 148.8616018804422,-35.28263372533598,0 148.8615449400443,-35.28271067387047,0 148.8614886217649,-35.2827879268389,0 148.861432928047,-35.28286548089023,0 148.8613778613065,-35.2829433326604,0 148.861323423932,-35.2830214787724,0 148.8612696182848,-35.28309991583649,0 148.8612164466989,-35.28317864045028,0 148.8611639114807,-35.28325764919892,0 148.8611120149091,-35.28333693865523,0 148.8610607592351,-35.28341650537986,0 148.8610101466821,-35.28349634592143,0 148.8609601794456,-35.28357645681668,0 148.8609108596929,-35.28365683459062,0 148.8608621895634,-35.28373747575669,0 148.8608141711683,-35.28381837681691,0 148.8607668065905,-35.28389953426201,0 148.8607200978846,-35.28398094457161,0 148.8606740470765,-35.28406260421437,0 148.860628656164,-35.28414450964811,0 148.8605839271159,-35.28422665732,0 148.8605398618724,-35.28430904366673,0 148.8604964623449,-35.28439166511458,0 148.8604537304161,-35.28447451807968,0 148.8604116679394,-35.28455759896811,0 148.8603702767396,-35.28464090417603,0 148.8603295586119,-35.28472443008992,0 148.8602895153226,-35.28480817308665,0 148.8602501486087,-35.28489212953367,0 148.8602114601779,-35.2849762957892,0 148.8601734517082,-35.28506066820235,0 148.8601361248484,-35.28514524311327,0 148.8600994812177,-35.28523001685334,0 148.8600635224055,-35.28531498574532,0 148.8600282499716,-35.28540014610348,0 148.8599936654461,-35.28548549423383,0 148.8599597703291,-35.28557102643419,0 148.8599265660908,-35.28565673899443,0 148.8598940541718,-35.28574262819655,0 148.8598622359821,-35.28582869031494,0 148.8598311129019,-35.28591492161647,0 148.8598006862814,-35.28600131836065,0 148.8597709574403,-35.28608787679986,0 148.8597419276681,-35.2861745931794,0 148.8597135982241,-35.28626146373779,0 148.8596859703373,-35.28634848470683,0 148.8596590452059,-35.28643565231177,0 148.8596328239979,-35.28652296277153,0 148.8596073078506,-35.28661041229884,0 148.8595824978711,-35.28669799710038,0 148.8595583951354,-35.28678571337697,0 148.8595350006889,-35.28687355732372,0 148.8595123155466,-35.2869615251302,0 148.8594903406925,-35.28704961298063,0 148.8594690770796,-35.28713781705399,0 148.8594485256305,-35.28722613352425,0 148.8594286872365,-35.28731455856048,0 148.8594095627583,-35.28740308832705,0 148.8593911530253,-35.2874917189838,0 148.859373458836,-35.28758044668617,0 148.8593564809582,-35.28766926758539,0 148.8593402201281,-35.28775817782869,0 148.8593246770512,-35.28784717355937,0 148.8593098524017,-35.28793625091704,0 148.8592957468225,-35.2880254060378,0 148.8592823609257,-35.28811463505433,0 148.8592696952918,-35.28820393409613,0 148.8592577504701,-35.28829329928967,0 148.859246526979,-35.28838272675852,0 148.8592360253051,-35.28847221262359,0 148.859226245904,-35.28856175300321,0 148.8592171892,-35.28865134401339,0 148.8592088555859,-35.28874098176791,0 148.8592012454231,-35.28883066237855,0 148.8591943590418,-35.2889203819552,0 148.8591881967407,-35.28901013660609,0 148.8591827587871,-35.28909992243791,0 148.8591780454169,-35.28918973555601,0 148.8591740568345,-35.28927957206454,0 148.859170793213,-35.28936942806666,0 148.8591682546938,-35.28945929966465,0 148.8591664413872,-35.28954918296013,0 148.8591653533718,-35.28963907405423,0 148.8591649906948,-35.28972896904773,0 148.8591653533718,-35.28981886404122,0 148.8591664413872,-35.28990875513532,0 148.8591682546938,-35.28999863843081,0 148.859170793213,-35.2900885100288,0 148.8591740568345,-35.29017836603091,0 148.8591780454169,-35.29026820253944,0 148.8591827587871,-35.29035801565755,0 148.8591881967407,-35.29044780148936,0 148.8591943590418,-35.29053755614026,0 148.8592012454231,-35.29062727571691,0 148.8592088555859,-35.29071695632754,0 148.8592171892,-35.29080659408207,0 148.859226245904,-35.29089618509225,0 148.8592360253051,-35.29098572547187,0 148.859246526979,-35.29107521133694,0 148.8592577504701,-35.29116463880579,0 148.8592696952918,-35.29125400399933,0 148.8592823609257,-35.29134330304113,0 148.8592957468225,-35.29143253205766,0 148.8593098524017,-35.29152168717842,0 148.8593246770512,-35.29161076453609,0 148.8593402201281,-35.29169976026677,0 148.8593564809582,-35.29178867051007,0 148.859373458836,-35.29187749140929,0 148.8593911530253,-35.29196621911166,0 148.8594095627583,-35.29205484976841,0 148.8594286872365,-35.29214337953497,0 148.8594485256305,-35.29223180457121,0 148.8594690770796,-35.29232012104146,0 148.8594903406925,-35.29240832511483,0 148.8595123155466,-35.29249641296526,0 148.8595350006889,-35.29258438077174,0 148.8595583951354,-35.29267222471849,0 148.8595824978711,-35.29275994099508,0 148.8596073078506,-35.29284752579661,0 148.8596328239979,-35.29293497532393,0 148.8596590452059,-35.29302228578369,0 148.8596859703373,-35.29310945338863,0 148.8597135982241,-35.29319647435766,0 148.8597419276681,-35.29328334491605,0 148.8597709574403,-35.2933700612956,0 148.8598006862814,-35.2934566197348,0 148.8598311129019,-35.29354301647899,0 148.8598622359821,-35.29362924778052,0 148.8598940541718,-35.29371530989891,0 148.8599265660908,-35.29380119910103,0 148.8599597703291,-35.29388691166127,0 148.8599936654461,-35.29397244386163,0 148.8600282499716,-35.29405779199197,0 148.8600635224055,-35.29414295235014,0 148.8600994812177,-35.29422792124212,0 148.8601361248484,-35.29431269498219,0 148.8601734517082,-35.29439726989311,0 148.8602114601779,-35.29448164230626,0 148.8602501486087,-35.29456580856179,0 148.8602895153226,-35.29464976500881,0 148.8603295586119,-35.29473350800554,0 148.8603702767396,-35.29481703391943,0 148.8604116679394,-35.29490033912735,0 148.8604537304161,-35.29498342001577,0 148.8604964623449,-35.29506627298088,0 148.8605398618724,-35.29514889442873,0 148.8605839271159,-35.29523128077545,0 148.860628656164,-35.29531342844735,0 148.8606740470765,-35.29539533388109,0 148.8607200978846,-35.29547699352385,0 148.8607668065905,-35.29555840383345,0 148.8608141711683,-35.29563956127855,0 148.8608621895634,-35.29572046233876,0 148.8609108596929,-35.29580110350484,0 148.8609601794456,-35.29588148127878,0 148.8610101466821,-35.29596159217403,0 148.8610607592351,-35.2960414327156,0 148.8611120149091,-35.29612099944023,0 148.8611639114807,-35.29620028889654,0 148.8612164466989,-35.29627929764518,0 148.8612696182848,-35.29635802225896,0 148.861323423932,-35.29643645932306,0 148.8613778613065,-35.29651460543506,0 148.861432928047,-35.29659245720523,0 148.8614886217649,-35.29667001125656,0 148.8615449400443,-35.29674726422498,0 148.8616018804422,-35.29682421275948,0 148.8616594404889,-35.29690085352225,0 148.8617176176874,-35.29697718318881,0 148.8617764095143,-35.29705319844821,0 148.8618358134193,-35.29712889600312,0 148.8618958268256,-35.29720427256999,0 148.86195644713,-35.2972793248792,0 148.8620176717029,-35.29735404967519,0 148.8620794978887,-35.2974284437166,0 148.8621419230055,-35.29750250377643,0 148.8622049443454,-35.29757622664216,0 148.8622685591748,-35.29764960911591,0 148.8623327647342,-35.29772264801456,0 148.8623975582385,-35.29779534016987,0 148.8624629368773,-35.29786768242867,0 148.8625288978146,-35.29793967165294,0 148.8625954381891,-35.29801130472001,0 148.8626625551145,-35.29808257852262,0 148.8627302456796,-35.29815348996913,0 148.862798506948,-35.29822403598359,0 148.8628673359588,-35.29829421350591,0 148.8629367297263,-35.29836401949201,0 148.8630066852405,-35.29843345091386,0 148.863077199467,-35.29850250475976,0 148.8631482693469,-35.29857117803432,0 148.8632198917974,-35.29863946775871,0 148.8632920637119,-35.2987073709707,0 148.8633647819597,-35.29877488472484,0 148.8634380433864,-35.29884200609257,0 148.8635118448142,-35.29890873216237,0 148.8635861830417,-35.29897506003982,0 148.8636610548446,-35.29904098684784,0 148.8637364569748,-35.29910650972668,0 148.8638123861618,-35.29917162583416,0 148.863888839112,-35.29923633234572,0 148.863965812509,-35.29930062645457,0 148.8640433030139,-35.29936450537181,0 148.8641213072655,-35.29942796632657,0 148.8641998218801,-35.29949100656607,0 148.864278843452,-35.29955362335582,0 148.8643583685534,-35.29961581397966,0 148.8644383937348,-35.29967757573996,0 148.8645189155249,-35.29973890595765,0 148.8645999304309,-35.29979980197239,0 148.8646814349385,-35.2998602611427,0 148.8647634255125,-35.29992028084603,0 148.8648458985961,-35.29997985847888,0 148.8649288506121,-35.30003899145697,0 148.8650122779621,-35.30009767721523,0 148.8650961770273,-35.30015591320808,0 148.8651805441685,-35.30021369690938,0 148.8652653757259,-35.30027102581266,0 148.8653506680199,-35.30032789743112,0 148.8654364173507,-35.30038430929785,0 148.8655226199987,-35.30044025896586,0 148.8656092722247,-35.30049574400822,0 148.8656963702701,-35.30055076201812,0 148.8657839103566,-35.30060531060906,0 148.8658718886871,-35.30065938741485,0 148.8659603014453,-35.30071299008981,0 148.8660491447962,-35.30076611630879,0 148.8661384148859,-35.30081876376735,0 148.8662281078421,-35.30087093018177,0 148.8663182197743,-35.30092261328921,0 148.8664087467736,-35.30097381084782,0 148.8664996849133,-35.30102452063679,0 148.8665910302486,-35.30107474045646,0 148.8666827788173,-35.30112446812846,0 148.8667749266396,-35.30117370149572,0 148.8668674697183,-35.30122243842265,0 148.8669604040392,-35.30127067679516,0 148.8670537255712,-35.30131841452083,0 148.8671474302661,-35.3013656495289,0 148.8672415140593,-35.30141237977048,0 148.8673359728697,-35.30145860321853,0 148.8674308026,-35.30150431786801,0 148.8675259991366,-35.30154952173594,0 148.8676215583504,-35.3015942128615,0 148.8677174760961,-35.30163838930613,0 148.8678137482131,-35.30168204915357,0 148.8679103705254,-35.30172519050998,0 148.8680073388419,-35.30176781150401,0 148.8681046489562,-35.30180991028688,0 148.8682022966474,-35.30185148503245,0 148.8683002776797,-35.30189253393736,0 148.8683985878031,-35.30193305522099,0 148.8684972227531,-35.30197304712565,0 148.8685961782512,-35.30201250791661,0 148.8686954500049,-35.30205143588216,0 148.8687950337083,-35.30208982933373,0 148.8688949250415,-35.30212768660591,0 148.8689951196716,-35.30216500605655,0 148.8690956132525,-35.30220178606686,0 148.869196401425,-35.3022380250414,0 148.8692974798171,-35.30227372140826,0 148.8693988440445,-35.30230887361899,0 148.8695004897102,-35.30234348014881,0 148.869602412405,-35.30237753949658,0 148.869704607708,-35.30241105018491,0 148.869807071186,-35.30244401076018,0 148.8699097983947,-35.30247641979268,0 148.8700127848779,-35.30250827587658,0 148.8701160261683,-35.30253957763006,0 148.8702195177878,-35.30257032369533,0 148.8703232552469,-35.30260051273871,0 148.8704272340461,-35.3026301434507,0 148.8705314496749,-35.30265921454599,0 148.8706358976127,-35.30268772476356,0 148.8707405733289,-35.30271567286671,0 148.870845472283,-35.30274305764315,0 148.8709505899247,-35.30276987790499,0 148.8710559216944,-35.30279613248884,0 148.871161463023,-35.30282182025586,0 148.8712672093324,-35.30284694009178,0 148.8713731560357,-35.30287149090697,0 148.8714792985372,-35.3028954716365,0 148.8715856322327,-35.30291888124013,0 148.8716921525098,-35.30294171870244,0 148.8717988547479,-35.30296398303278,0 148.8719057343187,-35.30298567326541,0 148.8720127865858,-35.30300678845946,0 148.8721200069058,-35.30302732769901,0 148.8722273906277,-35.30304729009313,0 148.8723349330935,-35.30306667477589,0 148.8724426296382,-35.30308548090647,0 148.8725504755905,-35.30310370766908,0 148.8726584662721,-35.30312135427311,0 148.8727665969988,-35.3031384199531,0 148.8728748630801,-35.30315490396879,0 148.8729832598198,-35.30317080560514,0 148.8730917825158,-35.30318612417239,0 148.873200426461,-35.30320085900607,0 148.8733091869424,-35.303215009467,0 148.8734180592425,-35.3032285749414,0 148.8735270386385,-35.30324155484082,0 148.8736361204035,-35.30325394860225,0 148.8737452998056,-35.30326575568805,0 148.8738545721089,-35.30327697558609,0 148.8739639325736,-35.30328760780966,0 148.8740733764559,-35.30329765189759,0 148.8741828990084,-35.30330710741418,0 148.8742924954803,-35.30331597394928,0 148.8744021611178,-35.30332425111828,0 148.8745118911636,-35.30333193856215,0 148.8746216808582,-35.30333903594742,0 148.874731525439,-35.30334554296622,0 148.8748414201415,-35.30335145933631,0 148.8749513601986,-35.30335678480104,0 148.8750613408414,-35.30336151912942,0 148.8751713572994,-35.30336566211608,0 148.8752814048002,-35.30336921358131,0 148.8753914785704,-35.30337217337105,0 148.8755015738352,-35.30337454135693,0 148.8756116858191,-35.30337631743622,0 148.8757218097457,-35.30337750153188,0 148.875831940838,-35.30337809359256,0 148.8759420743191,-35.30337809359256,0 148.8760522054114,-35.30337750153188,0 148.876162329338,-35.30337631743622,0 148.8762724413219,-35.30337454135693,0 148.8763825365867,-35.30337217337105,0 148.8764926103569,-35.30336921358131,0 148.8766026578577,-35.30336566211608,0 148.8767126743157,-35.30336151912942,0 148.8768226549585,-35.30335678480104,0 148.8769325950156,-35.30335145933631,0 148.8770424897181,-35.30334554296622,0 148.8771523342989,-35.30333903594742,0 148.8772621239935,-35.30333193856215,0 148.8773718540394,-35.30332425111828,0 148.8774815196767,-35.30331597394928,0 148.8775911161487,-35.30330710741418,0 148.8777006387012,-35.30329765189759,0 148.8778100825835,-35.30328760780966,0 148.8779194430482,-35.30327697558609,0 148.8780287153515,-35.30326575568805,0 148.8781378947536,-35.30325394860225,0 148.8782469765185,-35.30324155484082,0 148.8783559559146,-35.3032285749414,0 148.8784648282147,-35.303215009467,0 148.8785735886961,-35.30320085900607,0 148.8786822326412,-35.30318612417239,0 148.8787907553373,-35.30317080560514,0 148.878899152077,-35.30315490396879,0 148.8790074181583,-35.3031384199531,0 148.879115548885,-35.30312135427311,0 148.8792235395666,-35.30310370766908,0 148.8793313855188,-35.30308548090647,0 148.8794390820636,-35.30306667477589,0 148.8795466245294,-35.30304729009313,0 148.8796540082513,-35.30302732769901,0 148.8797612285713,-35.30300678845946,0 148.8798682808385,-35.30298567326541,0 148.8799751604092,-35.30296398303278,0 148.8800818626473,-35.30294171870244,0 148.8801883829244,-35.30291888124013,0 148.8802947166199,-35.3028954716365,0 148.8804008591214,-35.30287149090697,0 148.8805068058247,-35.30284694009178,0 148.8806125521341,-35.30282182025586,0 148.8807180934627,-35.30279613248884,0 148.8808234252323,-35.30276987790499,0 148.8809285428741,-35.30274305764315,0 148.8810334418282,-35.30271567286671,0 148.8811381175444,-35.30268772476356,0 148.8812425654822,-35.30265921454599,0 148.881346781111,-35.3026301434507,0 148.8814507599101,-35.30260051273871,0 148.8815544973693,-35.30257032369533,0 148.8816579889888,-35.30253957763006,0 148.8817612302792,-35.30250827587658,0 148.8818642167624,-35.30247641979268,0 148.881966943971,-35.30244401076018,0 148.8820694074491,-35.30241105018491,0 148.8821716027521,-35.30237753949658,0 148.8822735254469,-35.30234348014881,0 148.8823751711126,-35.30230887361899,0 148.88247653534,-35.30227372140826,0 148.8825776137321,-35.3022380250414,0 148.8826784019046,-35.30220178606686,0 148.8827788954854,-35.30216500605655,0 148.8828790901156,-35.30212768660591,0 148.8829789814488,-35.30208982933373,0 148.8830785651521,-35.30205143588216,0 148.8831778369059,-35.30201250791661,0 148.883276792404,-35.30197304712565,0 148.883375427354,-35.30193305522099,0 148.8834737374774,-35.30189253393736,0 148.8835717185097,-35.30185148503245,0 148.8836693662009,-35.30180991028688,0 148.8837666763152,-35.30176781150401,0 148.8838636446316,-35.30172519050998,0 148.883960266944,-35.30168204915357,0 148.884056539061,-35.30163838930613,0 148.8841524568067,-35.3015942128615,0 148.8842480160205,-35.30154952173594,0 148.8843432125571,-35.30150431786801,0 148.8844380422874,-35.30145860321853,0 148.8845325010978,-35.30141237977048,0 148.884626584891,-35.3013656495289,0 148.8847202895859,-35.30131841452083,0 148.8848136111179,-35.30127067679516,0 148.8849065454388,-35.30122243842265,0 148.8849990885176,-35.30117370149572,0 148.8850912363398,-35.30112446812846,0 148.8851829849085,-35.30107474045646,0 148.8852743302438,-35.30102452063679,0 148.8853652683835,-35.30097381084782,0 148.8854557953828,-35.30092261328921,0 148.885545907315,-35.30087093018177,0 148.8856356002712,-35.30081876376735,0 148.8857248703609,-35.30076611630879,0 148.8858137137117,-35.30071299008981,0 148.88590212647,-35.30065938741485,0 148.8859901048005,-35.30060531060906,0 148.886077644887,-35.30055076201812,0 148.8861647429324,-35.30049574400822,0 148.8862513951584,-35.30044025896586,0 148.8863375978064,-35.30038430929785,0 148.8864233471372,-35.30032789743112,0 148.8865086394312,-35.30027102581266,0 148.8865934709886,-35.30021369690938,0 148.8866778381298,-35.30015591320808,0 148.886761737195,-35.30009767721523,0 148.886845164545,-35.30003899145697,0 148.886928116561,-35.29997985847888,0 148.8870105896446,-35.29992028084603,0 148.8870925802185,-35.2998602611427,0 148.8871740847262,-35.29979980197239,0 148.8872550996322,-35.29973890595765,0 148.8873356214223,-35.29967757573996,0 148.8874156466037,-35.29961581397966,0 148.8874951717051,-35.29955362335582,0 148.887574193277,-35.29949100656607,0 148.8876527078916,-35.29942796632657,0 148.8877307121431,-35.29936450537181,0 148.8878082026481,-35.29930062645457,0 148.8878851760451,-35.29923633234572,0 148.8879616289953,-35.29917162583416,0 148.8880375581823,-35.29910650972668,0 148.8881129603126,-35.29904098684784,0 148.8881878321153,-35.29897506003982,0 148.8882621703429,-35.29890873216237,0 148.8883359717707,-35.29884200609257,0 148.8884092331974,-35.29877488472484,0 148.8884819514452,-35.2987073709707,0 148.8885541233597,-35.29863946775871,0 148.8886257458102,-35.29857117803432,0 148.8886968156901,-35.29850250475976,0 148.8887673299166,-35.29843345091386,0 148.8888372854308,-35.29836401949201,0 148.8889066791984,-35.29829421350591,0 148.8889755082091,-35.29822403598359,0 148.8890437694775,-35.29815348996913,0 148.8891114600426,-35.29808257852262,0 148.889178576968,-35.29801130472001,0 148.8892451173425,-35.29793967165294,0 148.8893110782798,-35.29786768242867,0 148.8893764569186,-35.29779534016987,0 148.8894412504229,-35.29772264801456,0 148.8895054559823,-35.29764960911591,0 148.8895690708117,-35.29757622664216,0 148.8896320921516,-35.29750250377643,0 148.8896945172684,-35.2974284437166,0 148.8897563434542,-35.29735404967519,0 148.8898175680271,-35.2972793248792,0 148.8898781883315,-35.29720427256999,0 148.8899382017378,-35.29712889600312,0 148.8899976056428,-35.29705319844821,0 148.8900563974696,-35.29697718318881,0 148.8901145746682,-35.29690085352225,0 148.8901721347148,-35.29682421275948,0 148.8902290751128,-35.29674726422498,0 148.8902853933922,-35.29667001125656,0 148.8903410871101,-35.29659245720523,0 148.8903961538506,-35.29651460543506,0 148.8904505912251,-35.29643645932306,0 148.8905043968723,-35.29635802225896,0 148.8905575684582,-35.29627929764518,0 148.8906101036764,-35.29620028889654,0 148.890662000248,-35.29612099944023,0 148.890713255922,-35.2960414327156,0 148.890763868475,-35.29596159217403,0 148.8908138357115,-35.29588148127878,0 148.8908631554642,-35.29580110350484,0 148.8909118255937,-35.29572046233876,0 148.8909598439888,-35.29563956127855,0 148.8910072085666,-35.29555840383345,0 148.8910539172725,-35.29547699352385,0 148.8910999680805,-35.29539533388109,0 148.8911453589931,-35.29531342844735,0 148.8911900880412,-35.29523128077545,0 148.8912341532847,-35.29514889442873,0 148.8912775528122,-35.29506627298088,0 148.891320284741,-35.29498342001577,0 148.8913623472176,-35.29490033912735,0 148.8914037384175,-35.29481703391943,0 148.8914444565452,-35.29473350800554,0 148.8914844998345,-35.29464976500881,0 148.8915238665484,-35.29456580856179,0 148.8915625549793,-35.29448164230626,0 148.8916005634489,-35.29439726989311,0 148.8916378903087,-35.29431269498219,0 148.8916745339394,-35.29422792124212,0 148.8917104927516,-35.29414295235014,0 148.8917457651855,-35.29405779199197,0 148.891780349711,-35.29397244386163,0 148.891814244828,-35.29388691166127,0 148.8918474490662,-35.29380119910103,0 148.8918799609853,-35.29371530989891,0 148.891911779175,-35.29362924778052,0 148.8919429022552,-35.29354301647899,0 148.8919733288757,-35.2934566197348,0 148.8920030577168,-35.2933700612956,0 148.892032087489,-35.29328334491605,0 148.8920604169329,-35.29319647435766,0 148.8920880448198,-35.29310945338863,0 148.8921149699512,-35.29302228578369,0 148.8921411911593,-35.29293497532393,0 148.8921667073064,-35.29284752579661,0 148.892191517286,-35.29275994099508,0 148.8922156200217,-35.29267222471849,0 148.8922390144682,-35.29258438077174,0 148.8922616996105,-35.29249641296526,0 148.8922836744646,-35.29240832511483,0 148.8923049380774,-35.29232012104146,0 148.8923254895266,-35.29223180457121,0 148.8923453279205,-35.29214337953497,0 148.8923644523988,-35.29205484976841,0 148.8923828621319,-35.29196621911166,0 148.892400556321,-35.29187749140929,0 148.8924175341989,-35.29178867051007,0 148.8924337950289,-35.29169976026677,0 148.8924493381058,-35.29161076453609,0 148.8924641627554,-35.29152168717842,0 148.8924782683345,-35.29143253205766,0 148.8924916542314,-35.29134330304113,0 148.8925043198653,-35.29125400399933,0 148.8925162646869,-35.29116463880579,0 148.8925274881781,-35.29107521133694,0 148.892537989852,-35.29098572547187,0 148.892547769253,-35.29089618509225,0 148.8925568259571,-35.29080659408207,0 148.8925651595712,-35.29071695632754,0 148.892572769734,-35.29062727571691,0 148.8925796561153,-35.29053755614026,0 148.8925858184164,-35.29044780148936,0 148.89259125637,-35.29035801565755,0 148.8925959697402,-35.29026820253944,0 148.8925999583226,-35.29017836603091,0 148.8926032219441,-35.2900885100288,0 148.8926057604633,-35.28999863843081,0 148.8926075737699,-35.28990875513532,0 148.8926086617853,-35.28981886404122,0 
						</coordinates>
					</LinearRing>
				</outerBoundaryIs>
			</Polygon>
		</Placemark>
	</Folder>
</Document>
</kml>
